Year,Month,Day,Hour,Temp,Humi,WS,WD,Solar
2016,1,1,8,1.5,58,6.4,340,0.04
2016,1,1,9,2.6,53,5.1,340,0.48
2016,1,1,10,3.7,46,5.4,340,1.15
2016,1,1,11,6.4,40,3.4,340,1.63
2016,1,1,12,8.4,37,1.9,290,1.85
2016,1,1,13,9.2,36,4.9,250,1.80
2016,1,1,14,10.2,36,3.6,290,1.72
2016,1,1,15,10.3,38,4.1,250,1.51
2016,1,1,16,9.1,40,3.6,250,0.94
2016,1,1,17,7.7,45,3.5,250,0.31
2016,1,1,18,6.5,49,4.4,270,0.01
2016,1,2,8,4.9,60,3.6,340,0.01
2016,1,2,9,6.4,55,1.3,250,0.31
2016,1,2,10,8.1,58,2.8,270,0.56
2016,1,2,11,10.9,54,3.8,250,1.28
2016,1,2,12,9.7,56,5.2,250,0.95
2016,1,2,13,10.3,58,5.0,270,0.99
2016,1,2,14,11.1,58,5.1,250,1.16
2016,1,2,15,11.4,57,5.9,250,0.79
2016,1,2,16,11.2,59,4.8,270,0.59
2016,1,2,17,10.5,63,3.1,270,0.21
2016,1,2,18,9.5,63,1.2,270,0.01
2016,1,3,8,8.0,76,1.2,270,0.05
2016,1,3,9,10.7,66,2.0,290,0.53
2016,1,3,10,12.9,59,1.5,360,1.00
2016,1,3,11,13.4,58,1.6,160,1.03
2016,1,3,12,15.4,53,3.9,200,1.73
2016,1,3,13,16.1,47,3.4,250,1.80
2016,1,3,14,14.9,52,4.5,250,1.33
2016,1,3,15,15.2,61,4.8,200,1.37
2016,1,3,16,14.1,66,4.0,200,0.86
2016,1,3,17,13.1,69,2.4,230,0.31
2016,1,3,18,11.6,73,2.1,270,0.01
2016,1,4,8,8.1,65,2.7,320,0.01
2016,1,4,9,9.1,63,1.2,340,0.32
2016,1,4,10,11.6,57,1.2,200,0.78
2016,1,4,11,12.8,52,2.3,290,1.21
2016,1,4,12,13.8,47,1.4,360,1.50
2016,1,4,13,14.5,39,2.2,20,1.57
2016,1,4,14,14.9,37,3.0,270,1.60
2016,1,4,15,14.5,34,3.4,290,1.28
2016,1,4,16,13.8,30,2.5,290,0.78
2016,1,4,17,12.5,33,1.2,290,0.28
2016,1,4,18,10.6,36,2.2,340,0.01
2016,1,5,8,6.2,28,1.0,230,0.00
2016,1,5,9,6.2,30,1.3,230,0.05
2016,1,5,10,6.0,32,4.5,290,0.15
2016,1,5,11,6.3,35,2.1,70,0.21
2016,1,5,12,4.8,54,2.6,360,0.26
2016,1,5,13,3.6,84,2.9,290,0.23
2016,1,5,14,4.3,71,4.1,360,0.32
2016,1,5,15,5.2,65,3.9,340,0.44
2016,1,5,16,5.5,60,3.9,290,0.36
2016,1,5,17,5.6,59,1.6,320,0.16
2016,1,5,18,5.0,57,3.8,360,0.01
2016,1,6,8,1.9,31,4.0,290,0.01
2016,1,6,9,1.9,36,6.1,290,0.26
2016,1,6,10,4.3,32,2.4,180,0.56
2016,1,6,11,6.4,34,2.6,140,1.25
2016,1,6,12,7.0,35,2.3,90,1.50
2016,1,6,13,7.6,37,3.0,360,1.61
2016,1,6,14,8.5,35,2.4,20,1.61
2016,1,6,15,8.2,36,2.1,70,0.83
2016,1,6,16,8.3,36,1.4,340,0.80
2016,1,6,17,7.4,36,1.4,320,0.36
2016,1,6,18,5.8,38,2.0,360,0.01
2016,1,7,8,1.4,56,1.6,340,0.02
2016,1,7,9,2.9,54,1.7,20,0.45
2016,1,7,10,4.3,51,3.1,360,1.07
2016,1,7,11,4.9,48,4.1,290,1.56
2016,1,7,12,6.4,44,2.5,340,1.74
2016,1,7,13,7.1,37,2.6,340,1.88
2016,1,7,14,7.8,32,3.8,270,1.81
2016,1,7,15,8.0,31,2.9,290,1.42
2016,1,7,16,6.6,36,3.4,360,0.91
2016,1,7,17,5.8,37,2.8,360,0.23
2016,1,7,18,4.9,40,1.5,340,0.02
2016,1,8,8,-0.4,52,1.9,160,0.01
2016,1,8,9,1.2,49,5.2,270,0.47
2016,1,8,10,2.4,48,3.6,290,1.09
2016,1,8,11,3.3,46,4.7,290,1.57
2016,1,8,12,4.5,43,3.3,290,1.78
2016,1,8,13,5.5,37,3.5,320,1.91
2016,1,8,14,5.7,37,3.0,340,1.85
2016,1,8,15,6.1,35,3.5,360,1.50
2016,1,8,16,6.1,33,4.2,340,1.01
2016,1,8,17,5.6,31,2.5,320,0.40
2016,1,8,18,4.2,32,2.4,340,0.01
2016,1,9,8,-0.2,53,1.5,320,0.03
2016,1,9,9,2.1,46,1.0,290,0.46
2016,1,9,10,4.0,42,4.1,230,1.06
2016,1,9,11,6.3,43,3.1,270,1.55
2016,1,9,12,7.3,40,3.2,290,1.76
2016,1,9,13,8.3,38,3.0,270,1.87
2016,1,9,14,8.7,39,4.1,250,1.78
2016,1,9,15,8.9,37,3.4,250,1.46
2016,1,9,16,7.9,39,4.5,250,0.98
2016,1,9,17,6.8,43,4.4,250,0.40
2016,1,9,18,5.8,48,4.2,250,0.01
2016,1,10,8,0.7,57,1.2,340,0.01
2016,1,10,9,2.9,50,1.1,360,0.38
2016,1,10,10,5.5,46,1.3,90,0.93
2016,1,10,11,6.5,45,4.4,360,1.45
2016,1,10,12,8.3,38,1.9,320,1.71
2016,1,10,13,9.0,35,2.2,360,1.83
2016,1,10,14,8.6,37,2.2,360,1.69
2016,1,10,15,9.8,35,2.1,270,1.42
2016,1,10,16,9.0,36,2.6,230,0.92
2016,1,10,17,7.4,39,3.2,250,0.36
2016,1,10,18,5.8,44,2.1,290,0.01
2016,1,11,8,2.2,28,3.1,20,0.01
2016,1,11,9,2.3,26,2.9,320,0.14
2016,1,11,10,3.6,25,2.8,360,0.73
2016,1,11,11,6.4,22,1.5,290,1.34
2016,1,11,12,6.6,20,3.1,340,1.64
2016,1,11,13,8.6,20,1.7,320,1.86
2016,1,11,14,8.8,20,3.1,290,1.82
2016,1,11,15,9.9,19,1.7,320,1.51
2016,1,11,16,8.7,21,1.9,340,0.97
2016,1,11,17,6.6,22,3.7,340,0.27
2016,1,11,18,5.8,22,3.6,340,0.01
2016,1,12,8,-0.8,34,7.1,340,0.03
2016,1,12,9,0.9,30,4.1,340,0.48
2016,1,12,10,2.2,29,3.5,340,1.13
2016,1,12,11,2.6,27,4.8,360,1.47
2016,1,12,12,4.9,22,4.4,340,1.87
2016,1,12,13,6.7,19,3.0,320,2.00
2016,1,12,14,7.6,16,4.4,290,1.93
2016,1,12,15,7.9,16,3.5,290,1.61
2016,1,12,16,7.6,16,2.0,320,1.11
2016,1,12,17,6.1,16,2.4,320,0.48
2016,1,12,18,4.1,20,2.4,360,0.01
2016,1,13,8,-1.7,52,1.2,250,0.03
2016,1,13,9,-0.2,52,4.4,290,0.49
2016,1,13,10,1.4,49,3.0,250,1.10
2016,1,13,11,2.2,47,5.2,270,1.59
2016,1,13,12,4.1,44,4.4,290,1.84
2016,1,13,13,5.0,41,4.2,290,1.92
2016,1,13,14,5.7,39,2.8,340,1.88
2016,1,13,15,5.8,39,2.2,340,1.43
2016,1,13,16,5.5,39,1.9,290,0.93
2016,1,13,17,5.0,39,3.5,290,0.47
2016,1,13,18,3.3,42,1.9,20,0.01
2016,1,14,8,0.4,55,2.6,290,0.03
2016,1,14,9,2.5,52,3.4,270,0.46
2016,1,14,10,4.4,50,2.9,270,1.06
2016,1,14,11,5.5,45,3.3,270,1.57
2016,1,14,12,6.0,45,3.6,360,1.91
2016,1,14,13,6.9,44,3.1,320,1.87
2016,1,14,14,7.3,41,2.8,360,1.82
2016,1,14,15,7.2,39,4.1,250,1.46
2016,1,14,16,6.3,43,1.6,320,0.92
2016,1,14,17,5.1,46,2.1,270,0.30
2016,1,14,18,3.3,51,2.1,340,0.03
2016,1,15,8,0.3,53,1.2,50,0.02
2016,1,15,9,2.4,49,0.7,140,0.33
2016,1,15,10,5.2,43,1.3,50,0.81
2016,1,15,11,7.3,42,1.4,140,1.33
2016,1,15,12,8.9,39,2.3,270,1.60
2016,1,15,13,10.0,35,1.1,20,1.68
2016,1,15,14,9.5,36,3.0,360,1.69
2016,1,15,15,10.1,34,1.2,360,1.39
2016,1,15,16,9.1,34,2.1,250,0.94
2016,1,15,17,7.3,40,1.2,290,0.33
2016,1,15,18,5.5,44,2.5,320,0.02
2016,1,16,8,3.5,52,1.1,270,0.00
2016,1,16,9,4.5,49,0.4,0,0.14
2016,1,16,10,6.0,45,1.7,50,0.30
2016,1,16,11,7.3,43,2.2,50,0.59
2016,1,16,12,7.5,47,1.6,50,0.36
2016,1,16,13,8.2,49,1.5,50,0.67
2016,1,16,14,9.5,47,1.2,20,0.90
2016,1,16,15,9.8,48,1.1,360,1.18
2016,1,16,16,8.5,49,1.3,340,0.42
2016,1,16,17,8.0,49,1.2,360,0.20
2016,1,16,18,7.3,50,1.6,20,0.02
2016,1,17,8,6.2,64,3.9,50,0.00
2016,1,17,9,6.9,64,2.9,50,0.04
2016,1,17,10,7.7,65,3.6,50,0.09
2016,1,17,11,7.9,66,2.6,50,0.16
2016,1,17,12,9.1,65,3.0,50,0.29
2016,1,17,13,10.1,65,3.7,50,0.59
2016,1,17,14,9.8,70,3.6,50,0.38
2016,1,17,15,7.0,94,3.1,50,0.09
2016,1,17,16,7.1,93,3.4,50,0.06
2016,1,17,17,6.7,96,3.4,50,0.03
2016,1,17,18,6.3,96,3.4,50,0.00
2016,1,18,8,4.1,71,2.6,320,0.02
2016,1,18,9,4.6,68,6.8,290,0.34
2016,1,18,10,5.1,67,5.4,320,0.75
2016,1,18,11,6.7,56,5.2,270,1.46
2016,1,18,12,6.3,46,5.7,290,1.83
2016,1,18,13,6.2,36,9.1,290,2.00
2016,1,18,14,6.2,43,5.7,290,1.99
2016,1,18,15,5.0,41,5.8,290,1.32
2016,1,18,16,3.9,38,6.6,270,1.07
2016,1,18,17,1.8,38,7.2,290,0.58
2016,1,18,18,-0.3,41,7.9,270,0.05
2016,1,19,8,-5.2,43,5.7,290,0.03
2016,1,19,9,-4.3,39,9.8,290,0.57
2016,1,19,10,-3.5,36,10.3,290,1.23
2016,1,19,11,-2.4,35,8.9,290,1.74
2016,1,19,12,-0.9,33,6.4,290,1.97
2016,1,19,13,-0.4,32,8.3,270,2.06
2016,1,19,14,0.4,31,7.5,270,2.11
2016,1,19,15,0.4,28,5.8,320,1.72
2016,1,19,16,-0.7,29,10.1,290,1.20
2016,1,19,17,-1.7,32,10.1,290,0.57
2016,1,19,18,-2.8,34,7.7,270,0.05
2016,1,20,8,-6.1,49,3.6,140,0.04
2016,1,20,9,-4.4,44,2.5,270,0.53
2016,1,20,10,-2.8,40,3.1,20,1.19
2016,1,20,11,-1.3,34,2.3,160,1.74
2016,1,20,12,-0.5,35,4.3,290,1.99
2016,1,20,13,1.1,31,4.2,290,2.00
2016,1,20,14,1.5,30,4.4,20,1.73
2016,1,20,15,1.7,29,2.3,360,1.10
2016,1,20,16,0.9,29,4.4,290,0.56
2016,1,20,17,0.5,30,3.4,320,0.17
2016,1,20,18,-0.2,29,5.7,340,0.04
2016,1,21,8,-2.8,31,3.7,340,0.03
2016,1,21,9,-2.4,35,6.4,340,0.37
2016,1,21,10,-0.7,24,6.0,340,0.49
2016,1,21,11,-0.6,27,4.8,360,0.55
2016,1,21,12,-0.9,30,6.5,340,0.54
2016,1,21,13,0.8,29,4.8,320,0.77
2016,1,21,14,1.5,26,3.6,320,1.03
2016,1,21,15,2.4,27,1.6,270,0.78
2016,1,21,16,2.4,32,2.4,360,0.94
2016,1,21,17,2.1,34,2.0,340,0.38
2016,1,21,18,1.2,36,3.3,320,0.05
2016,1,22,8,-2.0,27,5.4,360,0.05
2016,1,22,9,-1.4,28,6.7,360,0.56
2016,1,22,10,-0.5,25,8.5,340,1.12
2016,1,22,11,2.0,22,5.5,340,1.73
2016,1,22,12,4.0,19,4.9,360,1.96
2016,1,22,13,5.1,18,4.1,320,2.04
2016,1,22,14,5.6,18,4.9,360,2.01
2016,1,22,15,6.4,18,2.5,340,1.42
2016,1,22,16,4.9,18,4.1,360,0.88
2016,1,22,17,3.8,17,5.0,340,0.33
2016,1,22,18,2.7,19,4.6,340,0.04
2016,1,23,8,-2.6,43,4.2,20,0.01
2016,1,23,9,-2.3,40,2.7,110,0.11
2016,1,23,10,-2.1,36,2.5,140,6.00
2016,1,23,11,-1.6,35,1.8,160,0.49
2016,1,23,12,-1.2,35,2.9,360,0.84
2016,1,23,13,-0.1,34,2.3,50,1.40
2016,1,23,14,0.7,31,3.4,320,1.70
2016,1,23,15,0.7,31,3.3,360,1.50
2016,1,23,16,-0.3,29,3.8,340,1.02
2016,1,23,17,-1.4,29,3.0,360,0.49
2016,1,23,18,-3.0,29,2.7,360,0.06
2016,1,24,8,-9.8,68,1.8,320,0.04
2016,1,24,9,-8.9,60,4.1,290,0.58
2016,1,24,10,-7.5,51,4.9,290,1.24
2016,1,24,11,-6.3,39,4.6,290,1.76
2016,1,24,12,-5.9,41,5.4,290,2.00
2016,1,24,13,-4.6,34,4.2,290,1.94
2016,1,24,14,-4.8,29,4.2,320,2.15
2016,1,24,15,-4.5,27,6.9,290,1.74
2016,1,24,16,-5.2,26,6.2,360,1.26
2016,1,24,17,-5.9,27,4.4,360,0.62
2016,1,24,18,-7.1,29,5.1,360,0.07
2016,1,25,8,-6.6,55,2.4,180,0.05
2016,1,25,9,-4.7,49,2.8,340,0.55
2016,1,25,10,-3.1,47,2.7,270,1.21
2016,1,25,11,-2.1,43,3.3,290,1.73
2016,1,25,12,-0.5,40,3.2,270,2.06
2016,1,25,13,0.1,37,4.2,320,2.16
2016,1,25,14,1.4,35,3.9,270,2.08
2016,1,25,15,2.1,33,3.8,320,1.75
2016,1,25,16,1.9,34,2.3,290,1.24
2016,1,25,17,1.8,35,1.9,270,0.60
2016,1,25,18,-0.1,39,2.1,270,0.07
2016,1,26,8,-3.5,60,2.2,320,0.05
2016,1,26,9,-0.9,54,3.3,230,0.56
2016,1,26,10,1.3,53,4.9,250,1.19
2016,1,26,11,3.9,49,3.5,270,1.71
2016,1,26,12,4.6,45,6.0,250,2.03
2016,1,26,13,6.1,41,4.6,250,2.10
2016,1,26,14,7.1,39,5.2,250,2.00
2016,1,26,15,6.4,46,7.6,250,1.68
2016,1,26,16,6.2,44,6.6,250,1.15
2016,1,26,17,5.5,46,5.1,270,0.54
2016,1,26,18,3.9,40,3.8,290,0.08
2016,1,27,8,1.3,67,3.7,270,0.05
2016,1,27,9,3.5,53,3.4,250,0.50
2016,1,27,10,5.5,46,1.8,250,1.03
2016,1,27,11,7.1,41,2.4,340,1.51
2016,1,27,12,7.2,41,2.8,340,1.77
2016,1,27,13,7.6,38,4.2,250,1.36
2016,1,27,14,8.7,38,3.9,250,1.74
2016,1,27,15,8.6,39,5.0,270,1.70
2016,1,27,16,8.1,39,4.5,250,1.03
2016,1,27,17,7.5,43,4.3,250,0.53
2016,1,27,18,6.1,48,4.1,250,0.06
2016,1,28,8,5.0,49,0.9,20,0.00
2016,1,28,9,5.5,51,0.9,110,0.04
2016,1,28,10,5.4,56,0.5,20,0.11
2016,1,28,11,5.6,59,0.0,0,0.14
2016,1,28,12,5.9,54,0.8,90,0.19
2016,1,28,13,5.7,64,2.1,20,0.24
2016,1,28,14,4.8,70,2.5,50,0.20
2016,1,28,15,4.2,82,3.6,20,0.17
2016,1,28,16,3.5,92,3.1,50,0.13
2016,1,28,17,3.2,95,3.2,50,0.05
2016,1,28,18,2.7,94,4.0,50,0.00
2016,1,29,8,4.1,96,4.5,50,0.00
2016,1,29,9,4.1,95,5.2,50,0.08
2016,1,29,10,4.1,94,4.6,50,0.19
2016,1,29,11,4.2,94,5.0,50,0.27
2016,1,29,12,4.5,93,4.7,50,0.43
2016,1,29,13,4.7,92,4.6,50,0.49
2016,1,29,14,4.6,90,4.1,50,0.32
2016,1,29,15,4.9,91,4.4,50,0.33
2016,1,29,16,4.9,90,4.3,50,0.18
2016,1,29,17,4.7,92,4.9,50,0.06
2016,1,29,18,4.9,92,3.9,50,0.00
2016,1,30,8,5.6,81,4.1,50,0.00
2016,1,30,9,5.8,82,4.3,50,0.08
2016,1,30,10,6.3,80,3.6,50,0.32
2016,1,30,11,6.6,78,3.2,50,0.39
2016,1,30,12,7.2,76,3.9,50,0.54
2016,1,30,13,7.7,74,3.3,50,0.73
2016,1,30,14,7.9,73,3.7,50,0.79
2016,1,30,15,8.4,71,3.1,50,0.78
2016,1,30,16,8.2,71,4.0,50,0.71
2016,1,30,17,7.3,74,3.1,50,0.30
2016,1,30,18,6.5,75,2.4,20,0.09
2016,1,31,8,2.2,87,2.8,290,0.04
2016,1,31,9,1.6,90,3.7,340,0.41
2016,1,31,10,3.6,75,3.9,340,0.89
2016,1,31,11,3.5,75,6.4,320,1.27
2016,1,31,12,5.7,61,2.2,320,1.56
2016,1,31,13,5.7,55,4.0,320,1.63
2016,1,31,14,6.3,47,3.4,290,1.24
2016,1,31,15,6.9,51,2.2,20,1.20
2016,1,31,16,6.3,51,1.9,320,0.81
2016,1,31,17,5.5,51,1.7,50,0.34
2016,1,31,18,4.8,47,4.8,320,0.07
2016,2,1,8,-0.8,36,6.3,340,0.03
2016,2,1,9,-0.6,36,6.3,340,0.24
2016,2,1,10,0.5,32,6.0,340,0.83
2016,2,1,11,2.3,29,5.2,340,1.90
2016,2,1,12,3.9,27,5.0,340,2.18
2016,2,1,13,5.4,31,3.7,320,2.32
2016,2,1,14,6.1,28,4.5,290,2.24
2016,2,1,15,7.0,29,3.2,290,1.88
2016,2,1,16,5.8,28,5.4,290,1.35
2016,2,1,17,5.1,28,3.9,290,0.71
2016,2,1,18,3.2,28,1.8,70,0.06
2016,2,2,8,-3.8,38,6.8,340,0.08
2016,2,2,9,-2.4,36,4.6,340,0.66
2016,2,2,10,-0.7,34,5.7,340,1.34
2016,2,2,11,0.9,31,5.9,340,1.88
2016,2,2,12,2.9,29,4.9,360,2.21
2016,2,2,13,4.7,27,3.7,360,2.32
2016,2,2,14,6.0,25,4.0,360,2.23
2016,2,2,15,7.6,25,2.5,360,1.60
2016,2,2,16,7.1,28,2.9,340,1.34
2016,2,2,17,5.6,27,1.0,340,0.52
2016,2,2,18,4.0,27,3.2,340,0.07
2016,2,3,8,-2.5,46,6.8,340,0.08
2016,2,3,9,-0.5,32,4.6,340,0.69
2016,2,3,10,1.7,30,1.8,50,1.37
2016,2,3,11,1.5,32,7.4,320,1.94
2016,2,3,12,3.3,31,4.4,320,2.28
2016,2,3,13,5.2,29,3.6,320,2.39
2016,2,3,14,6.3,30,3.6,320,2.28
2016,2,3,15,7.0,28,3.4,290,1.93
2016,2,3,16,7.0,29,2.6,320,1.39
2016,2,3,17,5.7,30,4.6,290,0.73
2016,2,3,18,4.2,33,1.2,320,0.13
2016,2,4,8,-0.2,47,2.5,290,0.08
2016,2,4,9,2.5,39,2.5,110,0.65
2016,2,4,10,3.5,39,3.4,180,1.23
2016,2,4,11,4.3,34,3.0,320,1.79
2016,2,4,12,5.1,32,2.8,110,1.78
2016,2,4,13,5.1,34,2.9,20,1.40
2016,2,4,14,6.4,32,2.7,270,1.24
2016,2,4,15,6.8,32,3.3,270,1.42
2016,2,4,16,6.6,33,3.3,360,1.05
2016,2,4,17,5.9,35,2.7,340,0.42
2016,2,4,18,5.1,36,1.5,340,0.09
2016,2,5,8,0.7,31,3.8,290,0.05
2016,2,5,9,1.8,30,5.5,340,0.66
2016,2,5,10,3.1,29,4.3,360,1.37
2016,2,5,11,6.1,24,2.2,20,1.87
2016,2,5,12,6.7,20,3.4,270,2.21
2016,2,5,13,8.0,19,3.3,340,2.31
2016,2,5,14,8.8,19,2.6,290,2.23
2016,2,5,15,9.4,18,4.8,290,1.88
2016,2,5,16,8.8,17,2.1,340,1.35
2016,2,5,17,8.0,20,2.1,290,0.68
2016,2,5,18,6.5,21,2.4,270,0.12
2016,2,6,8,-0.4,47,2.9,320,0.09
2016,2,6,9,2.1,42,2.1,160,0.66
2016,2,6,10,2.8,40,2.7,320,1.33
2016,2,6,11,4.0,38,3.0,230,1.85
2016,2,6,12,4.7,37,2.7,340,2.20
2016,2,6,13,5.3,37,3.0,320,2.22
2016,2,6,14,6.3,33,3.8,360,2.23
2016,2,6,15,6.4,28,4.5,290,1.91
2016,2,6,16,6.1,28,4.8,290,1.40
2016,2,6,17,5.4,29,4.0,290,0.74
2016,2,6,18,4.0,30,2.8,340,0.15
2016,2,7,8,-1.1,49,1.2,320,0.08
2016,2,7,9,0.2,46,0.7,340,0.30
2016,2,7,10,4.3,37,0.8,320,1.31
2016,2,7,11,6.8,40,2.5,50,1.82
2016,2,7,12,8.0,37,1.8,180,2.26
2016,2,7,13,8.5,40,1.8,140,2.11
2016,2,7,14,9.1,36,3.3,200,2.24
2016,2,7,15,7.9,39,3.6,290,1.59
2016,2,7,16,8.8,37,2.6,270,1.44
2016,2,7,17,7.7,39,3.5,250,0.90
2016,2,7,18,5.4,46,3.4,250,0.21
2016,2,8,8,-0.5,38,2.5,20,0.11
2016,2,8,9,2.4,39,2.0,180,0.71
2016,2,8,10,3.2,41,4.6,290,1.40
2016,2,8,11,5.0,38,3.8,250,1.90
2016,2,8,12,6.0,39,5.4,250,2.22
2016,2,8,13,6.9,31,6.7,250,2.37
2016,2,8,14,7.7,33,6.6,270,2.27
2016,2,8,15,8.1,32,6.3,250,1.86
2016,2,8,16,8.2,32,4.5,250,1.40
2016,2,8,17,7.5,36,5.0,250,0.66
2016,2,8,18,6.6,40,6.2,230,0.14
2016,2,9,8,3.6,33,2.6,290,0.08
2016,2,9,9,4.8,31,3.0,290,0.67
2016,2,9,10,5.9,29,4.3,320,1.38
2016,2,9,11,6.7,26,4.9,320,1.96
2016,2,9,12,7.6,25,4.5,320,2.28
2016,2,9,13,8.6,22,4.1,340,2.39
2016,2,9,14,10.0,22,3.4,320,2.32
2016,2,9,15,11.1,19,2.4,340,2.00
2016,2,9,16,10.9,19,2.7,360,1.48
2016,2,9,17,9.8,20,2.0,340,0.82
2016,2,9,18,7.8,22,1.6,360,0.17
2016,2,10,8,2.6,35,1.0,250,0.13
2016,2,10,9,6.0,33,1.0,180,0.75
2016,2,10,10,8.7,31,1.4,140,1.42
2016,2,10,11,9.4,26,2.1,110,1.96
2016,2,10,12,10.4,24,1.9,140,2.28
2016,2,10,13,10.9,28,3.6,140,2.27
2016,2,10,14,11.4,34,2.4,110,2.31
2016,2,10,15,11.3,34,2.9,180,1.96
2016,2,10,16,10.7,33,2.4,180,1.47
2016,2,10,17,9.6,37,2.0,160,0.82
2016,2,10,18,7.6,44,2.8,110,0.18
2016,2,11,8,5.1,68,1.7,50,0.08
2016,2,11,9,8.3,59,1.5,50,0.57
2016,2,11,10,11.4,53,0.7,20,1.12
2016,2,11,11,13.0,53,1.4,90,1.46
2016,2,11,12,13.6,52,1.8,90,1.41
2016,2,11,13,14.1,51,4.2,110,2.11
2016,2,11,14,13.6,60,4.7,110,2.01
2016,2,11,15,13.3,64,3.8,110,1.28
2016,2,11,16,12.3,67,3.9,110,1.02
2016,2,11,17,11.8,67,2.3,70,0.59
2016,2,11,18,10.5,65,2.7,70,0.10
2016,2,12,8,12.1,87,1.2,250,0.00
2016,2,12,9,12.0,92,1.0,250,0.00
2016,2,12,10,12.2,89,1.0,180,0.01
2016,2,12,11,12.5,87,1.5,140,0.07
2016,2,12,12,12.6,88,2.6,180,0.11
2016,2,12,13,12.4,93,2.3,70,0.16
2016,2,12,14,12.2,97,1.4,50,0.15
2016,2,12,15,12.4,97,0.1,0,0.14
2016,2,12,16,12.7,98,3.3,250,0.07
2016,2,12,17,13.6,91,4.7,230,0.00
2016,2,12,18,13.8,91,5.0,230,0.00
2016,2,13,8,13.4,100,1.0,200,0.00
2016,2,13,9,14.1,100,1.9,230,0.08
2016,2,13,10,14.5,100,2.1,230,0.18
2016,2,13,11,14.7,100,2.3,200,0.24
2016,2,13,12,14.8,100,2.1,230,6.00
2016,2,13,13,15.2,100,3.2,200,0.47
2016,2,13,14,15.0,100,1.5,230,0.18
2016,2,13,15,15.0,100,1.2,200,0.11
2016,2,13,16,15.0,100,3.3,230,0.04
2016,2,13,17,15.4,100,5.3,230,0.03
2016,2,13,18,15.7,100,4.7,230,0.00
2016,2,14,8,8.3,67,5.8,290,0.07
2016,2,14,9,8.1,67,5.5,290,0.20
2016,2,14,10,7.1,68,3.5,320,0.21
2016,2,14,11,7.6,61,3.8,270,0.86
2016,2,14,12,9.0,58,3.9,320,2.14
2016,2,14,13,9.8,56,3.3,320,2.34
2016,2,14,14,9.1,53,4.5,360,2.17
2016,2,14,15,8.7,46,4.1,290,1.48
2016,2,14,16,7.4,41,7.7,290,1.23
2016,2,14,17,6.2,39,8.8,290,0.63
2016,2,14,18,4.9,43,5.2,290,0.15
2016,2,15,8,-3.1,50,4.0,250,0.17
2016,2,15,9,-2.4,46,4.0,320,0.83
2016,2,15,10,-0.8,39,3.3,140,1.57
2016,2,15,11,0.3,37,4.7,320,2.10
2016,2,15,12,1.3,31,3.2,340,2.48
2016,2,15,13,1.8,29,4.4,250,2.61
2016,2,15,14,2.9,28,4.0,290,2.52
2016,2,15,15,3.6,26,2.8,20,2.16
2016,2,15,16,3.7,28,2.7,320,1.60
2016,2,15,17,2.6,29,4.1,320,0.91
2016,2,15,18,0.9,30,2.5,320,6.00
2016,2,16,8,-1.1,64,4.4,270,0.15
2016,2,16,9,0.7,55,4.3,270,0.82
2016,2,16,10,2.4,57,4.2,250,1.38
2016,2,16,11,2.9,55,7.0,250,2.05
2016,2,16,12,4.2,48,6.7,250,2.34
2016,2,16,13,4.6,46,5.8,250,2.14
2016,2,16,14,5.8,41,7.1,250,2.44
2016,2,16,15,6.2,40,7.5,250,2.10
2016,2,16,16,5.3,45,6.7,270,1.25
2016,2,16,17,4.8,48,7.4,250,0.38
2016,2,16,18,4.3,53,5.8,270,0.20
2016,2,17,8,0.5,45,1.0,20,0.17
2016,2,17,9,2.2,37,1.4,50,0.87
2016,2,17,10,4.2,34,1.6,20,1.53
2016,2,17,11,4.7,30,3.3,320,2.10
2016,2,17,12,5.8,28,4.5,270,2.49
2016,2,17,13,7.2,25,2.5,320,2.62
2016,2,17,14,8.1,26,2.4,290,2.51
2016,2,17,15,9.2,25,3.2,290,2.15
2016,2,17,16,9.0,24,2.1,340,1.62
2016,2,17,17,7.6,28,3.6,250,0.90
2016,2,17,18,5.9,33,3.4,250,0.24
2016,2,18,8,1.3,53,4.3,340,0.17
2016,2,18,9,4.2,43,2.3,270,0.84
2016,2,18,10,6.2,42,3.0,250,1.50
2016,2,18,11,7.7,42,4.0,230,2.02
2016,2,18,12,9.0,38,3.4,250,2.42
2016,2,18,13,8.7,41,3.8,250,2.13
2016,2,18,14,9.1,41,5.2,230,2.30
2016,2,18,15,9.1,43,6.2,250,1.85
2016,2,18,16,9.6,44,5.7,250,1.45
2016,2,18,17,9.4,41,4.9,250,0.88
2016,2,18,18,8.0,44,6.5,270,6.00
2016,2,19,8,6.6,66,3.4,270,0.14
2016,2,19,9,7.7,60,2.6,290,0.61
2016,2,19,10,9.3,50,1.9,340,1.26
2016,2,19,11,11.1,40,2.4,270,1.87
2016,2,19,12,11.6,29,4.1,290,2.20
2016,2,19,13,13.7,24,1.9,360,2.24
2016,2,19,14,14.5,28,2.7,230,1.98
2016,2,19,15,11.7,44,5.1,180,1.17
2016,2,19,16,10.6,49,4.9,200,0.75
2016,2,19,17,10.3,49,4.0,250,0.37
2016,2,19,18,9.7,49,3.1,270,0.12
2016,2,20,8,6.2,82,4.1,20,0.00
2016,2,20,9,6.1,80,3.6,20,0.07
2016,2,20,10,6.9,76,3.7,50,0.27
2016,2,20,11,9.1,64,2.4,50,0.80
2016,2,20,12,9.9,64,1.0,360,0.88
2016,2,20,13,10.8,58,1.1,70,1.02
2016,2,20,14,11.2,54,1.0,90,1.17
2016,2,20,15,11.0,61,3.8,140,1.23
2016,2,20,16,9.8,63,4.0,140,1.14
2016,2,20,17,9.0,65,3.4,110,0.67
2016,2,20,18,7.9,67,2.5,90,0.09
2016,2,21,8,0.3,34,3.5,50,0.22
2016,2,21,9,1.7,33,2.6,230,0.93
2016,2,21,10,2.3,34,5.2,290,1.64
2016,2,21,11,4.1,32,3.6,270,2.19
2016,2,21,12,4.9,30,4.3,290,2.55
2016,2,21,13,6.2,28,3.1,320,2.69
2016,2,21,14,7.8,25,2.7,320,2.57
2016,2,21,15,8.0,25,2.5,320,2.23
2016,2,21,16,8.4,24,3.3,340,1.68
2016,2,21,17,8.2,24,2.2,340,0.99
2016,2,21,18,6.2,29,2.9,360,0.23
2016,2,22,8,4.2,37,0.6,90,0.05
2016,2,22,9,5.1,38,0.3,0,0.30
2016,2,22,10,6.8,41,0.5,230,0.59
2016,2,22,11,9.7,39,1.6,290,1.34
2016,2,22,12,9.2,46,2.7,200,1.35
2016,2,22,13,10.4,46,2.4,200,1.44
2016,2,22,14,10.0,49,3.1,180,1.40
2016,2,22,15,9.3,52,4.5,200,1.23
2016,2,22,16,8.8,51,4.1,200,0.80
2016,2,22,17,8.2,47,3.7,230,0.33
2016,2,22,18,7.8,48,4.0,230,0.08
2016,2,23,8,5.6,43,3.3,320,0.09
2016,2,23,9,8.0,37,1.0,230,0.64
2016,2,23,10,10.8,37,2.6,50,1.44
2016,2,23,11,10.9,38,2.7,290,2.02
2016,2,23,12,11.6,37,2.7,320,2.25
2016,2,23,13,12.4,30,2.5,320,2.30
2016,2,23,14,12.1,33,2.6,320,1.79
2016,2,23,15,12.4,29,4.0,320,1.77
2016,2,23,16,12.0,31,2.9,340,1.28
2016,2,23,17,10.8,30,2.6,340,0.46
2016,2,23,18,9.6,29,2.9,360,0.15
2016,2,24,8,0.1,47,4.2,340,0.17
2016,2,24,9,1.2,45,3.7,340,0.76
2016,2,24,10,2.4,42,3.6,340,1.20
2016,2,24,11,5.5,39,3.3,360,1.96
2016,2,24,12,6.2,39,4.6,290,2.42
2016,2,24,13,7.6,38,3.5,320,2.59
2016,2,24,14,8.3,37,3.7,360,2.21
2016,2,24,15,6.4,60,3.3,110,1.00
2016,2,24,16,5.4,63,3.7,140,0.55
2016,2,24,17,4.8,63,3.0,140,0.36
2016,2,24,18,4.8,63,1.8,110,0.16
2016,2,25,8,-0.9,42,2.7,360,6.00
2016,2,25,9,0.4,43,2.6,360,0.94
2016,2,25,10,2.7,36,3.4,360,1.64
2016,2,25,11,4.6,31,2.0,360,2.18
2016,2,25,12,7.3,18,2.5,50,2.57
2016,2,25,13,8.0,19,3.7,360,2.73
2016,2,25,14,7.8,19,3.8,340,2.59
2016,2,25,15,8.0,20,4.3,290,2.20
2016,2,25,16,7.9,21,3.1,320,1.61
2016,2,25,17,7.3,23,2.3,340,0.98
2016,2,25,18,5.7,25,3.3,270,0.29
2016,2,26,8,2.8,56,5.5,290,0.18
2016,2,26,9,4.7,55,5.0,250,0.78
2016,2,26,10,6.4,54,4.4,270,1.37
2016,2,26,11,7.2,52,6.6,250,1.90
2016,2,26,12,8.2,49,6.6,250,2.20
2016,2,26,13,9.1,46,6.7,250,2.28
2016,2,26,14,9.2,46,5.3,250,1.68
2016,2,26,15,10.4,43,4.6,250,1.75
2016,2,26,16,10.3,44,3.2,270,1.08
2016,2,26,17,8.6,53,3.3,250,0.52
2016,2,26,18,7.7,57,3.9,250,0.19
2016,2,27,8,9.1,70,6.1,270,0.15
2016,2,27,9,10.2,66,5.3,270,0.68
2016,2,27,10,11.6,50,6.5,270,1.41
2016,2,27,11,12.8,44,6.0,270,1.99
2016,2,27,12,13.5,35,6.2,290,2.36
2016,2,27,13,14.5,34,5.2,250,2.47
2016,2,27,14,15.3,30,4.7,250,2.28
2016,2,27,15,15.2,28,4.9,250,1.93
2016,2,27,16,14.2,33,5.6,200,1.37
2016,2,27,17,12.7,50,4.9,230,0.77
2016,2,27,18,11.6,50,3.8,270,0.24
2016,2,28,8,8.7,67,2.7,270,0.10
2016,2,28,9,9.3,73,4.2,270,0.24
2016,2,28,10,10.8,68,2.8,270,0.83
2016,2,28,11,12.8,60,3.7,270,1.49
2016,2,28,12,14.4,52,4.4,230,2.00
2016,2,28,13,13.9,60,4.6,200,1.90
2016,2,28,14,13.6,69,5.1,230,1.61
2016,2,28,15,13.7,68,7.4,200,1.55
2016,2,28,16,13.6,75,5.3,250,0.74
2016,2,28,17,13.8,69,12.7,230,0.49
2016,2,28,18,13.7,66,12.8,230,0.22
2016,2,29,8,1.3,44,4.2,290,6.00
2016,2,29,9,1.7,44,4.1,320,0.67
2016,2,29,10,1.9,47,4.1,290,0.98
2016,2,29,11,3.9,33,5.4,290,2.07
2016,2,29,12,2.9,36,4.6,340,1.80
2016,2,29,13,3.7,33,4.5,320,1.78
2016,2,29,14,3.1,35,8.5,270,1.62
2016,2,29,15,4.1,27,10.2,270,2.20
2016,2,29,16,3.2,30,6.2,290,0.88
2016,2,29,17,0.3,56,4.6,360,0.86
2016,2,29,18,0.2,48,3.7,340,0.35
2016,3,1,8,-2.7,43,2.4,90,0.31
2016,3,1,9,-0.8,38,2.3,110,1.03
2016,3,1,10,0.2,37,1.8,290,1.76
2016,3,1,11,1.6,33,4.7,320,2.32
2016,3,1,12,2.5,32,3.9,340,2.66
2016,3,1,13,4.4,27,4.1,290,2.79
2016,3,1,14,5.7,22,3.4,320,2.65
2016,3,1,15,7.6,22,3.0,270,2.30
2016,3,1,16,7.0,26,3.8,250,1.76
2016,3,1,17,6.5,31,3.8,250,1.07
2016,3,1,18,4.8,35,4.2,230,0.37
2016,3,2,8,1.4,42,3.1,340,0.31
2016,3,2,9,3.3,34,4.2,320,1.01
2016,3,2,10,5.4,30,4.1,320,1.69
2016,3,2,11,7.8,26,2.5,340,2.23
2016,3,2,12,10.7,24,2.5,290,2.57
2016,3,2,13,11.0,26,5.0,270,2.74
2016,3,2,14,10.2,37,6.8,200,2.63
2016,3,2,15,10.6,41,6.0,200,2.26
2016,3,2,16,11.3,36,5.3,230,1.74
2016,3,2,17,10.4,35,6.5,230,1.07
2016,3,2,18,9.4,32,3.9,250,0.37
2016,3,3,8,8.3,69,5.3,270,0.30
2016,3,3,9,10.3,57,5.9,270,1.01
2016,3,3,10,12.0,56,6.4,270,1.65
2016,3,3,11,13.3,55,6.1,270,2.21
2016,3,3,12,15.1,50,4.1,270,2.57
2016,3,3,13,15.7,45,5.6,250,2.71
2016,3,3,14,16.1,47,6.0,200,2.57
2016,3,3,15,15.9,52,5.2,230,2.26
2016,3,3,16,15.4,52,7.5,230,1.75
2016,3,3,17,14.6,57,7.1,230,1.00
2016,3,3,18,13.7,59,6.3,250,0.33
2016,3,4,8,11.2,99,1.3,50,0.03
2016,3,4,9,11.7,99,1.6,50,0.09
2016,3,4,10,12.1,100,1.4,50,0.10
2016,3,4,11,12.2,100,2.8,70,0.13
2016,3,4,12,12.1,99,2.7,50,0.16
2016,3,4,13,12.1,99,2.5,50,0.16
2016,3,4,14,11.7,98,2.8,20,0.09
2016,3,4,15,11.8,99,2.7,50,0.08
2016,3,4,16,12.0,99,2.1,50,0.11
2016,3,4,17,11.9,99,2.3,70,0.12
2016,3,4,18,11.9,97,1.9,50,0.05
2016,3,5,8,10.8,94,3.1,70,0.05
2016,3,5,9,11.6,92,2.0,50,0.23
2016,3,5,10,12.6,89,2.6,70,0.50
2016,3,5,11,13.8,86,1.7,70,0.69
2016,3,5,12,14.5,85,1.3,70,0.73
2016,3,5,13,14.7,87,1.3,70,0.68
2016,3,5,14,15.8,76,3.1,230,0.80
2016,3,5,15,15.5,77,2.8,230,0.73
2016,3,5,16,15.0,83,3.3,230,0.22
2016,3,5,17,15.6,82,4.5,250,0.13
2016,3,5,18,15.8,80,6.2,230,0.10
2016,3,6,8,13.6,99,5.1,230,0.00
2016,3,6,9,13.6,100,5.3,200,0.01
2016,3,6,10,13.4,100,5.5,230,0.15
2016,3,6,11,14.0,100,4.2,250,0.22
2016,3,6,12,13.7,100,2.6,200,0.35
2016,3,6,13,14.1,100,1.5,250,0.50
2016,3,6,14,15.7,99,1.4,200,0.86
2016,3,6,15,15.3,93,1.1,250,0.69
2016,3,6,16,16.5,83,2.0,230,1.17
2016,3,6,17,13.8,97,2.0,230,0.57
2016,3,6,18,12.6,99,2.2,230,0.15
2016,3,7,8,8.9,68,3.1,50,6.00
2016,3,7,9,10.2,65,3.1,50,0.58
2016,3,7,10,12.4,61,4.0,50,1.15
2016,3,7,11,14.5,50,3.3,90,2.03
2016,3,7,12,15.3,47,3.7,110,2.38
2016,3,7,13,15.7,43,3.5,110,2.52
2016,3,7,14,15.3,41,3.4,110,2.41
2016,3,7,15,14.5,57,3.9,140,2.07
2016,3,7,16,13.5,61,4.0,110,1.54
2016,3,7,17,12.8,64,3.4,110,0.88
2016,3,7,18,11.7,68,2.8,110,0.28
2016,3,8,8,11.0,62,3.5,320,0.03
2016,3,8,9,10.3,65,2.4,360,0.09
2016,3,8,10,11.0,55,1.3,340,0.22
2016,3,8,11,11.8,45,4.7,340,0.75
2016,3,8,12,13.3,37,0.8,50,1.12
2016,3,8,13,12.0,31,3.3,340,0.46
2016,3,8,14,11.2,36,2.3,20,0.23
2016,3,8,15,10.0,59,1.8,360,0.19
2016,3,8,16,8.8,63,3.1,290,0.17
2016,3,8,17,8.5,51,2.9,340,0.09
2016,3,8,18,8.4,60,2.5,50,0.01
2016,3,9,8,4.6,82,4.0,50,0.05
2016,3,9,9,5.2,78,4.6,50,0.18
2016,3,9,10,5.8,70,5.8,20,0.45
2016,3,9,11,6.8,66,5.4,20,0.67
2016,3,9,12,8.2,61,4.5,50,1.24
2016,3,9,13,10.4,56,4.6,50,2.35
2016,3,9,14,11.7,53,4.2,50,2.75
2016,3,9,15,13.4,42,3.3,50,2.43
2016,3,9,16,12.1,44,3.5,50,1.37
2016,3,9,17,10.9,51,2.5,50,0.85
2016,3,9,18,9.1,57,2.5,50,0.38
2016,3,10,8,2.9,46,4.6,340,0.09
2016,3,10,9,3.4,44,3.4,140,0.24
2016,3,10,10,4.7,36,2.1,20,0.70
2016,3,10,11,6.5,36,3.9,340,1.53
2016,3,10,12,7.5,31,3.6,320,2.15
2016,3,10,13,8.9,23,4.4,290,2.58
2016,3,10,14,10.4,20,3.1,340,2.54
2016,3,10,15,10.2,19,4.5,290,2.30
2016,3,10,16,10.4,19,3.4,340,1.88
2016,3,10,17,9.7,20,2.9,320,1.19
2016,3,10,18,7.8,23,1.6,340,0.43
2016,3,11,8,0.1,46,6.6,360,0.50
2016,3,11,9,1.7,43,3.9,340,1.27
2016,3,11,10,3.4,41,3.7,360,1.99
2016,3,11,11,4.8,37,3.6,340,2.53
2016,3,11,12,6.1,33,3.5,340,2.87
2016,3,11,13,7.7,31,3.0,360,2.95
2016,3,11,14,8.3,31,2.0,320,2.83
2016,3,11,15,9.1,28,2.3,340,2.46
2016,3,11,16,9.9,27,1.5,340,1.90
2016,3,11,17,8.2,40,3.5,160,1.18
2016,3,11,18,6.0,40,2.3,230,0.46
2016,3,12,8,1.7,35,6.6,360,0.47
2016,3,12,9,2.6,36,6.7,360,1.29
2016,3,12,10,4.8,34,3.9,360,2.03
2016,3,12,11,6.3,34,3.9,340,2.58
2016,3,12,12,8.7,31,2.8,340,2.89
2016,3,12,13,9.5,24,3.0,20,2.96
2016,3,12,14,9.7,30,2.8,140,2.75
2016,3,12,15,9.4,31,5.0,180,2.38
2016,3,12,16,8.9,30,3.7,200,1.83
2016,3,12,17,8.0,33,3.1,180,1.09
2016,3,12,18,6.9,35,2.6,200,0.40
2016,3,13,8,6.2,42,2.0,340,0.12
2016,3,13,9,7.7,37,0.7,250,0.44
2016,3,13,10,9.4,31,2.4,50,0.96
2016,3,13,11,10.3,36,1.1,110,1.06
2016,3,13,12,10.3,38,1.1,90,0.93
2016,3,13,13,10.2,41,2.5,110,0.92
2016,3,13,14,10.3,40,2.4,90,0.84
2016,3,13,15,9.9,43,2.9,110,0.83
2016,3,13,16,9.1,45,3.0,290,0.32
2016,3,13,17,8.5,46,2.0,140,0.13
2016,3,13,18,8.1,49,2.6,200,0.06
2016,3,14,8,5.2,55,2.8,360,0.39
2016,3,14,9,7.8,53,2.9,20,1.02
2016,3,14,10,10.4,49,3.4,20,1.66
2016,3,14,11,12.3,45,3.9,50,2.29
2016,3,14,12,14.0,41,1.9,50,2.63
2016,3,14,13,14.3,38,2.0,50,2.13
2016,3,14,14,12.0,56,3.8,90,1.20
2016,3,14,15,11.0,59,1.9,50,0.63
2016,3,14,16,9.6,65,3.3,70,0.48
2016,3,14,17,9.4,64,2.4,70,0.40
2016,3,14,18,8.5,68,3.0,70,0.21
2016,3,15,8,5.5,52,2.8,360,0.44
2016,3,15,9,8.2,47,1.4,140,1.17
2016,3,15,10,10.8,37,2.0,110,1.90
2016,3,15,11,12.2,36,3.1,180,2.44
2016,3,15,12,11.5,40,4.4,180,2.73
2016,3,15,13,11.4,38,4.7,200,2.81
2016,3,15,14,11.6,36,4.6,200,2.70
2016,3,15,15,11.5,37,3.6,200,2.32
2016,3,15,16,11.4,40,3.3,200,1.58
2016,3,15,17,11.1,42,4.8,230,1.18
2016,3,15,18,9.8,47,3.8,250,0.37
2016,3,16,8,8.3,46,1.4,110,6.00
2016,3,16,9,10.5,39,2.5,290,0.91
2016,3,16,10,12.1,39,3.4,250,1.36
2016,3,16,11,13.0,40,5.6,230,1.89
2016,3,16,12,13.4,27,4.9,230,2.18
2016,3,16,13,15.0,38,4.3,270,2.30
2016,3,16,14,15.6,33,5.4,250,2.75
2016,3,16,15,14.6,43,6.1,200,2.46
2016,3,16,16,14.4,42,6.0,200,1.83
2016,3,16,17,13.8,45,5.8,200,1.19
2016,3,16,18,13.6,49,4.6,230,0.50
2016,3,17,8,10.0,53,2.7,290,0.52
2016,3,17,9,13.1,43,1.6,250,1.27
2016,3,17,10,16.5,39,2.4,180,1.96
2016,3,17,11,16.6,39,3.3,200,2.29
2016,3,17,12,15.1,48,5.8,200,2.64
2016,3,17,13,16.1,49,5.8,200,2.86
2016,3,17,14,15.7,57,4.8,200,2.65
2016,3,17,15,15.5,57,4.2,200,2.32
2016,3,17,16,15.2,53,4.7,200,1.63
2016,3,17,17,14.2,59,6.0,250,0.86
2016,3,17,18,13.8,58,4.8,250,0.30
2016,3,18,8,12.4,99,2.2,70,0.01
2016,3,18,9,12.6,99,2.5,50,0.04
2016,3,18,10,12.5,99,1.5,70,0.12
2016,3,18,11,12.5,100,2.5,70,0.14
2016,3,18,12,12.6,100,3.9,90,0.14
2016,3,18,13,12.6,100,3.3,90,0.15
2016,3,18,14,12.8,100,2.0,70,0.13
2016,3,18,15,13.0,100,1.4,70,0.14
2016,3,18,16,13.0,100,2.3,70,0.08
2016,3,18,17,13.0,100,1.8,50,0.05
2016,3,18,18,13.2,100,2.1,50,0.00
2016,3,19,8,12.8,79,1.0,160,0.48
2016,3,19,9,15.0,67,2.0,50,1.15
2016,3,19,10,16.6,63,1.4,20,1.74
2016,3,19,11,17.8,57,3.1,50,2.22
2016,3,19,12,18.8,50,2.8,50,2.51
2016,3,19,13,17.1,50,4.5,90,2.78
2016,3,19,14,16.4,52,4.3,90,2.48
2016,3,19,15,15.6,50,4.5,90,2.21
2016,3,19,16,14.3,57,4.5,90,1.52
2016,3,19,17,13.6,56,3.6,70,0.86
2016,3,19,18,11.8,63,3.9,90,0.30
2016,3,20,8,9.8,71,3.0,50,0.23
2016,3,20,9,10.9,64,2.8,50,0.57
2016,3,20,10,12.8,55,3.3,50,1.24
2016,3,20,11,12.5,54,3.3,70,1.21
2016,3,20,12,13.1,52,3.9,90,1.51
2016,3,20,13,12.7,55,3.3,50,1.68
2016,3,20,14,13.1,54,2.8,70,1.64
2016,3,20,15,13.8,52,4.2,90,2.54
2016,3,20,16,11.8,57,3.4,70,1.21
2016,3,20,17,11.8,55,3.1,50,1.32
2016,3,20,18,10.2,61,3.9,50,0.44
2016,3,21,8,9.7,59,2.6,50,0.55
2016,3,21,9,11.6,55,2.4,70,1.28
2016,3,21,10,13.4,53,2.6,110,2.03
2016,3,21,11,13.5,56,4.5,140,2.74
2016,3,21,12,14.0,52,4.4,110,2.94
2016,3,21,13,14.0,55,4.6,140,3.12
2016,3,21,14,12.6,57,4.5,110,2.48
2016,3,21,15,13.1,52,3.9,110,2.47
2016,3,21,16,12.2,50,4.2,110,1.92
2016,3,21,17,11.6,52,4.0,110,1.23
2016,3,21,18,10.5,56,2.8,110,0.50
2016,3,22,8,8.9,71,2.5,320,0.58
2016,3,22,9,11.5,63,1.3,340,1.25
2016,3,22,10,13.9,51,1.2,290,1.89
2016,3,22,11,15.6,48,3.1,250,2.39
2016,3,22,12,16.4,41,3.8,230,2.38
2016,3,22,13,14.8,58,5.5,200,2.81
2016,3,22,14,16.3,51,5.1,180,3.03
2016,3,22,15,15.8,45,5.7,230,2.56
2016,3,22,16,16.2,44,3.6,230,2.01
2016,3,22,17,15.5,57,3.3,180,1.26
2016,3,22,18,14.9,53,3.6,230,0.52
2016,3,23,8,9.5,71,2.7,50,0.30
2016,3,23,9,11.5,63,3.0,50,0.95
2016,3,23,10,12.7,59,2.4,50,1.31
2016,3,23,11,14.7,50,1.8,50,1.85
2016,3,23,12,14.6,55,4.6,140,2.57
2016,3,23,13,14.3,54,4.7,110,2.70
2016,3,23,14,14.9,52,4.2,110,2.73
2016,3,23,15,13.8,54,5.4,90,2.12
2016,3,23,16,12.9,60,4.2,90,1.39
2016,3,23,17,12.0,62,2.9,70,0.74
2016,3,23,18,11.1,64,3.8,50,0.32
2016,3,24,8,6.2,69,3.5,50,0.21
2016,3,24,9,8.6,59,3.1,50,0.91
2016,3,24,10,11.3,45,3.8,50,2.06
2016,3,24,11,11.3,41,4.7,70,1.87
2016,3,24,12,12.1,37,3.5,50,2.05
2016,3,24,13,12.0,41,2.8,50,1.96
2016,3,24,14,11.3,42,4.1,90,1.61
2016,3,24,15,12.3,43,4.5,90,1.96
2016,3,24,16,9.9,58,4.3,90,1.12
2016,3,24,17,9.7,54,4.3,90,0.96
2016,3,24,18,9.2,52,3.2,70,0.30
2016,3,25,8,7.4,60,2.2,50,0.29
2016,3,25,9,8.3,60,2.4,50,0.58
2016,3,25,10,9.5,53,2.7,70,1.13
2016,3,25,11,9.2,55,3.6,110,1.02
2016,3,25,12,10.1,54,3.5,110,1.50
2016,3,25,13,11.3,51,3.3,110,2.00
2016,3,25,14,11.5,49,3.7,110,1.62
2016,3,25,15,9.7,54,1.2,50,0.86
2016,3,25,16,10.1,55,3.0,110,1.03
2016,3,25,17,9.3,53,3.3,110,0.94
2016,3,25,18,9.0,55,2.4,110,0.14
2016,3,26,8,8.0,69,1.0,70,0.39
2016,3,26,9,10.0,64,1.0,50,0.96
2016,3,26,10,10.1,70,3.7,140,1.52
2016,3,26,11,9.9,70,2.5,90,1.37
2016,3,26,12,8.7,79,3.9,140,0.62
2016,3,26,13,7.7,89,3.2,200,0.53
2016,3,26,14,7.8,87,1.3,160,0.55
2016,3,26,15,7.6,85,2.0,110,0.43
2016,3,26,16,8.6,85,2.1,110,0.84
2016,3,26,17,8.1,85,1.9,70,0.36
2016,3,26,18,8.3,81,1.0,50,0.37
2016,3,27,8,5.8,78,4.9,340,0.61
2016,3,27,9,7.0,69,4.5,340,1.31
2016,3,27,10,9.8,60,2.5,340,1.95
2016,3,27,11,11.3,53,3.0,360,2.49
2016,3,27,12,13.5,44,2.8,340,2.85
2016,3,27,13,15.0,33,2.2,340,3.00
2016,3,27,14,16.1,26,3.2,320,2.28
2016,3,27,15,14.8,33,3.9,250,2.00
2016,3,27,16,14.2,37,6.4,250,1.63
2016,3,27,17,13.5,36,5.5,230,0.91
2016,3,27,18,12.6,42,5.9,230,0.53
2016,3,28,8,8.5,35,5.7,360,0.64
2016,3,28,9,10.6,30,4.3,340,1.36
2016,3,28,10,12.8,28,4.3,360,2.05
2016,3,28,11,14.5,25,2.8,340,2.58
2016,3,28,12,16.2,24,3.5,290,2.97
2016,3,28,13,17.8,22,3.1,290,3.02
2016,3,28,14,16.5,33,7.3,200,2.86
2016,3,28,15,15.8,34,7.4,230,2.51
2016,3,28,16,15.3,38,7.4,230,1.96
2016,3,28,17,15.1,31,6.1,230,1.27
2016,3,28,18,13.9,39,6.3,250,0.57
2016,3,29,8,11.6,51,2.3,250,0.38
2016,3,29,9,13.0,44,5.1,270,0.98
2016,3,29,10,14.1,44,6.5,270,1.20
2016,3,29,11,14.3,48,7.0,270,1.36
2016,3,29,12,15.5,44,6.6,230,1.93
2016,3,29,13,15.8,37,8.9,230,1.89
2016,3,29,14,15.6,46,8.9,230,1.85
2016,3,29,15,15.5,47,9.6,230,1.53
2016,3,29,16,15.1,51,8.2,230,1.05
2016,3,29,17,14.5,56,6.8,230,0.61
2016,3,29,18,14.2,60,7.4,230,0.32
2016,3,30,8,13.6,70,2.3,290,0.44
2016,3,30,9,15.3,62,3.2,360,1.13
2016,3,30,10,16.7,58,3.3,290,1.65
2016,3,30,11,19.3,49,2.4,140,2.30
2016,3,30,12,18.7,55,3.7,200,2.74
2016,3,30,13,18.7,54,4.0,200,2.72
2016,3,30,14,17.5,61,4.9,200,2.53
2016,3,30,15,16.9,62,5.6,200,2.39
2016,3,30,16,16.2,71,5.7,200,1.95
2016,3,30,17,15.7,64,4.3,230,0.91
2016,3,30,18,14.9,65,2.8,230,0.35
2016,3,31,8,12.8,64,1.2,50,0.40
2016,3,31,9,16.0,53,1.7,140,1.10
2016,3,31,10,17.0,53,1.8,200,1.69
2016,3,31,11,18.3,53,1.7,160,1.82
2016,3,31,12,18.5,57,2.9,200,2.67
2016,3,31,13,16.7,70,2.8,200,1.33
2016,3,31,14,17.9,68,3.0,200,1.57
2016,3,31,15,17.7,59,1.1,180,1.26
2016,3,31,16,16.6,75,3.2,230,1.04
2016,3,31,17,16.1,80,2.9,200,0.89
2016,3,31,18,15.7,81,1.7,180,0.41
2016,4,1,8,14.3,69,0.9,110,0.68
2016,4,1,9,16.9,53,2.8,140,1.43
2016,4,1,10,19.4,44,3.1,140,2.09
2016,4,1,11,20.4,56,2.7,140,2.59
2016,4,1,12,21.5,39,3.8,110,2.94
2016,4,1,13,21.3,41,3.3,90,3.02
2016,4,1,14,20.9,46,3.4,70,2.86
2016,4,1,15,20.2,48,4.4,90,2.52
2016,4,1,16,20.5,42,3.1,90,1.95
2016,4,1,17,19.2,48,2.9,90,1.20
2016,4,1,18,17.7,47,2.8,70,0.47
2016,4,2,8,13.2,81,1.9,90,0.59
2016,4,2,9,15.4,76,1.5,110,1.30
2016,4,2,10,15.4,79,2.6,110,1.38
2016,4,2,11,15.8,77,1.8,110,1.01
2016,4,2,12,16.8,76,2.4,160,1.39
2016,4,2,13,17.2,73,4.3,200,2.19
2016,4,2,14,17.6,71,2.6,230,2.29
2016,4,2,15,17.6,72,4.8,200,1.81
2016,4,2,16,18.6,66,5.4,230,1.75
2016,4,2,17,17.3,71,6.5,230,1.14
2016,4,2,18,15.9,79,5.0,250,0.40
2016,4,3,8,15.8,87,0.0,0,0.29
2016,4,3,9,16.7,86,0.0,0,0.51
2016,4,3,10,17.2,82,1.2,70,0.44
2016,4,3,11,17.5,81,1.3,90,0.45
2016,4,3,12,16.6,81,3.0,70,0.30
2016,4,3,13,16.2,79,3.8,90,0.45
2016,4,3,14,15.5,83,4.1,90,0.50
2016,4,3,15,14.6,83,2.9,90,0.23
2016,4,3,16,13.9,90,2.9,90,0.18
2016,4,3,17,13.3,91,2.6,70,0.13
2016,4,3,18,13.2,89,2.3,70,0.04
2016,4,4,8,11.0,96,4.2,50,0.18
2016,4,4,9,11.6,95,3.7,50,0.38
2016,4,4,10,11.9,91,3.1,50,0.35
2016,4,4,11,12.4,85,4.0,50,0.48
2016,4,4,12,12.6,83,3.2,50,0.52
2016,4,4,13,12.4,80,2.3,50,0.30
2016,4,4,14,12.5,80,3.2,50,0.46
2016,4,4,15,12.8,76,3.2,50,0.49
2016,4,4,16,13.5,71,2.3,50,0.66
2016,4,4,17,13.0,73,2.1,50,0.43
2016,4,4,18,12.6,74,2.6,50,0.19
2016,4,5,8,12.1,79,2.0,340,0.35
2016,4,5,9,13.8,72,1.6,320,0.88
2016,4,5,10,15.2,64,3.1,290,1.36
2016,4,5,11,17.0,58,2.6,290,2.03
2016,4,5,12,17.8,56,3.8,250,2.45
2016,4,5,13,18.5,52,3.8,250,2.52
2016,4,5,14,18.3,52,5.6,200,2.96
2016,4,5,15,16.7,67,6.5,200,2.64
2016,4,5,16,17.8,51,4.3,230,2.14
2016,4,5,17,16.1,61,4.6,180,1.39
2016,4,5,18,15.5,59,4.6,180,0.64
2016,4,6,8,13.8,57,1.2,20,0.50
2016,4,6,9,16.3,43,0.7,50,1.00
2016,4,6,10,19.7,32,1.7,70,1.86
2016,4,6,11,20.2,31,2.5,110,2.12
2016,4,6,12,20.5,29,4.6,110,2.61
2016,4,6,13,19.2,38,4.8,110,2.52
2016,4,6,14,17.8,47,4.8,110,1.62
2016,4,6,15,17.6,53,3.5,110,0.88
2016,4,6,16,16.7,49,3.0,110,0.58
2016,4,6,17,16.2,54,2.7,90,0.23
2016,4,6,18,15.5,60,2.1,70,0.07
2016,4,7,8,11.5,98,3.3,340,0.07
2016,4,7,9,11.8,98,1.5,340,0.17
2016,4,7,10,11.6,98,3.2,320,0.23
2016,4,7,11,11.6,97,2.1,360,0.20
2016,4,7,12,12.3,97,1.4,70,6.00
2016,4,7,13,12.7,97,2.1,290,6.00
2016,4,7,14,14.0,92,1.8,320,0.93
2016,4,7,15,14.5,88,1.8,290,0.96
2016,4,7,16,15.0,88,3.3,200,1.28
2016,4,7,17,14.5,87,1.8,230,0.71
2016,4,7,18,13.8,88,2.5,200,0.42
2016,4,8,8,13.5,81,0.3,0,0.36
2016,4,8,9,15.6,71,1.3,250,0.82
2016,4,8,10,17.4,63,2.7,320,1.35
2016,4,8,11,20.1,53,0.9,230,2.18
2016,4,8,12,21.7,48,3.6,200,2.90
2016,4,8,13,20.7,49,4.5,200,3.17
2016,4,8,14,20.4,49,4.7,200,3.01
2016,4,8,15,20.4,49,4.5,200,2.65
2016,4,8,16,19.7,55,3.5,230,2.03
2016,4,8,17,19.9,33,5.1,230,1.36
2016,4,8,18,18.8,34,5.6,270,0.64
2016,4,9,8,15.9,53,0.0,0,0.72
2016,4,9,9,18.1,40,1.4,250,1.26
2016,4,9,10,20.6,41,2.9,200,2.10
2016,4,9,11,21.4,37,3.6,200,2.60
2016,4,9,12,22.1,39,3.2,230,3.04
2016,4,9,13,20.6,45,4.1,230,3.19
2016,4,9,14,19.8,57,5.1,200,2.99
2016,4,9,15,19.4,62,4.1,200,2.31
2016,4,9,16,19.6,59,4.2,180,1.86
2016,4,9,17,19.7,44,5.5,230,1.26
2016,4,9,18,18.5,47,4.2,200,0.53
2016,4,10,8,16.3,52,1.6,50,0.43
2016,4,10,9,18.3,47,1.8,90,0.98
2016,4,10,10,18.0,67,2.5,110,1.54
2016,4,10,11,18.3,63,3.2,90,2.35
2016,4,10,12,18.7,62,3.2,90,2.70
2016,4,10,13,18.3,61,4.6,90,2.58
2016,4,10,14,17.7,60,4.2,90,2.46
2016,4,10,15,17.1,61,4.4,90,2.26
2016,4,10,16,15.8,67,4.4,90,1.63
2016,4,10,17,15.2,68,3.1,70,0.99
2016,4,10,18,14.2,71,3.5,90,0.59
2016,4,11,8,9.3,78,4.1,50,0.09
2016,4,11,9,9.5,73,4.4,50,0.17
2016,4,11,10,10.6,66,4.6,50,0.60
2016,4,11,11,11.0,66,3.9,50,0.84
2016,4,11,12,11.0,63,3.5,50,0.84
2016,4,11,13,11.5,60,3.7,70,1.07
2016,4,11,14,12.2,57,3.8,70,1.19
2016,4,11,15,13.0,54,4.2,90,2.63
2016,4,11,16,13.0,53,4.1,90,1.99
2016,4,11,17,11.8,56,5.3,90,1.13
2016,4,11,18,10.9,58,3.5,70,0.65
2016,4,12,8,10.1,64,2.8,50,0.39
2016,4,12,9,11.7,61,2.5,70,0.72
2016,4,12,10,14.1,57,2.6,70,1.76
2016,4,12,11,13.6,58,3.9,90,1.63
2016,4,12,12,14.6,57,4.1,110,1.96
2016,4,12,13,15.6,55,3.9,110,2.74
2016,4,12,14,15.7,58,4.2,140,2.85
2016,4,12,15,15.6,56,3.7,140,2.37
2016,4,12,16,14.9,55,2.3,110,1.47
2016,4,12,17,15.0,57,1.6,90,1.19
2016,4,12,18,14.0,61,1.9,230,0.44
2016,4,13,8,15.9,79,5.2,250,0.12
2016,4,13,9,14.8,92,2.7,250,0.07
2016,4,13,10,14.8,93,3.1,230,0.28
2016,4,13,11,14.3,95,3.5,230,6.00
2016,4,13,12,14.3,97,2.2,70,0.19
2016,4,13,13,14.6,98,2.5,110,0.30
2016,4,13,14,14.2,98,2.2,90,6.00
2016,4,13,15,14.0,99,2.7,90,0.12
2016,4,13,16,14.3,99,2.0,90,0.13
2016,4,13,17,14.5,98,2.5,70,0.11
2016,4,13,18,14.6,98,1.7,50,0.06
2016,4,14,8,14.5,87,4.6,340,0.72
2016,4,14,9,17.7,73,1.2,360,1.62
2016,4,14,10,19.9,60,1.3,270,2.27
2016,4,14,11,21.3,60,2.3,200,2.76
2016,4,14,12,20.3,67,3.1,200,3.06
2016,4,14,13,19.2,68,5.3,200,3.15
2016,4,14,14,20.2,66,4.2,230,2.98
2016,4,14,15,20.1,62,3.2,200,2.59
2016,4,14,16,20.6,59,3.6,180,2.02
2016,4,14,17,19.5,63,4.0,200,1.35
2016,4,14,18,18.4,73,2.8,230,0.64
2016,4,15,8,14.0,59,4.8,50,0.81
2016,4,15,9,15.7,54,3.6,70,1.71
2016,4,15,10,17.1,50,3.5,70,2.35
2016,4,15,11,17.5,52,3.4,90,2.87
2016,4,15,12,17.5,43,4.4,90,3.20
2016,4,15,13,17.7,36,4.8,110,3.28
2016,4,15,14,17.7,44,4.4,90,3.12
2016,4,15,15,17.5,46,4.0,90,2.75
2016,4,15,16,16.5,53,3.4,110,2.19
2016,4,15,17,15.6,58,3.4,110,1.48
2016,4,15,18,14.8,63,1.9,110,0.74
2016,4,16,8,13.6,64,0.4,0,0.63
2016,4,16,9,15.6,60,1.3,90,0.85
2016,4,16,10,17.9,56,1.1,160,1.62
2016,4,16,11,18.8,64,2.4,230,1.81
2016,4,16,12,18.7,67,2.7,200,1.37
2016,4,16,13,18.5,65,3.5,230,1.43
2016,4,16,14,17.9,67,2.4,230,0.89
2016,4,16,15,18.1,68,2.8,200,0.82
2016,4,16,16,18.1,68,1.7,230,0.64
2016,4,16,17,17.3,72,1.7,200,0.22
2016,4,16,18,16.3,86,2.6,90,0.10
2016,4,17,8,15.6,62,9.4,250,1.09
2016,4,17,9,16.2,60,7.5,270,1.85
2016,4,17,10,17.2,57,7.4,270,2.38
2016,4,17,11,17.7,54,11.4,290,2.99
2016,4,17,12,19.1,41,5.7,290,3.26
2016,4,17,13,19.4,39,5.3,290,3.33
2016,4,17,14,20.1,32,8.7,270,3.18
2016,4,17,15,20.6,31,9.1,270,2.80
2016,4,17,16,20.0,32,9.8,290,2.17
2016,4,17,17,19.6,35,6.8,290,1.43
2016,4,17,18,18.1,34,5.4,290,0.67
2016,4,18,8,13.4,37,3.9,250,0.35
2016,4,18,9,14.0,38,4.7,250,0.64
2016,4,18,10,14.8,34,3.7,270,0.84
2016,4,18,11,15.9,35,4.6,250,1.47
2016,4,18,12,17.4,30,4.2,270,1.97
2016,4,18,13,18.0,30,5.5,250,2.14
2016,4,18,14,17.8,43,5.4,200,2.25
2016,4,18,15,17.4,38,8.2,200,2.37
2016,4,18,16,17.7,43,6.7,230,1.82
2016,4,18,17,16.8,50,6.2,200,1.20
2016,4,18,18,16.0,56,6.5,230,0.62
2016,4,19,8,14.8,34,1.7,360,1.10
2016,4,19,9,15.9,36,1.8,360,1.85
2016,4,19,10,17.7,30,1.6,320,2.50
2016,4,19,11,18.5,29,2.7,340,3.00
2016,4,19,12,19.8,34,1.6,90,3.23
2016,4,19,13,17.1,48,5.8,200,3.25
2016,4,19,14,17.9,53,4.3,180,3.11
2016,4,19,15,16.9,54,4.7,200,2.73
2016,4,19,16,17.2,54,3.3,180,2.12
2016,4,19,17,16.3,52,3.9,140,1.40
2016,4,19,18,15.1,60,2.4,90,0.69
2016,4,20,8,15.0,72,1.0,160,0.86
2016,4,20,9,16.9,65,2.2,200,1.73
2016,4,20,10,17.5,61,2.3,200,2.35
2016,4,20,11,18.7,59,3.7,200,2.87
2016,4,20,12,18.2,59,3.8,200,3.18
2016,4,20,13,20.0,43,2.3,200,3.08
2016,4,20,14,19.6,32,3.3,200,2.63
2016,4,20,15,18.8,43,3.8,200,2.59
2016,4,20,16,17.1,62,4.0,230,1.46
2016,4,20,17,16.6,67,4.3,200,0.95
2016,4,20,18,16.1,55,3.7,230,0.53
2016,4,21,8,14.2,98,3.7,90,0.03
2016,4,21,9,14.4,99,4.7,90,0.06
2016,4,21,10,14.4,98,3.4,90,0.13
2016,4,21,11,14.8,99,2.1,70,0.20
2016,4,21,12,15.1,99,1.4,50,0.15
2016,4,21,13,15.6,99,1.0,250,0.20
2016,4,21,14,16.4,99,3.7,250,0.31
2016,4,21,15,16.4,98,5.0,290,0.34
2016,4,21,16,17.2,95,2.9,160,0.51
2016,4,21,17,18.3,83,1.5,290,1.28
2016,4,21,18,17.7,85,1.6,20,0.52
2016,4,22,8,16.4,78,3.9,340,1.00
2016,4,22,9,18.0,72,3.9,340,1.65
2016,4,22,10,20.2,62,2.6,290,2.50
2016,4,22,11,21.5,57,3.4,290,2.73
2016,4,22,12,22.4,62,4.0,250,3.07
2016,4,22,13,22.4,59,4.3,230,2.91
2016,4,22,14,20.7,67,6.5,200,3.02
2016,4,22,15,20.2,68,6.0,230,2.69
2016,4,22,16,18.3,76,5.5,200,2.13
2016,4,22,17,17.5,79,4.3,200,1.39
2016,4,22,18,16.9,81,3.7,200,0.64
2016,4,23,8,17.5,66,0.8,360,0.32
2016,4,23,9,17.1,68,2.1,90,0.42
2016,4,23,10,17.1,53,2.4,70,0.49
2016,4,23,11,17.9,52,2.2,70,0.95
2016,4,23,12,17.6,49,2.9,110,0.83
2016,4,23,13,17.2,52,3.6,110,0.78
2016,4,23,14,17.8,45,1.8,70,0.79
2016,4,23,15,18.3,43,1.5,140,1.33
2016,4,23,16,17.7,43,2.7,140,0.78
2016,4,23,17,17.3,45,2.7,200,0.53
2016,4,23,18,17.0,47,2.2,230,0.32
2016,4,24,8,15.7,36,2.1,70,0.62
2016,4,24,9,17.0,33,3.0,70,0.99
2016,4,24,10,20.0,26,3.3,50,1.84
2016,4,24,11,21.8,30,2.2,50,2.80
2016,4,24,12,21.2,30,4.6,90,3.18
2016,4,24,13,20.8,33,4.0,90,3.24
2016,4,24,14,20.5,34,4.5,90,3.10
2016,4,24,15,20.2,35,3.8,90,2.64
2016,4,24,16,19.5,36,2.8,90,2.05
2016,4,24,17,18.6,41,3.3,90,1.44
2016,4,24,18,17.1,44,2.4,70,0.70
2016,4,25,8,16.5,38,1.2,70,1.15
2016,4,25,9,18.8,26,2.2,110,1.89
2016,4,25,10,20.7,26,3.1,140,2.41
2016,4,25,11,21.2,30,3.3,140,2.62
2016,4,25,12,22.3,23,2.6,90,3.06
2016,4,25,13,21.7,24,3.9,110,2.96
2016,4,25,14,21.0,31,3.1,140,2.62
2016,4,25,15,20.3,34,4.3,110,2.74
2016,4,25,16,20.9,28,2.5,90,2.26
2016,4,25,17,20.6,29,1.5,90,1.55
2016,4,25,18,19.0,30,2.2,90,0.82
2016,4,26,8,18.0,34,0.9,70,1.12
2016,4,26,9,21.3,27,1.8,110,1.89
2016,4,26,10,23.3,21,1.2,70,2.45
2016,4,26,11,23.9,24,2.9,140,2.75
2016,4,26,12,23.7,25,3.2,90,3.00
2016,4,26,13,23.2,28,3.5,90,2.95
2016,4,26,14,22.6,42,3.9,90,2.91
2016,4,26,15,22.8,37,3.9,90,2.35
2016,4,26,16,21.6,43,3.5,90,1.75
2016,4,26,17,20.4,48,2.2,70,0.98
2016,4,26,18,18.6,56,2.6,70,0.49
2016,4,27,8,12.1,90,3.9,50,0.18
2016,4,27,9,12.2,91,5.1,50,0.20
2016,4,27,10,11.7,93,4.2,50,0.12
2016,4,27,11,11.6,95,4.4,50,0.24
2016,4,27,12,12.8,94,4.4,50,0.53
2016,4,27,13,13.2,92,4.8,50,0.99
2016,4,27,14,12.8,92,4.4,50,0.62
2016,4,27,15,12.7,92,4.8,50,0.44
2016,4,27,16,12.2,93,4.2,50,0.20
2016,4,27,17,11.7,94,4.6,50,0.09
2016,4,27,18,11.5,94,4.3,50,0.02
2016,4,28,8,11.9,91,1.2,360,0.27
2016,4,28,9,12.8,89,2.4,50,0.53
2016,4,28,10,14.6,85,2.4,50,1.26
2016,4,28,11,15.6,82,1.3,70,1.33
2016,4,28,12,15.3,83,0.8,340,1.12
2016,4,28,13,14.1,87,2.9,320,0.77
2016,4,28,14,15.7,76,2.3,200,1.20
2016,4,28,15,15.7,77,2.1,140,1.25
2016,4,28,16,15.5,75,2.8,110,1.09
2016,4,28,17,15.3,74,2.5,110,1.03
2016,4,28,18,14.5,75,2.5,110,0.53
2016,4,29,8,13.1,49,0.6,320,0.40
2016,4,29,9,16.3,35,0.3,0,1.41
2016,4,29,10,17.9,36,2.7,180,2.45
2016,4,29,11,18.4,40,4.2,180,2.89
2016,4,29,12,17.6,36,6.1,200,3.14
2016,4,29,13,17.9,33,5.6,200,3.26
2016,4,29,14,18.6,38,4.3,200,3.13
2016,4,29,15,18.4,39,5.3,200,2.71
2016,4,29,16,18.1,35,6.2,200,2.19
2016,4,29,17,17.3,40,5.9,200,1.51
2016,4,29,18,16.4,51,6.8,230,0.82
2016,4,30,8,15.6,76,2.6,250,1.09
2016,4,30,9,17.0,63,5.4,250,1.72
2016,4,30,10,18.8,47,4.7,270,2.42
2016,4,30,11,18.7,57,6.6,200,2.91
2016,4,30,12,19.5,62,6.9,200,3.15
2016,4,30,13,20.2,60,6.4,200,3.22
2016,4,30,14,20.8,52,6.8,230,3.04
2016,4,30,15,20.4,44,8.2,230,2.69
2016,4,30,16,19.7,54,8.1,230,2.16
2016,4,30,17,19.3,52,6.8,230,1.47
2016,4,30,18,18.0,64,7.6,230,0.77
2016,5,1,8,17.5,59,4.4,250,1.12
2016,5,1,9,19.2,56,4.8,230,1.86
2016,5,1,10,19.3,60,8.2,230,2.55
2016,5,1,11,20.1,57,8.9,230,2.89
2016,5,1,12,21.3,59,6.4,200,2.97
2016,5,1,13,21.2,60,7.9,200,3.30
2016,5,1,14,22.2,58,5.6,230,3.12
2016,5,1,15,22.3,57,5.9,230,2.76
2016,5,1,16,22.0,62,5.6,230,2.21
2016,5,1,17,20.9,64,6.9,230,1.52
2016,5,1,18,19.8,69,6.5,230,0.81
2016,5,2,8,19.4,77,3.4,250,1.09
2016,5,2,9,21.0,76,3.3,250,1.71
2016,5,2,10,20.7,79,4.4,200,1.82
2016,5,2,11,21.3,77,4.2,230,1.93
2016,5,2,12,23.0,72,6.4,230,2.84
2016,5,2,13,23.1,72,5.8,250,3.32
2016,5,2,14,23.7,67,5.6,230,2.92
2016,5,2,15,23.0,69,7.8,250,2.63
2016,5,2,16,22.1,72,6.3,230,1.78
2016,5,2,17,20.9,77,5.3,230,0.61
2016,5,2,18,20.6,75,5.5,230,0.24
2016,5,3,8,15.9,97,6.8,180,0.00
2016,5,3,9,15.8,96,10.3,180,0.01
2016,5,3,10,16.0,96,7.6,180,0.05
2016,5,3,11,16.9,98,10.9,230,0.05
2016,5,3,12,17.5,98,11.9,200,0.09
2016,5,3,13,16.6,98,9.1,230,0.27
2016,5,3,14,17.1,92,7.9,230,0.52
2016,5,3,15,18.2,64,10.1,250,2.50
2016,5,3,16,18.5,60,12.5,270,2.21
2016,5,3,17,17.6,57,14.3,250,1.66
2016,5,3,18,16.6,61,13.1,250,0.88
2016,5,4,8,17.2,50,6.2,230,1.18
2016,5,4,9,18.9,48,5.9,250,1.89
2016,5,4,10,20.2,45,6.6,250,2.51
2016,5,4,11,21.5,39,7.7,250,2.97
2016,5,4,12,22.8,37,7.2,250,3.22
2016,5,4,13,23.9,36,6.2,250,3.26
2016,5,4,14,24.5,31,9.0,250,3.11
2016,5,4,15,25.6,22,9.3,250,2.77
2016,5,4,16,25.8,17,7.6,290,2.17
2016,5,4,17,25.1,16,10.4,290,1.64
2016,5,4,18,23.8,17,6.6,290,0.93
2016,5,5,8,18.9,32,3.0,270,1.21
2016,5,5,9,21.0,30,2.2,320,1.92
2016,5,5,10,22.6,28,3.7,290,2.52
2016,5,5,11,24.2,24,2.9,270,2.83
2016,5,5,12,22.5,51,4.1,180,2.89
2016,5,5,13,21.6,41,4.6,200,3.04
2016,5,5,14,20.7,36,6.2,200,2.70
2016,5,5,15,21.2,34,4.0,230,1.82
2016,5,5,16,20.4,36,3.5,200,1.28
2016,5,5,17,20.0,32,3.4,200,0.79
2016,5,5,18,19.6,34,4.9,250,0.45
2016,5,6,8,16.0,97,1.7,230,0.04
2016,5,6,9,16.4,98,0.3,0,0.16
2016,5,6,10,16.3,98,2.0,110,0.22
2016,5,6,11,16.0,98,1.7,90,0.23
2016,5,6,12,16.4,98,1.5,70,0.35
2016,5,6,13,17.1,98,1.0,70,0.55
2016,5,6,14,17.1,98,1.3,70,0.45
2016,5,6,15,17.3,98,1.1,70,0.52
2016,5,6,16,17.7,98,2.4,200,0.42
2016,5,6,17,17.6,98,2.0,200,0.35
2016,5,6,18,17.0,98,3.8,200,0.28
2016,5,7,8,18.5,49,2.2,70,1.15
2016,5,7,9,19.6,44,3.0,320,1.92
2016,5,7,10,21.4,40,2.1,200,2.43
2016,5,7,11,22.9,36,1.8,90,2.81
2016,5,7,12,23.2,32,4.2,340,2.90
2016,5,7,13,24.0,30,4.6,320,2.96
2016,5,7,14,24.0,33,3.9,290,2.36
2016,5,7,15,25.0,34,2.7,270,1.98
2016,5,7,16,23.5,47,3.6,230,1.82
2016,5,7,17,22.4,41,4.6,230,1.06
2016,5,7,18,22.1,45,4.1,230,0.78
2016,5,8,8,19.3,61,2.6,70,1.08
2016,5,8,9,21.0,44,2.7,70,1.51
2016,5,8,10,22.5,36,2.2,90,2.41
2016,5,8,11,21.8,39,4.0,110,2.49
2016,5,8,12,22.6,38,3.2,110,2.89
2016,5,8,13,22.6,37,2.9,110,2.88
2016,5,8,14,22.1,37,2.3,70,2.00
2016,5,8,15,21.6,35,1.9,90,1.30
2016,5,8,16,21.3,34,2.1,70,1.05
2016,5,8,17,20.4,37,2.8,90,0.77
2016,5,8,18,19.4,39,2.5,90,0.29
2016,5,9,8,17.6,60,1.7,50,0.28
2016,5,9,9,18.6,48,2.2,50,0.42
2016,5,9,10,19.2,62,1.2,160,0.54
2016,5,9,11,20.1,51,0.9,70,0.85
2016,5,9,12,21.7,51,2.7,110,1.70
2016,5,9,13,20.8,61,1.3,70,1.13
2016,5,9,14,21.2,66,2.7,90,1.81
2016,5,9,15,21.4,64,2.9,140,1.54
2016,5,9,16,20.3,62,1.4,140,0.71
2016,5,9,17,19.8,70,0.2,0,0.40
2016,5,9,18,19.1,70,1.6,200,0.18
2016,5,10,8,16.5,98,1.6,110,0.08
2016,5,10,9,16.3,98,1.2,70,0.09
2016,5,10,10,16.5,98,1.6,70,0.17
2016,5,10,11,16.5,97,2.3,50,0.17
2016,5,10,12,13.7,86.5,2.2,180,0.74
2016,5,10,13,16.2,94,4.0,50,0.33
2016,5,10,14,15.6,93,5.0,50,0.28
2016,5,10,15,14.9,92,4.5,50,0.33
2016,5,10,16,13.8,92,4.3,50,0.34
2016,5,10,17,13.5,91,3.8,50,0.21
2016,5,10,18,13.3,91,4.2,50,0.14
2016,5,11,8,13.8,87,1.0,320,0.15
2016,5,11,9,15.0,83,0.8,320,0.48
2016,5,11,10,16.9,77,1.5,160,1.31
2016,5,11,11,16.5,75,3.8,200,1.17
2016,5,11,12,16.3,76,2.9,200,1.19
2016,5,11,13,16.6,74,3.2,200,0.89
2016,5,11,14,17.9,69,4.4,200,2.32
2016,5,11,15,17.3,74,4.7,200,2.34
2016,5,11,16,17.1,72,5.1,200,2.07
2016,5,11,17,16.5,72,5.5,200,1.61
2016,5,11,18,16.3,75,3.7,200,0.91
2016,5,12,8,17.1,78,4.3,200,1.27
2016,5,12,9,18.9,70,4.4,200,2.00
2016,5,12,10,20.5,63,4.3,250,2.61
2016,5,12,11,21.5,56,5.2,270,3.11
2016,5,12,12,23.3,47,3.9,230,3.37
2016,5,12,13,22.9,55,4.7,200,3.41
2016,5,12,14,22.8,48,5.3,230,3.29
2016,5,12,15,23.1,40,5.8,230,2.92
2016,5,12,16,23.1,35,4.9,230,2.40
2016,5,12,17,21.8,39,4.4,230,1.71
2016,5,12,18,20.5,44,4.3,230,0.99
2016,5,13,8,18.5,74,3.0,250,1.26
2016,5,13,9,20.4,63,1.9,270,1.73
2016,5,13,10,21.2,61,2.9,290,2.09
2016,5,13,11,21.0,69,3.2,180,2.01
2016,5,13,12,20.8,69,2.3,200,1.49
2016,5,13,13,20.7,71,3.4,200,1.84
2016,5,13,14,20.3,67,2.3,180,1.66
2016,5,13,15,19.6,69,3.1,90,0.58
2016,5,13,16,18.8,55,3.3,70,0.66
2016,5,13,17,19.0,54,3.3,70,0.66
2016,5,13,18,18.0,59,2.7,90,0.42
2016,5,14,8,16.8,69,3.2,50,1.19
2016,5,14,9,19.0,59,3.4,90,1.98
2016,5,14,10,19.6,57,3.7,90,2.62
2016,5,14,11,20.6,55,3.8,90,3.05
2016,5,14,12,20.9,54,4.2,90,3.32
2016,5,14,13,21.2,53,3.9,90,3.35
2016,5,14,14,20.4,55,4.0,110,3.17
2016,5,14,15,20.0,62,4.3,90,2.77
2016,5,14,16,20.0,57,3.4,90,2.25
2016,5,14,17,18.9,58,4.0,90,1.59
2016,5,14,18,18.1,60,2.4,90,0.87
2016,5,15,8,17.5,80,0.5,90,0.61
2016,5,15,9,18.9,76,1.6,180,1.14
2016,5,15,10,19.1,78,1.3,200,0.64
2016,5,15,11,20.5,74,1.6,230,1.24
2016,5,15,12,22.1,73,4.3,230,2.69
2016,5,15,13,22.8,75,6.9,250,2.49
2016,5,15,14,21.7,77,6.1,230,1.55
2016,5,15,15,22.1,77,8.4,230,1.31
2016,5,15,16,21.1,83,6.8,250,0.67
2016,5,15,17,20.7,88,6.4,230,0.39
2016,5,15,18,20.3,94,7.4,250,0.17
2016,5,16,8,12.0,85,5.7,360,0.20
2016,5,16,9,11.5,87,4.6,360,0.27
2016,5,16,10,11.7,86,3.6,340,0.39
2016,5,16,11,13.0,77,2.4,340,0.69
2016,5,16,12,15.6,65,3.9,290,1.58
2016,5,16,13,18.5,55,2.9,270,2.83
2016,5,16,14,18.0,66,5.2,180,2.68
2016,5,16,15,17.4,72,6.1,180,2.48
2016,5,16,16,18.0,65,5.4,200,1.98
2016,5,16,17,18.0,65,4.8,200,1.14
2016,5,16,18,17.1,76,4.7,200,0.89
2016,5,17,8,17.7,32,2.3,360,1.36
2016,5,17,9,19.6,31,1.9,360,2.11
2016,5,17,10,21.3,31,2.7,270,2.75
2016,5,17,11,22.3,28,4.9,290,3.19
2016,5,17,12,24.1,29,2.4,290,3.46
2016,5,17,13,23.5,46,3.9,200,3.44
2016,5,17,14,22.4,47,3.4,200,3.23
2016,5,17,15,24.3,26,4.1,140,2.83
2016,5,17,16,23.3,34,2.5,160,2.37
2016,5,17,17,21.2,54,3.3,200,1.69
2016,5,17,18,20.1,50,2.3,200,0.93
2016,5,18,8,20.4,47,1.1,140,1.31
2016,5,18,9,22.6,40,1.4,140,2.00
2016,5,18,10,22.6,50,2.5,200,2.60
2016,5,18,11,22.9,57,3.1,200,2.97
2016,5,18,12,24.2,52,2.1,200,3.28
2016,5,18,13,24.5,37,2.1,230,3.34
2016,5,18,14,26.6,31,1.6,110,3.19
2016,5,18,15,25.6,29,2.2,110,2.88
2016,5,18,16,24.6,26,2.5,90,2.34
2016,5,18,17,23.5,38,2.1,90,1.67
2016,5,18,18,21.4,50,2.1,90,0.71
2016,5,19,8,20.3,52,1.8,70,1.24
2016,5,19,9,21.7,53,1.5,90,1.70
2016,5,19,10,23.7,51,2.6,140,2.45
2016,5,19,11,23.4,57,1.8,110,2.63
2016,5,19,12,24.7,45,2.4,90,2.75
2016,5,19,13,23.6,37,4.8,110,3.30
2016,5,19,14,23.5,45,5.3,110,3.27
2016,5,19,15,23.6,59,2.8,110,2.97
2016,5,19,16,24.1,53,1.8,70,2.51
2016,5,19,17,25.0,43,1.9,70,1.70
2016,5,19,18,24.5,35,1.9,70,1.05
2016,5,20,8,22.5,49,1.3,90,1.34
2016,5,20,9,24.4,45,2.1,90,2.03
2016,5,20,10,25.1,45,3.5,140,2.64
2016,5,20,11,25.3,43,3.9,140,3.09
2016,5,20,12,25.0,45,3.3,140,3.35
2016,5,20,13,24.2,54,3.5,140,3.42
2016,5,20,14,24.5,56,2.8,90,3.27
2016,5,20,15,24.2,58,2.8,90,2.96
2016,5,20,16,23.9,60,2.6,110,2.41
2016,5,20,17,23.4,60,2.8,110,1.72
2016,5,20,18,22.3,59,2.4,110,0.89
2016,5,21,8,21.2,43,3.7,50,1.15
2016,5,21,9,23.1,41,2.3,70,1.60
2016,5,21,10,23.5,38,4.2,110,1.89
2016,5,21,11,24.8,41,3.3,90,2.49
2016,5,21,12,24.8,38,3.2,90,3.03
2016,5,21,13,25.9,34,3.8,110,3.45
2016,5,21,14,25.7,36,4.0,110,3.24
2016,5,21,15,25.3,36,3.4,110,2.79
2016,5,21,16,25.2,34,3.0,90,2.22
2016,5,21,17,23.7,37,2.9,70,1.41
2016,5,21,18,22.2,47,2.2,70,0.83
2016,5,22,8,21.6,52,3.5,50,1.38
2016,5,22,9,23.3,50,2.7,70,2.05
2016,5,22,10,24.3,49,3.2,140,2.55
2016,5,22,11,25.2,47,3.8,110,3.02
2016,5,22,12,25.7,42,3.3,110,3.34
2016,5,22,13,25.8,39,3.9,110,3.37
2016,5,22,14,25.7,40,3.0,110,3.22
2016,5,22,15,25.2,43,3.2,90,2.86
2016,5,22,16,24.0,39,4.1,90,2.29
2016,5,22,17,23.8,32,3.2,90,1.68
2016,5,22,18,22.7,33,3.2,70,0.95
2016,5,23,8,20.0,45,1.9,90,1.29
2016,5,23,9,21.9,53,1.9,110,1.97
2016,5,23,10,23.2,58,2.3,140,2.57
2016,5,23,11,22.1,59,4.6,110,2.94
2016,5,23,12,21.8,69,4.0,110,3.09
2016,5,23,13,23.5,65,2.6,110,3.28
2016,5,23,14,23.6,67,2.2,110,3.04
2016,5,23,15,21.6,76,3.9,200,2.54
2016,5,23,16,22.0,71,2.7,200,2.01
2016,5,23,17,22.3,73,2.8,200,1.60
2016,5,23,18,20.0,84,2.9,200,0.76
2016,5,24,8,20.4,79,6.3,250,0.15
2016,5,24,9,19.0,92,5.0,230,0.19
2016,5,24,10,20.0,86,5.4,230,0.41
2016,5,24,11,19.5,89,6.2,230,0.43
2016,5,24,12,19.5,91,4.1,230,0.26
2016,5,24,13,19.0,95,5.4,250,0.24
2016,5,24,14,19.0,97,6.7,250,0.18
2016,5,24,15,19.1,98,5.8,230,0.15
2016,5,24,16,19.4,98,2.7,250,0.17
2016,5,24,17,18.9,99,3.6,230,0.22
2016,5,24,18,19.0,99,5.6,230,0.05
2016,5,25,8,19.0,72,0.5,140,0.71
2016,5,25,9,22.0,59,1.3,140,1.88
2016,5,25,10,22.0,66,3.8,200,2.52
2016,5,25,11,22.1,67,4.4,200,2.98
2016,5,25,12,21.4,69,5.6,200,3.27
2016,5,25,13,22.5,60,4.9,200,3.35
2016,5,25,14,23.2,62,4.8,200,3.20
2016,5,25,15,23.4,64,4.5,180,2.84
2016,5,25,16,22.8,52,5.1,200,2.28
2016,5,25,17,22.7,53,3.3,230,1.62
2016,5,25,18,21.3,64,4.1,230,0.91
2016,5,26,8,21.6,66,0.6,160,0.99
2016,5,26,9,23.6,58,1.4,200,1.62
2016,5,26,10,23.4,61,2.9,200,2.01
2016,5,26,11,24.4,55,3.8,200,2.47
2016,5,26,12,24.3,52,4.2,200,2.84
2016,5,26,13,24.7,52,5.0,200,2.88
2016,5,26,14,25.5,45,4.2,200,2.96
2016,5,26,15,24.8,48,4.1,200,2.29
2016,5,26,16,24.3,58,4.4,200,1.82
2016,5,26,17,23.3,61,3.8,180,1.38
2016,5,26,18,22.1,67,3.1,200,0.60
2016,5,27,8,23.1,63,1.4,110,0.80
2016,5,27,9,24.2,54,1.9,90,1.07
2016,5,27,10,26.2,42,3.0,90,2.33
2016,5,27,11,26.6,40,3.8,90,3.02
2016,5,27,12,26.4,38,3.8,110,3.20
2016,5,27,13,26.2,42,3.3,90,3.11
2016,5,27,14,25.8,43,3.8,110,3.03
2016,5,27,15,25.3,45,3.1,90,2.58
2016,5,27,16,24.6,49,2.7,90,2.12
2016,5,27,17,23.1,53,3.6,110,1.28
2016,5,27,18,22.0,53,1.9,110,0.40
2016,5,28,8,20.6,75,2.4,250,0.30
2016,5,28,9,21.1,72,3.2,230,0.48
2016,5,28,10,20.9,77,4.5,200,0.68
2016,5,28,11,20.7,77,2.9,200,0.75
2016,5,28,12,21.1,76,4.1,200,1.13
2016,5,28,13,20.5,77,4.5,200,0.79
2016,5,28,14,21.6,76,4.5,200,1.24
2016,5,28,15,22.5,65,4.7,200,2.04
2016,5,28,16,23.8,60,2.6,200,1.73
2016,5,28,17,24.0,55,2.8,200,1.49
2016,5,28,18,23.4,56,3.5,200,0.89
2016,5,29,8,19.6,76,2.2,340,0.16
2016,5,29,9,17.9,92,4.5,340,0.37
2016,5,29,10,18.8,82,3.6,340,0.68
2016,5,29,11,19.9,78,3.9,290,0.74
2016,5,29,12,20.9,74,3.3,320,0.89
2016,5,29,13,22.0,64,2.5,320,1.09
2016,5,29,14,25.3,50,1.2,290,2.37
2016,5,29,15,24.1,67,3.9,180,1.96
2016,5,29,16,24.1,53,4.5,180,2.12
2016,5,29,17,22.2,70,4.8,200,1.58
2016,5,29,18,21.1,69,5.7,200,0.90
2016,5,30,8,23.9,50,1.7,20,1.35
2016,5,30,9,25.9,45,1.4,140,2.01
2016,5,30,10,26.1,48,2.7,200,2.56
2016,5,30,11,25.8,52,2.8,110,2.98
2016,5,30,12,24.9,59,3.8,110,3.19
2016,5,30,13,25.0,60,4.4,110,3.19
2016,5,30,14,24.5,64,3.4,110,3.03
2016,5,30,15,24.1,66,4.3,110,2.71
2016,5,30,16,24.3,60,3.1,110,2.27
2016,5,30,17,23.5,63,2.5,110,1.60
2016,5,30,18,22.8,63,2.3,110,0.93
2016,5,31,8,22.5,54,2.5,340,1.28
2016,5,31,9,24.9,46,1.9,320,1.98
2016,5,31,10,27.8,38,1.8,140,2.49
2016,5,31,11,28.8,38,2.2,250,2.84
2016,5,31,12,29.0,37,2.2,180,2.76
2016,5,31,13,29.8,33,2.9,340,3.02
2016,5,31,14,29.7,37,4.3,270,2.74
2016,5,31,15,29.0,38,4.9,270,1.90
2016,5,31,16,28.2,41,3.7,270,1.46
2016,5,31,17,24.3,58,4.3,200,1.18
2016,5,31,18,23.6,65,3.5,200,0.43
2016,6,1,8,20.2,69,3.7,70,0.84
2016,6,1,9,21.2,59,4.1,70,1.36
2016,6,1,10,21.9,51,4.2,90,2.14
2016,6,1,11,23.2,47,3.0,70,2.47
2016,6,1,12,23.1,47,4.3,70,2.94
2016,6,1,13,23.2,50,4.5,90,3.29
2016,6,1,14,22.8,49,4.8,90,3.17
2016,6,1,15,23.1,46,3.8,90,2.80
2016,6,1,16,23.3,44,2.9,70,2.34
2016,6,1,17,22.3,49,3.2,70,1.70
2016,6,1,18,20.9,50,2.9,70,1.06
2016,6,2,8,20.5,46,2.0,50,1.38
2016,6,2,9,22.6,41,3.0,110,2.07
2016,6,2,10,23.3,43,4.0,110,2.66
2016,6,2,11,23.2,50,4.1,110,3.11
2016,6,2,12,23.5,52,5.0,140,3.37
2016,6,2,13,23.5,52,4.9,140,3.48
2016,6,2,14,22.4,58,5.3,110,3.36
2016,6,2,15,22.8,58,2.9,110,2.98
2016,6,2,16,22.4,60,3.0,110,2.42
2016,6,2,17,22.1,62,3.4,140,1.67
2016,6,2,18,20.8,63,3.2,140,1.04
2016,6,3,8,21.4,40,2.9,270,1.25
2016,6,3,9,23.3,46,2.8,340,1.97
2016,6,3,10,25.7,43,2.8,230,2.56
2016,6,3,11,23.8,50,5.0,200,2.99
2016,6,3,12,22.7,52,5.8,200,3.20
2016,6,3,13,23.9,47,5.8,200,3.33
2016,6,3,14,24.8,45,5.3,200,3.20
2016,6,3,15,24.6,54,4.6,200,2.95
2016,6,3,16,23.6,60,4.7,200,2.21
2016,6,3,17,23.4,51,4.7,200,1.67
2016,6,3,18,22.4,52,3.8,230,0.74
2016,6,4,8,21.9,67,1.8,250,0.39
2016,6,4,9,23.0,66,2.7,270,0.75
2016,6,4,10,23.3,63,4.7,230,1.03
2016,6,4,11,22.7,68,3.8,230,0.88
2016,6,4,12,21.1,84,3.8,200,0.76
2016,6,4,13,20.4,89,2.8,230,0.44
2016,6,4,14,18.9,87,1.9,200,0.39
2016,6,4,15,19.6,89,0.0,0,0.43
2016,6,4,16,19.4,91,1.5,50,0.53
2016,6,4,17,19.4,92,1.7,90,0.35
2016,6,4,18,19.0,90,2.3,70,0.16
2016,6,5,8,19.4,80,3.4,50,0.37
2016,6,5,9,20.6,74,3.4,50,0.58
2016,6,5,10,21.5,73,4.7,50,0.99
2016,6,5,11,22.2,71,4.2,50,1.28
2016,6,5,12,23.7,62,2.7,50,1.97
2016,6,5,13,24.2,58,3.7,70,1.71
2016,6,5,14,25.0,58,3.3,70,2.24
2016,6,5,15,23.5,61,3.3,70,1.53
2016,6,5,16,22.9,62,4.4,50,1.19
2016,6,5,17,22.2,66,4.4,50,0.84
2016,6,5,18,21.8,67,3.2,50,0.50
2016,6,6,8,18.8,87,2.5,50,0.10
2016,6,6,9,18.6,93,2.2,50,6.00
2016,6,6,10,18.7,92,2.4,50,0.33
2016,6,6,11,18.8,94,2.1,50,0.33
2016,6,6,12,19.2,92,2.4,50,0.58
2016,6,6,13,19.6,89,3.1,50,0.51
2016,6,6,14,20.1,85,3.2,50,0.83
2016,6,6,15,20.0,83,3.2,50,0.57
2016,6,6,16,19.8,84,3.6,50,0.39
2016,6,6,17,20.2,81,3.3,50,0.49
2016,6,6,18,19.7,85,2.1,50,0.24
2016,6,7,8,20.5,84,0.0,0,0.44
2016,6,7,9,20.3,86,2.0,200,0.37
2016,6,7,10,20.9,84,0.2,0,0.52
2016,6,7,11,22.8,80,1.9,140,1.16
2016,6,7,12,22.3,80,2.8,110,1.29
2016,6,7,13,22.4,78,3.0,140,1.35
2016,6,7,14,23.1,75,2.4,110,1.54
2016,6,7,15,24.8,72,2.0,110,2.85
2016,6,7,16,23.3,73,3.2,200,1.93
2016,6,7,17,23.2,76,1.8,160,1.65
2016,6,7,18,22.2,80,1.6,110,0.85
2016,6,8,8,21.1,82,1.0,180,0.68
2016,6,8,9,21.2,87,2.8,200,1.09
2016,6,8,10,20.7,89,3.7,200,1.14
2016,6,8,11,21.8,82,3.1,200,1.32
2016,6,8,12,21.5,85,5.5,200,1.52
2016,6,8,13,21.7,85,4.8,200,1.47
2016,6,8,14,21.8,84,4.6,200,1.34
2016,6,8,15,21.1,87,4.7,200,0.90
2016,6,8,16,22.1,83,2.9,180,0.67
2016,6,8,17,21.7,84,3.0,230,0.61
2016,6,8,18,21.3,85,3.9,200,0.57
2016,6,9,8,22.0,83,3.5,340,0.61
2016,6,9,9,22.8,81,1.8,340,0.56
2016,6,9,10,24.3,72,1.1,180,0.85
2016,6,9,11,22.4,82,3.9,110,0.72
2016,6,9,12,22.4,79,1.3,90,0.80
2016,6,9,13,24.3,74,2.7,140,1.87
2016,6,9,14,25.8,70,3.4,110,2.96
2016,6,9,15,25.7,68,2.7,110,2.48
2016,6,9,16,25.2,69,3.1,90,1.96
2016,6,9,17,24.3,71,3.0,90,1.12
2016,6,9,18,22.8,77,2.4,90,0.52
2016,6,10,8,22.7,70,2.4,90,0.91
2016,6,10,9,24.2,71,3.1,140,2.01
2016,6,10,10,24.4,69,3.4,110,2.10
2016,6,10,11,25.1,68,3.9,110,3.03
2016,6,10,12,25.2,66,4.2,140,3.20
2016,6,10,13,24.6,69,4.3,110,3.28
2016,6,10,14,24.7,70,4.3,110,3.12
2016,6,10,15,24.8,69,4.2,110,2.79
2016,6,10,16,24.0,72,3.8,110,2.25
2016,6,10,17,23.2,78,2.6,90,1.66
2016,6,10,18,22.4,82,2.9,90,0.98
2016,6,11,8,23.6,72,3.5,270,1.05
2016,6,11,9,24.8,70,3.9,200,1.66
2016,6,11,10,25.9,66,3.5,200,1.92
2016,6,11,11,25.4,68,4.0,200,1.56
2016,6,11,12,24.3,74,3.1,180,1.45
2016,6,11,13,25.9,67,4.3,200,2.13
2016,6,11,14,25.8,72,4.7,200,2.74
2016,6,11,15,25.9,70,4.0,200,2.77
2016,6,11,16,25.5,73,5.2,200,2.07
2016,6,11,17,24.0,79,5.6,200,1.14
2016,6,11,18,24.6,77,3.3,200,0.85
2016,6,12,8,22.5,89,0.7,230,0.29
2016,6,12,9,23.9,83,1.2,200,0.59
2016,6,12,10,24.1,81,0.3,0,0.42
2016,6,12,11,23.1,92,1.8,70,0.34
2016,6,12,12,23.6,88,1.5,90,0.70
2016,6,12,13,23.8,91,0.6,90,0.74
2016,6,12,14,23.0,93,1.1,70,0.54
2016,6,12,15,22.8,94,1.0,90,0.27
2016,6,12,16,22.2,96,1.9,70,0.08
2016,6,12,17,21.4,97,1.9,90,0.09
2016,6,12,18,21.4,98,2.8,110,0.12
2016,6,13,8,21.4,93,1.6,90,0.41
2016,6,13,9,22.0,91,1.3,90,0.73
2016,6,13,10,22.3,88,1.1,110,0.91
2016,6,13,11,22.6,86,1.8,110,0.70
2016,6,13,12,23.6,83,3.5,110,1.26
2016,6,13,13,25.0,76,4.1,110,3.10
2016,6,13,14,25.4,71,2.8,110,2.96
2016,6,13,15,24.9,71,3.0,90,2.69
2016,6,13,16,24.6,72,2.8,90,2.16
2016,6,13,17,23.1,77,3.3,90,1.34
2016,6,13,18,22.2,80,3.0,90,0.79
2016,6,14,8,20.6,87,1.0,50,0.14
2016,6,14,9,21.0,86,0.9,50,0.30
2016,6,14,10,21.5,86,1.1,90,0.64
2016,6,14,11,22.2,83,2.9,140,0.91
2016,6,14,12,21.7,85,2.9,110,0.69
2016,6,14,13,22.8,80,2.9,140,1.07
2016,6,14,14,23.2,80,2.5,140,1.28
2016,6,14,15,22.3,83,2.5,200,0.75
2016,6,14,16,23.1,78,3.5,230,0.99
2016,6,14,17,23.4,76,3.6,200,1.69
2016,6,14,18,22.3,83,2.6,200,0.97
2016,6,15,8,21.9,85,4.2,250,0.47
2016,6,15,9,22.9,79,4.7,250,0.99
2016,6,15,10,23.6,73,4.9,250,1.47
2016,6,15,11,23.6,72,5.2,230,1.26
2016,6,15,12,24.2,73,4.9,230,1.58
2016,6,15,13,23.2,78,4.6,230,0.84
2016,6,15,14,23.8,77,5.9,250,1.43
2016,6,15,15,23.4,82,5.0,230,0.98
2016,6,15,16,23.1,83,6.1,230,0.44
2016,6,15,17,23.1,84,4.9,230,0.26
2016,6,15,18,23.1,84,5.8,250,0.34
2016,6,16,8,22.5,97,3.5,230,0.29
2016,6,16,9,23.2,96,3.3,270,0.57
2016,6,16,10,23.8,92,2.7,230,0.72
2016,6,16,11,24.4,87,4.3,230,1.24
2016,6,16,12,25.7,79,5.0,200,2.04
2016,6,16,13,26.3,74,5.7,200,2.37
2016,6,16,14,25.7,72,6.1,200,1.88
2016,6,16,15,24.8,76,3.7,180,1.45
2016,6,16,16,24.7,74,3.2,200,0.90
2016,6,16,17,25.3,69,4.9,230,0.73
2016,6,16,18,24.8,71,4.8,250,0.34
2016,6,17,8,22.6,62,1.6,340,1.17
2016,6,17,9,24.2,59,1.5,20,2.05
2016,6,17,10,25.2,52,2.6,320,2.66
2016,6,17,11,26.8,48,3.0,360,3.06
2016,6,17,12,28.1,49,4.5,250,3.14
2016,6,17,13,26.0,60,5.3,180,3.22
2016,6,17,14,25.9,58,5.3,200,3.10
2016,6,17,15,26.1,57,5.2,200,2.78
2016,6,17,16,24.7,63,6.7,200,2.24
2016,6,17,17,25.5,54,4.8,230,1.66
2016,6,17,18,23.6,67,4.2,200,1.04
2016,6,18,8,22.4,76,4.8,200,1.11
2016,6,18,9,23.4,70,4.6,230,1.88
2016,6,18,10,24.4,73,5.1,200,2.55
2016,6,18,11,24.3,71,4.6,200,2.73
2016,6,18,12,24.2,69,5.5,200,3.18
2016,6,18,13,25.0,68,6.8,200,3.28
2016,6,18,14,24.9,70,3.9,200,3.28
2016,6,18,15,24.7,70,5.5,200,2.50
2016,6,18,16,24.8,69,5.0,230,2.02
2016,6,18,17,23.8,74,3.8,230,1.21
2016,6,18,18,22.7,80,6.0,250,0.50
2016,6,19,8,22.2,98,1.9,230,0.20
2016,6,19,9,23.4,98,2.5,200,0.69
2016,6,19,10,25.1,90,3.1,270,1.52
2016,6,19,11,26.0,83,4.6,250,1.79
2016,6,19,12,27.3,73,5.9,250,2.62
2016,6,19,13,28.4,70,4.3,230,3.05
2016,6,19,14,27.5,69,6.5,200,2.85
2016,6,19,15,27.4,70,5.9,230,2.73
2016,6,19,16,26.8,73,5.3,230,2.07
2016,6,19,17,26.4,73,4.9,230,1.55
2016,6,19,18,24.7,79,6.0,200,0.96
2016,6,20,8,25.3,76,1.8,270,1.02
2016,6,20,9,25.8,79,3.7,250,1.56
2016,6,20,10,27.1,74,4.7,270,2.17
2016,6,20,11,28.0,71,5.3,230,2.46
2016,6,20,12,26.9,76,5.4,230,2.10
2016,6,20,13,25.0,88,4.6,230,1.12
2016,6,20,14,25.6,86,4.6,250,1.01
2016,6,20,15,26.8,77,2.1,160,1.34
2016,6,20,16,23.6,88,4.6,200,1.23
2016,6,20,17,23.2,90,4.7,200,0.35
2016,6,20,18,22.8,93,2.5,200,0.16
2016,6,21,8,21.8,99,1.9,70,0.12
2016,6,21,9,22.0,97,2.6,50,0.26
2016,6,21,10,23.1,92,3.1,50,0.89
2016,6,21,11,23.5,86,2.7,50,1.16
2016,6,21,12,23.2,88,2.8,70,0.73
2016,6,21,13,23.3,86,2.2,50,0.66
2016,6,21,14,24.4,78,2.6,50,1.03
2016,6,21,15,23.6,79,3.1,50,0.63
2016,6,21,16,24.1,81,2.2,90,0.98
2016,6,21,17,24.3,79,2.1,90,1.01
2016,6,21,18,23.7,79,1.8,110,0.49
2016,6,22,8,22.1,92,1.7,70,0.16
2016,6,22,9,22.3,92,2.3,70,0.24
2016,6,22,10,22.0,94,2.1,70,0.21
2016,6,22,11,22.3,95,2.8,90,0.37
2016,6,22,12,22.9,95,1.6,70,0.68
2016,6,22,13,22.9,95,1.9,70,0.68
2016,6,22,14,22.8,94,2.5,110,0.58
2016,6,22,15,22.3,94,2.6,110,0.22
2016,6,22,16,21.9,97,2.6,70,0.13
2016,6,22,17,21.9,97,2.5,70,0.12
2016,6,22,18,21.8,97,2.2,50,0.12
2016,6,23,8,23.5,72,0.8,70,0.98
2016,6,23,9,25.0,64,2.0,90,1.88
2016,6,23,10,25.8,71,3.0,140,2.52
2016,6,23,11,26.1,69,3.2,110,3.00
2016,6,23,12,25.6,65,4.2,110,3.26
2016,6,23,13,25.7,64,3.3,110,3.24
2016,6,23,14,26.3,71,2.7,140,3.07
2016,6,23,15,26.1,71,3.0,180,2.75
2016,6,23,16,25.3,78,2.3,90,2.19
2016,6,23,17,24.9,79,1.3,110,1.43
2016,6,23,18,24.4,80,0.8,90,0.93
2016,6,24,8,21.3,97,4.3,360,0.00
2016,6,24,9,21.3,98,1.4,50,0.08
2016,6,24,10,21.9,98,2.5,20,0.13
2016,6,24,11,22.9,98,0.9,70,0.47
2016,6,24,12,22.5,98,1.8,200,0.36
2016,6,24,13,23.2,98,12.5,230,0.10
2016,6,24,14,23.5,98,8.8,230,0.12
2016,6,24,15,23.4,97,10.0,230,6.00
2016,6,24,16,23.2,95,5.6,230,0.27
2016,6,24,17,24.1,94,6.3,250,0.12
2016,6,24,18,24.0,94,5.7,270,0.12
2016,6,25,8,21.8,73,3.4,250,0.49
2016,6,25,9,22.0,75,5.3,250,0.62
2016,6,25,10,22.6,73,6.1,250,1.13
2016,6,25,11,24.6,66,4.0,230,2.18
2016,6,25,12,23.7,71,4.1,200,1.29
2016,6,25,13,24.3,66,7.4,250,1.71
2016,6,25,14,24.5,64,7.3,250,1.86
2016,6,25,15,25.4,63,4.1,230,2.25
2016,6,25,16,24.5,69,6.8,230,1.41
2016,6,25,17,24.4,67,6.4,200,1.63
2016,6,25,18,24.2,64,7.2,230,1.03
2016,6,26,8,22.9,62,4.0,290,1.15
2016,6,26,9,25.0,58,2.5,270,1.98
2016,6,26,10,26.3,54,1.5,320,2.60
2016,6,26,11,27.3,52,2.2,360,3.08
2016,6,26,12,28.2,48,2.3,340,3.33
2016,6,26,13,28.0,51,4.0,230,2.60
2016,6,26,14,28.4,52,4.8,230,2.61
2016,6,26,15,27.2,55,6.7,200,2.75
2016,6,26,16,27.4,55,5.1,200,2.30
2016,6,26,17,25.8,64,5.3,200,1.73
2016,6,26,18,23.7,75,6.4,200,1.00
2016,6,27,8,20.0,98,3.6,200,0.54
2016,6,27,9,20.0,95,3.8,200,0.80
2016,6,27,10,20.7,93,1.1,270,0.71
2016,6,27,11,23.3,78,3.9,230,1.63
2016,6,27,12,22.2,85,4.3,230,0.93
2016,6,27,13,22.0,86,4.1,230,0.70
2016,6,27,14,21.9,86,3.4,230,0.39
2016,6,27,15,21.7,90,3.9,200,0.55
2016,6,27,16,22.0,86,5.0,230,0.56
2016,6,27,17,21.1,93,3.3,200,0.24
2016,6,27,18,20.9,94,2.1,200,0.32
2016,6,28,8,22.2,74,1.7,110,0.91
2016,6,28,9,23.8,62,1.9,70,1.72
2016,6,28,10,25.0,59,2.6,110,2.20
2016,6,28,11,24.1,60,4.9,110,1.70
2016,6,28,12,24.5,62,3.5,140,2.00
2016,6,28,13,24.9,62,2.6,110,1.47
2016,6,28,14,24.8,59,3.7,110,1.68
2016,6,28,15,24.2,62,2.3,90,1.13
2016,6,28,16,23.3,63,2.6,110,0.56
2016,6,28,17,22.9,64,2.2,90,0.35
2016,6,28,18,22.9,68,1.4,70,0.27
2016,6,29,8,21.1,93,1.3,70,0.41
2016,6,29,9,21.7,90,1.5,110,0.52
2016,6,29,10,22.4,87,1.6,70,0.72
2016,6,29,11,23.0,84,3.0,110,0.93
2016,6,29,12,23.6,83,2.5,90,1.51
2016,6,29,13,24.9,74,1.9,110,2.10
2016,6,29,14,24.0,78,3.1,140,1.25
2016,6,29,15,23.3,80,1.2,200,0.51
2016,6,29,16,22.8,82,2.2,200,0.80
2016,6,29,17,22.9,78,1.9,200,0.58
2016,6,29,18,22.9,77,2.5,200,0.56
2016,6,30,8,23.4,79,1.9,290,0.74
2016,6,30,9,24.4,76,3.8,250,1.45
2016,6,30,10,25.3,76,3.7,200,2.22
2016,6,30,11,24.5,80,4.6,200,2.15
2016,6,30,12,24.3,84,6.4,200,2.06
2016,6,30,13,24.5,83,3.5,200,2.01
2016,6,30,14,25.4,80,3.8,200,1.40
2016,6,30,15,26.3,78,5.1,200,2.88
2016,6,30,16,26.9,73,5.4,250,2.54
2016,6,30,17,25.7,76,6.8,250,1.75
2016,6,30,18,24.0,83,7.2,250,0.46
2016,7,1,8,22.6,96,2.7,230,0.11
2016,7,1,9,23.0,97,3.0,230,0.32
2016,7,1,10,23.1,95,3.3,200,0.43
2016,7,1,11,23.1,96,2.5,230,0.56
2016,7,1,12,22.9,97,4.5,200,0.39
2016,7,1,13,22.7,95,4.1,230,0.44
2016,7,1,14,22.6,96,7.4,230,0.19
2016,7,1,15,22.5,98,8.1,230,0.12
2016,7,1,16,22.9,98,10.0,230,0.06
2016,7,1,17,22.9,98,8.3,230,0.06
2016,7,1,18,23.5,98,11.6,230,0.12
2016,7,2,8,22.9,94,8.0,230,0.24
2016,7,2,9,23.4,92,7.2,230,0.51
2016,7,2,10,24.2,88,3.5,230,0.95
2016,7,2,11,23.4,94,4.7,250,0.62
2016,7,2,12,22.8,95,3.9,200,0.58
2016,7,2,13,23.0,94,4.2,230,0.68
2016,7,2,14,22.8,94,3.7,270,0.32
2016,7,2,15,22.8,96,5.0,230,0.16
2016,7,2,16,23.2,98,6.8,270,0.02
2016,7,2,17,23.1,99,2.0,270,0.17
2016,7,2,18,23.2,99,3.8,200,0.16
2016,7,3,8,22.7,96,1.5,270,0.52
2016,7,3,9,22.2,93,2.3,230,0.80
2016,7,3,10,21.9,93,1.1,250,0.74
2016,7,3,11,23.9,88,1.4,230,0.79
2016,7,3,12,24.5,85,2.8,320,0.87
2016,7,3,13,23.4,87,1.5,250,0.97
2016,7,3,14,23.4,94,1.9,290,0.60
2016,7,3,15,24.2,89,1.7,110,0.89
2016,7,3,16,21.9,97,1.4,250,0.42
2016,7,3,17,21.6,96,1.2,90,0.15
2016,7,3,18,21.5,98,1.3,290,0.03
2016,7,4,8,20.9,99,1.3,50,0.12
2016,7,4,9,20.8,99,1.7,20,0.15
2016,7,4,10,20.9,99,0.7,50,0.16
2016,7,4,11,21.2,99,0.1,0,0.18
2016,7,4,12,21.0,99,2.1,50,0.14
2016,7,4,13,21.3,99,1.3,50,0.21
2016,7,4,14,21.5,99,0.9,50,0.37
2016,7,4,15,22.1,99,1.4,50,0.46
2016,7,4,16,21.9,99,0.8,50,0.49
2016,7,4,17,21.5,99,1.1,70,0.21
2016,7,4,18,21.2,99,1.4,50,0.10
2016,7,5,8,22.2,99,1.1,180,6.00
2016,7,5,9,23.0,99,3.1,230,0.33
2016,7,5,10,24.1,99,4.9,230,0.58
2016,7,5,11,24.5,99,7.2,230,0.60
2016,7,5,12,25.0,99,7.3,230,1.25
2016,7,5,13,25.6,95,6.4,230,1.85
2016,7,5,14,25.5,95,5.9,250,0.88
2016,7,5,15,24.8,97,7.1,250,0.49
2016,7,5,16,25.0,93,6.0,230,0.66
2016,7,5,17,25.4,95,8.1,230,0.74
2016,7,5,18,25.3,97,9.7,230,0.30
2016,7,6,8,25.8,91,4.2,200,0.88
2016,7,6,9,25.4,93,4.4,230,0.66
2016,7,6,10,27.1,87,4.9,200,1.52
2016,7,6,11,27.7,84,5.8,200,2.00
2016,7,6,12,27.9,83,4.7,200,1.79
2016,7,6,13,28.1,82,6.8,200,2.98
2016,7,6,14,28.3,80,6.8,230,3.19
2016,7,6,15,29.0,79,6.4,230,3.02
2016,7,6,16,27.7,83,4.7,200,2.40
2016,7,6,17,26.8,87,3.6,180,1.75
2016,7,6,18,25.1,93,2.2,180,0.63
2016,7,7,8,23.0,95,0.1,0,0.67
2016,7,7,9,23.2,91,2.7,230,1.69
2016,7,7,10,25.5,83,3.4,200,2.40
2016,7,7,11,27.2,80,3.6,200,2.87
2016,7,7,12,25.9,84,5.1,200,3.21
2016,7,7,13,26.9,81,4.7,180,3.29
2016,7,7,14,26.2,84,5.1,200,3.04
2016,7,7,15,27.3,79,4.4,200,2.87
2016,7,7,16,27.3,79,3.6,200,2.37
2016,7,7,17,27.4,76,1.9,160,1.76
2016,7,7,18,25.6,85,3.1,200,0.99
2016,7,8,8,24.3,89,1.4,90,0.42
2016,7,8,9,25.2,86,1.8,110,0.74
2016,7,8,10,25.5,86,1.6,70,0.70
2016,7,8,11,25.1,89,1.6,90,0.71
2016,7,8,12,25.4,85,1.6,110,0.68
2016,7,8,13,27.7,75,1.4,110,2.57
2016,7,8,14,29.6,66,1.6,110,3.19
2016,7,8,15,28.8,72,2.7,200,2.83
2016,7,8,16,26.8,74,4.1,110,2.38
2016,7,8,17,25.3,84,2.9,110,1.37
2016,7,8,18,25.0,85,2.0,90,0.29
2016,7,9,8,25.7,77,1.9,200,1.11
2016,7,9,9,27.1,74,2.2,180,1.89
2016,7,9,10,27.8,71,2.3,180,2.49
2016,7,9,11,27.7,73,3.7,200,2.93
2016,7,9,12,26.8,76,3.3,180,3.16
2016,7,9,13,27.4,73,3.6,230,3.27
2016,7,9,14,28.5,70,3.2,200,3.19
2016,7,9,15,28.7,65,3.1,200,2.85
2016,7,9,16,28.7,60,2.4,200,2.42
2016,7,9,17,27.8,64,3.9,200,1.78
2016,7,9,18,27.4,67,2.3,200,1.11
2016,7,10,8,25.7,81,2.5,200,0.95
2016,7,10,9,27.8,73,2.4,200,1.73
2016,7,10,10,29.2,68,2.6,200,2.19
2016,7,10,11,28.5,72,4.0,200,2.23
2016,7,10,12,27.4,74,3.4,200,2.35
2016,7,10,13,27.4,75,4.5,230,2.22
2016,7,10,14,28.1,76,3.9,200,2.19
2016,7,10,15,27.1,78,4.3,200,1.58
2016,7,10,16,27.1,77,3.6,200,1.23
2016,7,10,17,26.4,79,3.6,200,0.95
2016,7,10,18,26.1,81,3.2,230,0.78
2016,7,11,8,24.4,87,2.0,230,0.42
2016,7,11,9,25.7,85,0.8,200,0.73
2016,7,11,10,26.3,83,0.6,90,0.80
2016,7,11,11,26.5,89,2.2,110,1.11
2016,7,11,12,26.0,93,1.5,70,0.86
2016,7,11,13,25.6,91,2.5,110,0.42
2016,7,11,14,25.5,95,1.9,110,0.30
2016,7,11,15,25.1,97,2.3,90,0.21
2016,7,11,16,25.3,96,3.5,140,0.22
2016,7,11,17,25.2,97,3.7,200,0.16
2016,7,11,18,24.9,97,4.2,200,0.22
2016,7,12,8,24.7,93,2.3,230,0.46
2016,7,12,9,24.8,94,2.6,200,0.47
2016,7,12,10,23.6,98,1.8,200,0.24
2016,7,12,11,24.0,98,2.6,230,0.24
2016,7,12,12,24.6,97,4.1,200,0.32
2016,7,12,13,24.6,98,3.6,230,0.56
2016,7,12,14,24.5,96,5.5,230,0.67
2016,7,12,15,24.4,96,5.2,230,0.29
2016,7,12,16,24.8,97,3.4,230,0.40
2016,7,12,17,24.7,98,3.4,270,0.41
2016,7,12,18,24.9,93,3.5,200,0.82
2016,7,13,8,26.0,87,1.2,160,1.10
2016,7,13,9,27.1,83,2.0,200,1.62
2016,7,13,10,27.7,82,4.0,250,2.35
2016,7,13,11,29.0,74,4.3,200,3.11
2016,7,13,12,28.0,78,3.3,200,1.87
2016,7,13,13,28.6,76,4.1,200,2.02
2016,7,13,14,28.1,78,3.8,200,1.65
2016,7,13,15,28.8,75,4.4,200,1.87
2016,7,13,16,28.7,74,4.6,200,1.85
2016,7,13,17,27.2,80,4.7,200,0.97
2016,7,13,18,26.6,81,2.2,200,0.52
2016,7,14,8,26.7,73,1.3,230,1.06
2016,7,14,9,27.9,69,2.6,340,1.84
2016,7,14,10,29.0,67,2.5,320,2.41
2016,7,14,11,29.8,59,2.8,320,2.89
2016,7,14,12,30.7,51,2.4,320,3.23
2016,7,14,13,31.4,53,3.4,320,3.35
2016,7,14,14,30.1,58,2.3,70,2.32
2016,7,14,15,29.3,65,3.5,110,2.10
2016,7,14,16,25.8,80,3.5,90,1.55
2016,7,14,17,26.4,74,2.8,110,1.48
2016,7,14,18,25.6,74,2.4,110,0.87
2016,7,15,8,24.3,62,2.1,50,0.75
2016,7,15,9,25.4,59,2.0,70,1.29
2016,7,15,10,25.8,64,2.6,110,1.97
2016,7,15,11,26.8,66,3.5,140,2.55
2016,7,15,12,27.0,66,4.1,110,2.92
2016,7,15,13,27.1,66,3.0,90,3.23
2016,7,15,14,27.3,64,3.5,90,3.17
2016,7,15,15,26.7,66,4.0,90,0.86
2016,7,15,16,27.1,67,3.3,110,2.30
2016,7,15,17,26.6,69,3.5,110,1.77
2016,7,15,18,24.9,75,3.5,90,1.03
2016,7,16,8,22.6,87,3.1,90,0.19
2016,7,16,9,22.8,84,2.5,90,0.20
2016,7,16,10,22.7,88,3.2,110,6.00
2016,7,16,11,22.6,91,2.3,70,0.35
2016,7,16,12,22.1,94,2.6,70,0.26
2016,7,16,13,22.4,95,2.5,70,0.26
2016,7,16,14,22.7,95,1.4,70,0.13
2016,7,16,15,22.7,98,1.5,110,0.05
2016,7,16,16,23.0,98,1.1,90,0.09
2016,7,16,17,23.1,98,0.0,0,0.18
2016,7,16,18,24.1,97,2.2,230,0.20
2016,7,17,8,24.8,84,2.7,290,1.29
2016,7,17,9,25.1,81,3.5,270,1.11
2016,7,17,10,26.6,72,1.7,200,1.68
2016,7,17,11,27.7,63,2.6,320,2.43
2016,7,17,12,27.8,69,3.5,200,2.62
2016,7,17,13,26.6,75,5.1,200,2.41
2016,7,17,14,27.6,69,5.1,200,2.45
2016,7,17,15,27.6,68,5.5,200,2.66
2016,7,17,16,27.8,64,5.6,230,1.97
2016,7,17,17,27.9,68,4.6,230,1.61
2016,7,17,18,27.3,72,4.7,230,0.81
2016,7,18,8,23.4,91,1.7,90,0.73
2016,7,18,9,23.8,89,0.9,50,0.79
2016,7,18,10,26.2,81,1.4,110,1.78
2016,7,18,11,27.0,76,1.8,200,2.54
2016,7,18,12,26.8,79,3.7,200,2.68
2016,7,18,13,26.9,73,2.0,180,2.31
2016,7,18,14,27.7,70,2.5,180,2.56
2016,7,18,15,27.0,77,3.1,200,1.94
2016,7,18,16,25.4,86,5.3,200,1.76
2016,7,18,17,25.6,83,3.6,200,1.17
2016,7,18,18,24.5,90,4.1,200,0.62
2016,7,19,8,24.6,82,1.8,90,0.46
2016,7,19,9,26.2,78,2.8,140,1.16
2016,7,19,10,27.2,71,3.0,90,2.34
2016,7,19,11,27.5,72,3.2,90,2.83
2016,7,19,12,28.1,69,3.4,90,3.20
2016,7,19,13,27.9,71,3.6,90,3.11
2016,7,19,14,27.8,69,3.5,90,3.08
2016,7,19,15,27.2,73,3.8,110,2.73
2016,7,19,16,27.1,70,4.6,90,2.10
2016,7,19,17,26.8,72,3.5,90,1.68
2016,7,19,18,25.9,75,3.1,90,0.93
2016,7,20,8,23.9,74,3.1,50,0.63
2016,7,20,9,25.3,69,3.3,50,1.52
2016,7,20,10,26.6,64,3.3,90,2.29
2016,7,20,11,27.2,64,3.1,90,2.88
2016,7,20,12,27.9,62,3.0,90,3.12
2016,7,20,13,28.1,64,3.2,110,3.15
2016,7,20,14,27.6,62,3.7,110,3.10
2016,7,20,15,28.1,61,3.5,90,2.86
2016,7,20,16,27.1,62,4.2,90,2.36
2016,7,20,17,26.6,63,4.2,90,1.75
2016,7,20,18,25.6,69,3.6,90,1.06
2016,7,21,8,24.0,76,1.4,70,0.67
2016,7,21,9,25.1,73,1.9,90,1.18
2016,7,21,10,26.7,70,2.8,110,1.88
2016,7,21,11,27.5,67,3.5,110,2.89
2016,7,21,12,27.9,64,3.7,90,3.24
2016,7,21,13,27.6,64,3.7,110,3.24
2016,7,21,14,27.4,66,3.7,110,3.14
2016,7,21,15,27.3,64,3.5,110,2.78
2016,7,21,16,26.5,67,3.5,110,2.13
2016,7,21,17,26.5,70,2.3,70,1.59
2016,7,21,18,24.9,73,2.7,90,0.59
2016,7,22,8,24.0,72,1.6,50,0.83
2016,7,22,9,25.8,69,3.3,50,1.50
2016,7,22,10,26.9,65,2.7,90,2.12
2016,7,22,11,27.8,61,3.3,90,2.71
2016,7,22,12,27.2,65,3.4,110,2.62
2016,7,22,13,27.7,65,4.0,110,3.29
2016,7,22,14,28.0,61,3.9,90,3.13
2016,7,22,15,27.3,65,3.6,110,2.89
2016,7,22,16,27.2,64,3.4,110,2.40
2016,7,22,17,26.3,69,3.2,110,1.78
2016,7,22,18,25.7,74,2.6,90,1.06
2016,7,23,8,24.3,73,1.9,90,0.50
2016,7,23,9,25.7,70,1.9,50,1.19
2016,7,23,10,27.3,67,2.5,110,2.02
2016,7,23,11,27.5,67,2.4,110,2.74
2016,7,23,12,28.3,68,3.4,110,3.14
2016,7,23,13,29.4,64,3.1,160,3.37
2016,7,23,14,28.9,68,4.2,200,3.16
2016,7,23,15,28.0,69,3.5,200,2.83
2016,7,23,16,27.8,72,4.3,200,2.54
2016,7,23,17,27.3,74,4.5,200,1.70
2016,7,23,18,26.2,78,3.4,200,0.99
2016,7,24,8,26.0,81,3.4,270,0.71
2016,7,24,9,27.1,79,4.2,270,1.06
2016,7,24,10,28.2,77,3.7,230,1.31
2016,7,24,11,28.7,76,3.2,250,1.54
2016,7,24,12,29.7,73,5.4,250,2.23
2016,7,24,13,30.2,73,5.4,200,2.80
2016,7,24,14,29.0,78,6.4,200,2.76
2016,7,24,15,28.6,82,3.2,200,1.48
2016,7,24,16,28.7,83,4.0,200,1.53
2016,7,24,17,28.6,84,4.3,200,1.20
2016,7,24,18,27.9,88,4.1,200,0.88
2016,7,25,8,28.2,82,3.7,250,0.86
2016,7,25,9,29.3,76,4.8,250,1.60
2016,7,25,10,30.5,69,5.1,250,2.26
2016,7,25,11,30.3,73,6.0,200,2.66
2016,7,25,12,30.6,73,5.9,200,2.97
2016,7,25,13,31.0,72,5.8,200,2.65
2016,7,25,14,29.9,74,5.6,200,1.68
2016,7,25,15,27.9,82,2.9,180,0.45
2016,7,25,16,27.5,83,2.9,200,0.20
2016,7,25,17,27.4,84,1.7,20,0.19
2016,7,25,18,26.5,95,2.2,290,0.19
2016,7,26,8,28.4,79,4.0,250,1.06
2016,7,26,9,29.1,78,4.8,250,1.53
2016,7,26,10,29.6,78,4.4,200,1.93
2016,7,26,11,29.6,78,4.8,230,1.71
2016,7,26,12,30.8,74,5.7,230,3.14
2016,7,26,13,30.7,74,7.0,230,2.87
2016,7,26,14,30.4,73,7.0,230,2.22
2016,7,26,15,30.9,71,6.5,230,2.57
2016,7,26,16,30.8,71,6.3,230,2.02
2016,7,26,17,29.8,75,5.9,230,1.66
2016,7,26,18,28.9,82,6.4,230,0.96
2016,7,27,8,28.2,82,5.3,250,0.75
2016,7,27,9,29.3,79,4.8,270,1.32
2016,7,27,10,30.4,74,4.6,250,1.58
2016,7,27,11,31.5,68,5.5,250,2.59
2016,7,27,12,30.8,70,6.4,200,2.73
2016,7,27,13,31.6,73,6.9,200,3.30
2016,7,27,14,31.4,70,6.0,230,2.94
2016,7,27,15,31.3,68,8.6,230,2.79
2016,7,27,16,30.8,70,8.3,230,2.30
2016,7,27,17,29.9,76,6.4,230,1.70
2016,7,27,18,29.1,80,6.2,230,1.11
2016,7,28,8,28.0,87,7.4,230,0.53
2016,7,28,9,28.9,78,5.6,200,0.88
2016,7,28,10,30.6,72,6.2,230,2.07
2016,7,28,11,30.3,79,6.4,230,2.50
2016,7,28,12,29.4,82,6.3,200,1.66
2016,7,28,13,31.2,70,5.6,230,2.88
2016,7,28,14,29.5,77,7.1,230,1.53
2016,7,28,15,30.8,76,6.6,230,2.09
2016,7,28,16,29.9,82,6.7,230,1.83
2016,7,28,17,29.3,83,6.5,230,0.87
2016,7,28,18,28.3,83,5.9,230,0.58
2016,7,29,8,28.3,81,2.9,200,0.57
2016,7,29,9,29.7,75,3.4,230,1.37
2016,7,29,10,30.4,76,6.5,200,2.33
2016,7,29,11,31.2,73,5.9,200,2.72
2016,7,29,12,31.4,75,6.3,200,2.94
2016,7,29,13,31.9,73,6.1,230,3.01
2016,7,29,14,31.7,72,6.4,230,3.05
2016,7,29,15,31.4,74,6.1,200,2.79
2016,7,29,16,31.4,72,6.7,250,2.29
2016,7,29,17,30.2,79,5.5,230,1.64
2016,7,29,18,29.1,82,5.9,230,0.60
2016,7,30,8,28.8,78,3.7,250,0.93
2016,7,30,9,29.9,72,4.1,250,1.55
2016,7,30,10,30.9,69,4.4,250,2.09
2016,7,30,11,32.6,63,3.0,230,2.62
2016,7,30,12,31.0,73,5.0,200,2.95
2016,7,30,13,31.7,73,5.0,200,3.09
2016,7,30,14,31.3,73,5.6,200,2.94
2016,7,30,15,31.0,75,5.7,200,2.66
2016,7,30,16,30.6,77,4.9,200,2.18
2016,7,30,17,29.4,83,5.2,200,1.51
2016,7,30,18,29.0,83,4.1,200,0.82
2016,7,31,8,29.3,75,1.3,140,0.86
2016,7,31,9,30.1,70,1.6,200,1.43
2016,7,31,10,31.2,65,2.7,180,2.11
2016,7,31,11,31.7,69,2.9,200,2.64
2016,7,31,12,31.7,67,3.7,200,2.89
2016,7,31,13,31.5,67,3.7,200,3.01
2016,7,31,14,31.5,69,4.0,180,2.83
2016,7,31,15,31.1,73,4.3,200,2.46
2016,7,31,16,31.2,72,3.0,200,2.01
2016,7,31,17,30.5,73,3.8,200,1.47
2016,7,31,18,29.5,74,3.5,200,0.62
2016,8,1,8,29.5,78,1.5,140,0.86
2016,8,1,9,29.8,77,2.5,200,1.45
2016,8,1,10,29.8,77,3.5,200,1.98
2016,8,1,11,30.3,77,4.7,200,2.50
2016,8,1,12,31.6,73,4.0,180,2.83
2016,8,1,13,31.5,72,4.2,200,3.03
2016,8,1,14,30.7,69,5.3,200,2.75
2016,8,1,15,30.1,72,5.1,200,1.63
2016,8,1,16,29.9,77,2.7,180,1.12
2016,8,1,17,27.7,81,4.0,20,0.15
2016,8,1,18,25.2,90,1.2,110,0.14
2016,8,2,8,27.4,80,0.4,0,0.60
2016,8,2,9,29.8,77,1.6,180,1.38
2016,8,2,10,30.9,72,3.2,200,2.23
2016,8,2,11,30.6,75,4.0,200,2.67
2016,8,2,12,30.1,77,2.0,160,2.07
2016,8,2,13,29.7,83,3.0,140,1.27
2016,8,2,14,30.6,78,3.0,160,1.27
2016,8,2,15,30.5,78,3.8,110,1.91
2016,8,2,16,26.1,86,3.5,50,0.88
2016,8,2,17,25.4,81,2.1,50,0.38
2016,8,2,18,26.1,75,1.7,90,0.11
2016,8,3,8,27.5,76,2.1,70,0.73
2016,8,3,9,28.0,77,2.2,20,0.74
2016,8,3,10,30.2,71,2.1,110,1.91
2016,8,3,11,30.2,73,2.6,110,1.98
2016,8,3,12,28.8,80,3.3,140,1.17
2016,8,3,13,29.6,75,4.2,140,2.23
2016,8,3,14,29.6,78,3.5,110,1.87
2016,8,3,15,29.9,77,2.1,110,1.47
2016,8,3,16,29.1,78,1.4,70,0.75
2016,8,3,17,29.0,77,2.2,110,0.76
2016,8,3,18,28.4,80,2.9,110,0.58
2016,8,4,8,27.5,81,1.9,20,0.59
2016,8,4,9,29.3,73,2.5,50,1.45
2016,8,4,10,29.1,74,2.7,110,1.22
2016,8,4,11,31.3,65,3.2,110,2.62
2016,8,4,12,30.9,68,4.4,140,2.97
2016,8,4,13,30.7,70,4.9,110,3.18
2016,8,4,14,31.3,68,3.1,110,2.96
2016,8,4,15,31.6,64,3.0,90,2.74
2016,8,4,16,30.9,65,3.3,90,2.25
2016,8,4,17,30.3,69,3.3,90,1.61
2016,8,4,18,29.2,71,3.4,90,0.89
2016,8,5,8,28.2,72,1.9,50,0.86
2016,8,5,9,29.0,74,1.9,90,1.11
2016,8,5,10,30.3,67,3.0,110,1.76
2016,8,5,11,29.8,71,3.4,110,1.61
2016,8,5,12,30.9,69,3.9,110,2.80
2016,8,5,13,31.6,65,4.4,140,3.19
2016,8,5,14,30.9,69,4.4,110,3.07
2016,8,5,15,30.7,70,4.1,110,2.74
2016,8,5,16,30.7,68,3.3,110,2.25
2016,8,5,17,29.8,72,2.8,110,1.58
2016,8,5,18,29.0,76,2.3,110,0.82
2016,8,6,8,28.3,74,2.3,70,0.89
2016,8,6,9,30.1,68,1.9,90,1.59
2016,8,6,10,31.2,69,3.0,140,2.28
2016,8,6,11,32.5,63,2.5,140,2.74
2016,8,6,12,32.0,68,3.3,140,3.05
2016,8,6,13,32.6,68,3.3,140,3.17
2016,8,6,14,31.8,70,3.3,110,3.03
2016,8,6,15,31.7,71,3.6,110,2.70
2016,8,6,16,31.7,70,3.6,110,2.23
2016,8,6,17,31.1,64,3.1,110,1.61
2016,8,6,18,30.2,78,2.0,70,0.88
2016,8,7,8,29.6,73,0.5,160,0.93
2016,8,7,9,31.4,65,1.9,180,1.68
2016,8,7,10,32.1,66,2.5,200,2.26
2016,8,7,11,32.8,64,3.6,200,2.74
2016,8,7,12,31.3,71,6.5,200,3.04
2016,8,7,13,32.4,64,4.6,180,3.13
2016,8,7,14,31.7,65,5.4,200,3.00
2016,8,7,15,32.3,61,4.9,200,2.71
2016,8,7,16,32.4,60,3.8,200,2.22
2016,8,7,17,32.0,65,4.3,200,1.57
2016,8,7,18,30.8,67,3.5,200,0.87
2016,8,8,8,29.1,75,3.5,340,0.96
2016,8,8,9,31.5,65,1.6,340,1.64
2016,8,8,10,33.3,57,2.9,200,2.23
2016,8,8,11,32.7,63,4.0,200,2.66
2016,8,8,12,33.2,58,3.7,200,2.97
2016,8,8,13,34.0,57,4.0,200,3.04
2016,8,8,14,34.0,55,4.0,200,2.91
2016,8,8,15,31.8,65,2.7,200,1.53
2016,8,8,16,31.1,66,2.3,90,0.29
2016,8,8,17,30.5,67,2.5,50,0.24
2016,8,8,18,29.8,75,2.6,110,0.21
2016,8,9,8,29.4,69,2.5,50,0.91
2016,8,9,9,30.4,67,3.8,50,1.53
2016,8,9,10,30.7,66,2.6,50,1.69
2016,8,9,11,31.9,61,3.1,70,2.17
2016,8,9,12,32.1,61,2.9,110,2.80
2016,8,9,13,32.2,60,3.8,110,2.38
2016,8,9,14,32.3,59,3.9,90,2.99
2016,8,9,15,31.6,60,3.9,90,2.62
2016,8,9,16,30.6,62,3.7,90,2.05
2016,8,9,17,29.3,69,3.6,90,1.13
2016,8,9,18,28.5,71,3.1,90,0.58
2016,8,10,8,28.7,66,1.8,160,0.95
2016,8,10,9,30.4,64,1.5,110,1.59
2016,8,10,10,30.9,62,2.8,200,2.20
2016,8,10,11,31.8,62,3.4,200,2.68
2016,8,10,12,32.1,65,4.3,200,2.96
2016,8,10,13,31.3,68,4.2,200,3.06
2016,8,10,14,31.2,66,4.5,200,2.97
2016,8,10,15,31.6,66,4.8,200,2.66
2016,8,10,16,32.0,63,3.3,200,2.14
2016,8,10,17,31.5,62,2.5,200,1.50
2016,8,10,18,30.6,67,2.7,230,0.80
2016,8,11,8,30.2,69,0.8,160,0.84
2016,8,11,9,32.3,64,1.1,360,1.50
2016,8,11,10,33.6,60,3.0,200,2.12
2016,8,11,11,34.3,58,2.9,200,2.67
2016,8,11,12,33.4,66,4.0,200,2.93
2016,8,11,13,33.5,66,4.1,200,2.74
2016,8,11,14,33.1,65,4.8,200,2.76
2016,8,11,15,34.1,61,4.0,200,2.51
2016,8,11,16,33.3,68,4.4,200,2.02
2016,8,11,17,32.7,65,4.0,180,1.42
2016,8,11,18,32.0,69,2.5,230,0.77
2016,8,12,8,31.1,71,1.8,110,0.83
2016,8,12,9,32.1,69,2.7,200,1.51
2016,8,12,10,33.4,64,2.8,180,2.11
2016,8,12,11,33.6,67,4.5,200,2.61
2016,8,12,12,34.3,60,4.6,180,2.94
2016,8,12,13,33.1,67,6.1,200,3.05
2016,8,12,14,33.9,64,5.7,180,2.89
2016,8,12,15,33.8,69,5.1,180,2.53
2016,8,12,16,32.9,70,4.5,180,2.00
2016,8,12,17,32.3,72,5.3,200,1.37
2016,8,12,18,31.4,77,4.9,230,0.74
2016,8,13,8,31.0,68,0.8,340,0.84
2016,8,13,9,32.9,65,3.2,200,1.49
2016,8,13,10,33.4,61,4.0,200,2.15
2016,8,13,11,33.6,65,5.5,180,2.59
2016,8,13,12,33.6,64,4.7,200,2.96
2016,8,13,13,33.3,67,5.7,180,3.07
2016,8,13,14,34.9,59,5.6,230,2.90
2016,8,13,15,34.5,58,5.2,230,2.52
2016,8,13,16,34.3,56,5.0,230,2.01
2016,8,13,17,33.8,55,5.0,250,1.45
2016,8,13,18,32.5,60,4.4,230,0.76
2016,8,14,8,31.1,62,0.8,250,0.83
2016,8,14,9,33.0,57,0.7,270,1.49
2016,8,14,10,34.4,54,2.0,230,2.06
2016,8,14,11,34.9,53,2.6,360,2.60
2016,8,14,12,36.6,48,2.5,270,2.96
2016,8,14,13,36.1,51,4.6,200,3.07
2016,8,14,14,35.5,51,6.1,200,2.87
2016,8,14,15,34.1,57,6.1,200,2.66
2016,8,14,16,34.2,53,4.5,230,2.14
2016,8,14,17,32.7,64,4.9,180,1.48
2016,8,14,18,32.8,64,4.1,200,0.79
2016,8,15,8,30.5,66,1.8,270,0.50
2016,8,15,9,31.6,59,3.2,340,1.01
2016,8,15,10,33.0,58,1.6,360,1.82
2016,8,15,11,34.9,54,2.6,340,2.38
2016,8,15,12,35.4,50,2.5,340,2.97
2016,8,15,13,35.8,51,2.4,180,2.59
2016,8,15,14,32.8,59,2.7,180,0.68
2016,8,15,15,31.4,71,3.6,160,0.70
2016,8,15,16,26.6,91,2.7,160,0.28
2016,8,15,17,27.2,95,3.2,270,0.13
2016,8,15,18,25.3,97,2.5,180,0.17
2016,8,16,8,25.4,97,1.7,90,0.14
2016,8,16,9,26.5,91,2.4,70,0.48
2016,8,16,10,27.3,84,2.6,50,1.05
2016,8,16,11,29.9,72,2.2,70,1.97
2016,8,16,12,30.3,69,2.2,70,2.32
2016,8,16,13,30.2,66,2.8,90,1.75
2016,8,16,14,30.8,66,3.8,110,2.08
2016,8,16,15,30.5,70,2.4,110,1.50
2016,8,16,16,30.9,66,2.5,90,1.47
2016,8,16,17,30.3,68,2.5,90,1.39
2016,8,16,18,29.4,70,2.4,70,0.59
2016,8,17,8,28.3,63,1.9,50,0.96
2016,8,17,9,29.9,57,0.9,50,1.65
2016,8,17,10,31.5,58,3.3,140,2.26
2016,8,17,11,32.2,58,3.1,140,2.70
2016,8,17,12,32.0,59,3.8,140,3.00
2016,8,17,13,31.9,63,3.6,140,3.07
2016,8,17,14,31.9,67,3.9,140,3.00
2016,8,17,15,30.6,69,4.2,140,1.83
2016,8,17,16,30.5,68,4.2,110,1.61
2016,8,17,17,30.5,68,2.9,90,1.33
2016,8,17,18,29.4,70,3.1,90,0.65
2016,8,18,8,28.3,72,2.2,50,0.90
2016,8,18,9,29.6,66,2.3,90,1.31
2016,8,18,10,30.8,63,3.2,110,1.95
2016,8,18,11,31.2,62,3.2,110,2.20
2016,8,18,12,31.7,62,4.2,110,3.13
2016,8,18,13,32.3,59,3.1,110,3.20
2016,8,18,14,32.2,60,3.6,110,3.09
2016,8,18,15,31.8,60,4.0,110,2.71
2016,8,18,16,31.3,63,3.9,90,2.18
2016,8,18,17,30.4,66,4.1,90,1.53
2016,8,18,18,29.5,69,2.9,90,0.82
2016,8,19,8,28.5,73,3.1,50,0.96
2016,8,19,9,29.2,71,2.0,70,1.19
2016,8,19,10,30.7,65,2.9,90,1.88
2016,8,19,11,31.7,63,3.3,110,2.90
2016,8,19,12,32.0,60,3.8,110,3.08
2016,8,19,13,32.3,60,3.2,110,3.12
2016,8,19,14,31.9,61,3.5,110,2.98
2016,8,19,15,31.7,62,3.8,110,2.55
2016,8,19,16,30.9,66,4.3,90,2.12
2016,8,19,17,30.6,63,3.4,90,1.46
2016,8,19,18,29.6,62,3.3,90,0.74
2016,8,20,8,28.2,69,3.2,50,0.82
2016,8,20,9,29.8,64,3.0,70,1.60
2016,8,20,10,30.6,61,2.7,70,2.09
2016,8,20,11,31.1,58,1.8,70,2.05
2016,8,20,12,31.4,60,2.9,90,1.79
2016,8,20,13,31.2,60,4.7,90,3.12
2016,8,20,14,31.4,59,5.0,90,2.99
2016,8,20,15,31.3,57,4.2,90,2.68
2016,8,20,16,31.3,58,3.4,90,2.14
2016,8,20,17,30.7,61,3.1,90,1.49
2016,8,20,18,29.6,64,2.0,70,0.77
2016,8,21,8,27.7,69,3.0,20,0.40
2016,8,21,9,29.6,67,3.9,50,1.58
2016,8,21,10,30.4,65,3.8,50,1.99
2016,8,21,11,30.4,65,2.1,50,1.14
2016,8,21,12,32.6,57,1.8,70,2.07
2016,8,21,13,31.9,61,2.7,70,2.17
2016,8,21,14,31.9,61,3.4,50,1.53
2016,8,21,15,32.3,60,3.1,50,2.09
2016,8,21,16,30.9,66,3.3,90,1.34
2016,8,21,17,30.7,65,3.0,90,1.25
2016,8,21,18,30.2,68,1.1,50,0.76
2016,8,22,8,28.9,69,3.2,50,0.94
2016,8,22,9,30.4,65,2.7,50,1.64
2016,8,22,10,31.9,59,2.5,50,2.28
2016,8,22,11,31.3,61,2.1,50,2.02
2016,8,22,12,31.9,63,3.1,110,2.02
2016,8,22,13,32.0,65,3.5,90,2.68
2016,8,22,14,32.1,61,3.4,90,3.04
2016,8,22,15,32.0,59,3.6,110,2.64
2016,8,22,16,31.3,61,3.6,90,2.06
2016,8,22,17,30.2,64,3.7,70,1.36
2016,8,22,18,29.0,69,2.8,70,0.53
2016,8,23,8,27.2,76,2.9,70,0.28
2016,8,23,9,28.0,73,2.1,70,0.63
2016,8,23,10,29.1,70,3.1,90,1.24
2016,8,23,11,26.9,83,2.8,50,0.55
2016,8,23,12,28.6,69,3.7,90,2.05
2016,8,23,13,30.1,62,4.1,90,2.68
2016,8,23,14,31.1,62,3.1,90,2.81
2016,8,23,15,30.8,64,4.1,90,2.72
2016,8,23,16,30.2,63,3.8,90,2.10
2016,8,23,17,29.7,61,2.8,70,1.41
2016,8,23,18,28.4,60,3.2,70,0.75
2016,8,24,8,27.3,68,3.1,50,0.99
2016,8,24,9,29.0,61,2.3,50,1.69
2016,8,24,10,30.3,56,2.4,90,2.30
2016,8,24,11,31.6,48,2.3,70,2.78
2016,8,24,12,31.1,57,3.8,90,3.07
2016,8,24,13,31.1,55,4.1,110,3.16
2016,8,24,14,31.1,54,3.8,110,2.98
2016,8,24,15,31.1,52,4.5,90,2.70
2016,8,24,16,31.1,51,3.0,90,2.18
2016,8,24,17,30.2,53,3.2,90,1.52
2016,8,24,18,28.8,58,3.7,90,0.80
2016,8,25,8,27.8,69,1.5,50,0.89
2016,8,25,9,29.7,67,1.6,50,1.59
2016,8,25,10,31.0,62,2.3,110,2.20
2016,8,25,11,32.4,59,1.8,110,2.71
2016,8,25,12,31.9,64,3.3,140,2.74
2016,8,25,13,33.2,60,3.7,200,2.94
2016,8,25,14,31.7,65,4.6,200,2.98
2016,8,25,15,31.3,70,5.1,200,2.56
2016,8,25,16,31.1,71,5.3,200,2.06
2016,8,25,17,30.5,70,5.2,200,1.41
2016,8,25,18,30.1,73,4.2,230,0.68
2016,8,26,8,27.8,75,3.5,70,0.47
2016,8,26,9,26.9,69,4.8,50,0.78
2016,8,26,10,26.6,65,4.8,70,1.99
2016,8,26,11,27.0,63,4.5,50,2.03
2016,8,26,12,25.5,66,3.9,50,1.36
2016,8,26,13,24.3,71,3.6,50,0.90
2016,8,26,14,24.1,70,4.2,50,0.63
2016,8,26,15,23.2,73,4.3,50,0.40
2016,8,26,16,22.6,69,4.8,50,0.18
2016,8,26,17,21.3,83,3.5,50,0.15
2016,8,26,18,21.4,82,2.7,50,0.12
2016,8,27,8,22.6,62,3.2,50,0.50
2016,8,27,9,23.3,60,4.5,50,0.77
2016,8,27,10,25.4,54,4.3,50,1.79
2016,8,27,11,26.7,46,3.6,70,2.64
2016,8,27,12,27.4,49,4.4,70,3.01
2016,8,27,13,27.4,48,3.9,70,3.21
2016,8,27,14,28.2,47,3.4,70,3.10
2016,8,27,15,26.3,51,3.5,70,1.80
2016,8,27,16,26.1,51,4.7,50,1.84
2016,8,27,17,24.8,56,3.9,50,0.87
2016,8,27,18,24.1,55,4.9,50,0.37
2016,8,28,8,17.6,96,3.7,50,0.05
2016,8,28,9,17.9,96,2.5,50,0.10
2016,8,28,10,18.6,97,2.7,50,0.28
2016,8,28,11,19.1,95,4.6,20,0.57
2016,8,28,12,19.6,94,3.6,50,0.33
2016,8,28,13,19.7,91,4.8,20,0.53
2016,8,28,14,19.9,90,4.0,20,0.61
2016,8,28,15,19.5,94,3.3,340,0.50
2016,8,28,16,19.8,92,2.7,20,0.34
2016,8,28,17,19.1,95,3.7,360,0.16
2016,8,28,18,19.3,93,4.1,20,0.14
2016,8,29,8,19.7,77,4.8,290,1.04
2016,8,29,9,20.2,74,3.1,290,1.32
2016,8,29,10,21.6,65,2.8,360,1.46
2016,8,29,11,23.8,61,3.3,360,2.95
2016,8,29,12,24.1,60,4.1,340,2.95
2016,8,29,13,23.8,60,4.1,320,1.66
2016,8,29,14,24.4,59,2.3,340,1.69
2016,8,29,15,25.4,52,2.9,320,1.63
2016,8,29,16,25.6,50,1.9,340,1.55
2016,8,29,17,24.4,51,3.0,360,0.72
2016,8,29,18,23.4,56,1.6,360,0.23
2016,8,30,8,22.1,65,4.5,290,0.94
2016,8,30,9,23.8,58,4.6,270,1.64
2016,8,30,10,25.0,49,4.7,270,2.23
2016,8,30,11,25.3,50,6.6,290,2.26
2016,8,30,12,24.8,57,7.1,250,1.48
2016,8,30,13,24.1,54,6.4,290,0.65
2016,8,30,14,24.3,55,4.9,270,0.91
2016,8,30,15,23.9,55,6.1,290,0.62
2016,8,30,16,24.1,53,6.3,290,0.55
2016,8,30,17,24.2,54,5.8,290,0.61
2016,8,30,18,24.0,55,4.5,290,0.38
2016,8,31,8,23.5,58,9.1,250,0.96
2016,8,31,9,24.2,55,9.9,250,1.75
2016,8,31,10,24.8,49,10.2,270,2.33
2016,8,31,11,25.7,45,9.7,270,2.81
2016,8,31,12,26.7,42,11.8,270,3.10
2016,8,31,13,27.9,41,8.0,250,2.90
2016,8,31,14,28.7,39,8.5,250,2.83
2016,8,31,15,29.0,35,9.9,250,2.63
2016,8,31,16,29.7,30,7.8,250,2.08
2016,8,31,17,28.9,36,9.2,270,1.28
2016,8,31,18,27.8,39,7.9,270,0.60
2016,9,1,8,25.6,66,7.6,230,0.60
2016,9,1,9,27.0,62,6.6,230,1.52
2016,9,1,10,27.8,61,6.4,250,2.06
2016,9,1,11,28.7,65,7.2,200,2.61
2016,9,1,12,28.5,68,8.6,200,2.86
2016,9,1,13,29.3,66,7.4,230,2.94
2016,9,1,14,28.0,74,7.7,200,2.77
2016,9,1,15,26.7,79,7.8,200,1.96
2016,9,1,16,27.4,72,7.4,200,1.53
2016,9,1,17,26.2,80,7.3,200,0.76
2016,9,1,18,25.8,82,6.4,230,0.21
2016,9,2,8,21.4,95,2.6,50,0.05
2016,9,2,9,21.8,92,2.5,70,0.11
2016,9,2,10,22.3,91,2.4,90,0.14
2016,9,2,11,22.5,92,2.7,90,0.22
2016,9,2,12,20.9,91,2.6,50,0.20
2016,9,2,13,20.0,94,3.1,50,0.23
2016,9,2,14,20.2,94,2.1,90,0.21
2016,9,2,15,20.1,95,3.2,50,0.17
2016,9,2,16,20.0,96,2.8,50,0.10
2016,9,2,17,19.9,97,1.9,50,0.03
2016,9,2,18,19.8,98,3.0,50,0.00
2016,9,3,8,23.0,96,2.0,200,0.06
2016,9,3,9,23.4,96,0.0,0,0.37
2016,9,3,10,24.0,93,1.3,90,0.61
2016,9,3,11,24.2,92,1.1,70,0.56
2016,9,3,12,25.8,85,2.0,90,1.31
2016,9,3,13,27.4,76,3.6,110,2.48
2016,9,3,14,27.5,76,2.6,110,1.95
2016,9,3,15,26.4,83,3.4,110,1.12
2016,9,3,16,27.0,78,1.7,90,0.99
2016,9,3,17,26.7,79,2.7,90,0.73
2016,9,3,18,25.9,80,2.3,70,0.36
2016,9,4,8,25.4,74,2.4,50,0.55
2016,9,4,9,26.2,73,2.3,50,0.80
2016,9,4,10,26.2,78,2.2,50,0.63
2016,9,4,11,27.4,75,2.9,20,1.20
2016,9,4,12,27.9,73,2.3,90,1.27
2016,9,4,13,27.7,77,2.1,70,1.41
2016,9,4,14,26.5,83,3.0,50,0.73
2016,9,4,15,27.8,76,3.7,50,1.21
2016,9,4,16,27.0,80,2.4,50,0.83
2016,9,4,17,27.1,81,2.9,50,0.88
2016,9,4,18,26.4,82,1.9,50,0.47
2016,9,5,8,24.5,84,2.8,20,0.15
2016,9,5,9,24.8,83,1.8,50,0.20
2016,9,5,10,24.8,85,1.9,20,0.32
2016,9,5,11,25.7,82,1.8,50,0.70
2016,9,5,12,28.0,73,2.9,50,1.58
2016,9,5,13,27.9,70,1.6,70,1.28
2016,9,5,14,28.2,70,1.4,20,1.19
2016,9,5,15,27.4,78,2.6,180,1.31
2016,9,5,16,26.4,82,2.3,110,0.83
2016,9,5,17,25.9,83,2.6,110,0.56
2016,9,5,18,25.1,86,1.8,110,6.00
2016,9,6,8,25.9,80,1.2,70,0.76
2016,9,6,9,27.0,77,1.2,160,1.19
2016,9,6,10,26.8,78,1.6,230,1.21
2016,9,6,11,27.0,77,1.4,180,0.87
2016,9,6,12,28.2,73,2.9,180,1.81
2016,9,6,13,27.5,74,2.6,200,1.30
2016,9,6,14,27.0,77,3.1,200,0.79
2016,9,6,15,26.5,79,2.2,180,0.62
2016,9,6,16,26.2,79,3.1,200,0.46
2016,9,6,17,26.1,79,2.5,230,6.00
2016,9,6,18,25.7,76,3.0,270,0.12
2016,9,7,8,24.5,81,0.0,0,0.26
2016,9,7,9,25.3,71,1.9,340,0.64
2016,9,7,10,28.2,63,1.6,160,1.28
2016,9,7,11,27.9,69,2.0,180,1.56
2016,9,7,12,27.1,66,2.7,110,0.94
2016,9,7,13,27.6,65,2.2,110,1.30
2016,9,7,14,27.9,58,2.1,90,1.34
2016,9,7,15,27.5,66,0.4,0,0.79
2016,9,7,16,26.8,68,1.9,360,0.46
2016,9,7,17,26.4,68,2.3,340,0.37
2016,9,7,18,25.6,79,3.8,200,0.17
2016,9,8,8,22.7,73,1.6,290,0.78
2016,9,8,9,23.7,65,2.7,360,1.52
2016,9,8,10,26.1,52,1.3,230,2.18
2016,9,8,11,26.8,59,3.7,320,2.65
2016,9,8,12,27.8,58,4.0,110,2.81
2016,9,8,13,26.6,63,2.8,90,2.66
2016,9,8,14,27.5,60,3.0,110,2.51
2016,9,8,15,27.0,61,2.6,110,2.32
2016,9,8,16,26.8,62,2.5,140,1.81
2016,9,8,17,25.9,67,3.2,200,1.02
2016,9,8,18,24.6,69,3.3,200,0.45
2016,9,9,8,23.9,79,2.1,70,0.51
2016,9,9,9,25.3,76,2.0,90,1.17
2016,9,9,10,26.1,72,2.5,110,1.13
2016,9,9,11,27.6,71,2.9,110,2.52
2016,9,9,12,27.6,69,3.5,110,2.86
2016,9,9,13,28.0,69,3.8,110,2.91
2016,9,9,14,27.7,71,4.2,110,2.63
2016,9,9,15,27.4,70,3.4,110,2.15
2016,9,9,16,26.8,73,3.4,110,1.66
2016,9,9,17,25.8,76,3.4,110,0.74
2016,9,9,18,25.0,79,2.3,110,0.32
2016,9,10,8,23.5,82,2.1,70,0.39
2016,9,10,9,22.7,90,2.3,110,0.14
2016,9,10,10,23.3,84,1.4,50,0.30
2016,9,10,11,24.0,80,1.8,70,0.34
2016,9,10,12,24.5,79,1.9,50,0.45
2016,9,10,13,25.6,76,2.1,90,0.89
2016,9,10,14,26.0,75,1.6,70,1.04
2016,9,10,15,27.4,67,1.8,90,1.49
2016,9,10,16,26.7,73,2.3,90,1.74
2016,9,10,17,25.4,75,3.2,90,0.71
2016,9,10,18,24.7,79,2.7,70,0.36
2016,9,11,8,22.9,79,3.3,50,0.46
2016,9,11,9,24.1,75,2.9,50,0.92
2016,9,11,10,26.0,70,2.2,50,1.62
2016,9,11,11,26.8,63,2.5,50,1.66
2016,9,11,12,27.9,59,1.7,50,2.08
2016,9,11,13,26.9,66,3.1,110,1.62
2016,9,11,14,26.8,63,3.4,90,1.32
2016,9,11,15,27.2,66,3.1,90,1.69
2016,9,11,16,26.4,70,3.2,90,1.09
2016,9,11,17,25.6,72,2.0,70,0.64
2016,9,11,18,24.6,74,2.2,70,0.19
2016,9,12,8,20.5,94,4.0,20,0.05
2016,9,12,9,20.6,94,2.5,50,0.11
2016,9,12,10,20.8,93,2.1,50,0.23
2016,9,12,11,20.7,95,2.5,50,0.37
2016,9,12,12,21.3,95,3.3,50,0.56
2016,9,12,13,21.1,91,3.8,50,0.59
2016,9,12,14,21.0,94,2.9,20,0.38
2016,9,12,15,21.1,93,2.8,50,0.17
2016,9,12,16,20.8,94,4.0,20,0.20
2016,9,12,17,21.3,92,2.3,50,0.44
2016,9,12,18,21.3,89,2.7,50,0.27
2016,9,13,8,22.4,76,2.4,50,0.70
2016,9,13,9,23.5,74,2.4,50,1.07
2016,9,13,10,25.2,66,2.9,70,1.79
2016,9,13,11,26.5,66,1.9,50,2.25
2016,9,13,12,26.2,69,2.4,20,2.02
2016,9,13,13,26.8,66,3.3,110,1.97
2016,9,13,14,26.7,66,3.1,110,1.85
2016,9,13,15,27.0,62,3.0,90,1.99
2016,9,13,16,26.3,65,3.1,90,1.55
2016,9,13,17,25.2,70,3.5,90,0.97
2016,9,13,18,23.9,72,2.5,70,0.29
2016,9,14,8,23.1,73,2.5,50,0.81
2016,9,14,9,24.2,72,2.8,50,1.25
2016,9,14,10,25.0,72,2.8,70,1.36
2016,9,14,11,25.9,68,2.5,70,1.63
2016,9,14,12,28.0,62,3.1,110,2.76
2016,9,14,13,28.0,61,3.0,110,2.78
2016,9,14,14,26.9,70,4.4,140,2.60
2016,9,14,15,25.4,71,3.8,110,1.19
2016,9,14,16,25.4,71,2.1,110,1.04
2016,9,14,17,24.7,74,2.0,110,0.46
2016,9,14,18,24.0,76,1.9,90,0.14
2016,9,15,8,22.9,80,0.1,0,0.52
2016,9,15,9,25.1,73,1.8,110,1.30
2016,9,15,10,26.3,72,2.6,140,1.93
2016,9,15,11,27.2,69,2.9,110,2.39
2016,9,15,12,27.2,69,3.4,140,2.49
2016,9,15,13,27.3,70,3.6,140,2.20
2016,9,15,14,26.2,73,3.7,140,1.91
2016,9,15,15,27.0,72,3.3,140,2.00
2016,9,15,16,25.2,76,3.1,110,0.94
2016,9,15,17,24.8,78,2.0,110,0.51
2016,9,15,18,24.2,79,2.5,90,0.23
2016,9,16,8,23.1,82,1.2,140,6.00
2016,9,16,9,23.6,80,0.3,0,0.35
2016,9,16,10,23.8,84,0.9,20,0.40
2016,9,16,11,24.5,82,0.9,140,0.64
2016,9,16,12,25.1,79,0.9,90,0.80
2016,9,16,13,25.9,69,2.3,50,0.93
2016,9,16,14,25.7,70,1.1,20,0.63
2016,9,16,15,25.8,75,1.0,140,0.66
2016,9,16,16,25.5,76,0.6,70,0.57
2016,9,16,17,24.5,83,2.2,110,0.29
2016,9,16,18,24.1,86,1.1,70,0.14
2016,9,17,8,19.3,93,3.7,50,0.01
2016,9,17,9,20.0,95,2.6,50,0.05
2016,9,17,10,20.3,96,3.9,50,0.09
2016,9,17,11,20.6,96,2.0,50,0.00
2016,9,17,12,20.4,98,3.8,50,0.00
2016,9,17,13,20.3,98,3.4,50,0.00
2016,9,17,14,20.8,98,3.7,50,0.00
2016,9,17,15,21.2,98,4.0,50,0.02
2016,9,17,16,21.4,98,4.4,50,0.02
2016,9,17,17,21.6,97,4.4,50,0.02
2016,9,17,18,21.3,97,4.0,50,0.05
2016,9,18,8,20.7,96,3.0,50,0.13
2016,9,18,9,21.2,94,3.8,50,0.36
2016,9,18,10,21.1,91,4.1,50,0.43
2016,9,18,11,21.6,87,3.7,50,0.69
2016,9,18,12,22.9,80,4.3,50,1.15
2016,9,18,13,22.7,78,4.4,50,0.77
2016,9,18,14,23.1,76,4.5,50,1.01
2016,9,18,15,22.5,78,4.9,50,0.76
2016,9,18,16,22.0,79,4.3,50,0.41
2016,9,18,17,21.2,83,4.1,50,0.26
2016,9,18,18,21.2,79,4.1,50,0.11
2016,9,19,8,20.5,83,4.5,50,0.13
2016,9,19,9,20.6,82,4.9,50,0.20
2016,9,19,10,20.8,81,3.7,50,0.38
2016,9,19,11,21.0,80,5.9,50,0.63
2016,9,19,12,20.7,83,5.1,50,0.61
2016,9,19,13,20.8,79,5.6,50,0.74
2016,9,19,14,20.8,81,4.9,50,0.48
2016,9,19,15,21.2,77,4.5,50,0.53
2016,9,19,16,20.9,81,4.9,50,0.39
2016,9,19,17,20.8,77,5.6,50,0.26
2016,9,19,18,20.4,79,4.7,50,0.19
2016,9,20,8,20.3,56,4.6,50,0.85
2016,9,20,9,21.5,54,5.5,50,1.47
2016,9,20,10,23.2,48,4.3,50,2.08
2016,9,20,11,23.5,49,5.7,50,2.59
2016,9,20,12,24.3,44,4.3,50,2.75
2016,9,20,13,24.0,43,4.0,50,2.24
2016,9,20,14,24.3,42,4.8,20,2.20
2016,9,20,15,25.0,41,4.2,50,2.40
2016,9,20,16,23.4,51,5.8,20,2.00
2016,9,20,17,23.0,45,4.6,50,1.17
2016,9,20,18,21.3,51,4.1,20,0.39
2016,9,21,8,20.2,63,2.4,50,0.57
2016,9,21,9,21.5,59,3.0,50,1.05
2016,9,21,10,23.6,52,3.3,50,1.83
2016,9,21,11,24.4,50,4.1,70,2.59
2016,9,21,12,25.4,45,3.2,70,2.83
2016,9,21,13,25.4,48,3.0,70,2.73
2016,9,21,14,25.1,46,3.8,90,2.21
2016,9,21,15,23.7,49,2.7,70,1.60
2016,9,21,16,23.0,55,3.4,70,1.06
2016,9,21,17,22.0,58,3.8,70,0.33
2016,9,21,18,21.4,61,3.9,50,0.18
2016,9,22,8,20.0,79,2.1,50,0.03
2016,9,22,9,19.6,86,3.4,20,0.19
2016,9,22,10,20.4,80,3.9,50,0.50
2016,9,22,11,20.5,80,3.4,50,0.44
2016,9,22,12,21.7,77,2.8,50,0.92
2016,9,22,13,23.3,71,3.0,20,1.40
2016,9,22,14,23.8,68,2.8,50,1.23
2016,9,22,15,24.4,65,3.2,20,1.68
2016,9,22,16,24.3,64,3.3,20,1.38
2016,9,22,17,23.2,69,2.6,20,0.91
2016,9,22,18,21.7,73,2.7,20,0.17
2016,9,23,8,21.3,73,3.2,50,0.69
2016,9,23,9,23.3,66,2.2,50,1.40
2016,9,23,10,24.2,65,1.6,70,1.85
2016,9,23,11,25.7,59,2.3,70,2.33
2016,9,23,12,26.0,58,3.4,110,2.80
2016,9,23,13,26.0,60,3.1,110,2.84
2016,9,23,14,25.8,63,3.7,110,2.70
2016,9,23,15,25.0,64,4.5,90,2.28
2016,9,23,16,24.0,67,4.1,90,1.67
2016,9,23,17,23.0,69,3.4,90,0.93
2016,9,23,18,22.0,74,3.0,90,0.18
2016,9,24,8,22.1,72,2.9,50,0.70
2016,9,24,9,23.6,67,3.5,50,1.43
2016,9,24,10,25.1,60,1.9,70,2.03
2016,9,24,11,26.1,63,3.8,110,2.40
2016,9,24,12,26.3,58,3.6,90,2.78
2016,9,24,13,26.3,63,3.5,110,2.86
2016,9,24,14,25.9,64,3.3,90,2.48
2016,9,24,15,26.3,58,2.9,90,2.24
2016,9,24,16,24.9,61,3.1,90,1.53
2016,9,24,17,24.2,62,3.3,90,0.91
2016,9,24,18,22.8,67,2.3,70,0.34
2016,9,25,8,22.3,60,1.2,50,0.71
2016,9,25,9,23.0,56,2.4,70,0.95
2016,9,25,10,25.9,47,1.5,110,1.63
2016,9,25,11,27.3,46,2.7,140,2.14
2016,9,25,12,27.1,49,3.0,140,2.04
2016,9,25,13,27.2,46,2.6,140,2.01
2016,9,25,14,26.9,57,2.0,110,1.97
2016,9,25,15,26.2,62,1.6,110,1.28
2016,9,25,16,25.2,68,2.9,110,0.89
2016,9,25,17,24.0,76,2.5,140,0.49
2016,9,25,18,23.4,74,2.3,110,0.15
2016,9,26,8,23.4,71,2.2,70,6.00
2016,9,26,9,24.0,74,1.1,50,0.34
2016,9,26,10,24.9,77,2.2,70,0.45
2016,9,26,11,25.0,82,2.6,90,0.51
2016,9,26,12,26.8,76,2.1,110,1.51
2016,9,26,13,27.1,72,1.8,70,1.33
2016,9,26,14,27.0,71,2.6,90,1.13
2016,9,26,15,26.1,75,2.4,90,0.79
2016,9,26,16,25.8,75,2.8,90,1.01
2016,9,26,17,25.2,79,2.6,90,0.30
2016,9,26,18,24.5,78,2.1,70,0.11
2016,9,27,8,25.3,78,1.1,70,0.64
2016,9,27,9,26.9,76,1.8,110,1.28
2016,9,27,10,28.3,73,2.0,110,1.52
2016,9,27,11,27.4,78,2.8,140,1.68
2016,9,27,12,27.0,79,1.0,110,1.28
2016,9,27,13,27.9,75,1.3,90,1.35
2016,9,27,14,29.6,72,1.7,140,1.97
2016,9,27,15,28.6,73,1.3,110,1.50
2016,9,27,16,28.2,75,1.3,70,0.82
2016,9,27,17,26.8,81,2.4,70,0.73
2016,9,27,18,26.0,80,0.5,70,0.16
2016,9,28,8,23.8,98,1.5,230,0.03
2016,9,28,9,24.1,98,0.9,200,0.18
2016,9,28,10,24.5,98,1.0,230,0.41
2016,9,28,11,24.8,97,1.1,270,0.37
2016,9,28,12,24.3,98,0.2,0,0.11
2016,9,28,13,24.0,97,1.3,50,0.09
2016,9,28,14,23.6,98,0.8,110,0.14
2016,9,28,15,23.2,98,0.0,0,0.09
2016,9,28,16,22.8,98,0.8,160,0.05
2016,9,28,17,22.0,98,1.6,50,0.03
2016,9,28,18,21.9,98,2.3,50,0.03
2016,9,29,8,18.9,88,4.1,50,0.08
2016,9,29,9,18.6,89,3.7,50,0.26
2016,9,29,10,19.1,85,3.8,50,0.46
2016,9,29,11,18.9,87,4.0,50,0.42
2016,9,29,12,18.5,92,4.2,50,0.40
2016,9,29,13,18.8,88,4.2,50,0.74
2016,9,29,14,18.8,85,3.6,50,0.47
2016,9,29,15,18.8,87,3.8,50,0.48
2016,9,29,16,18.8,85,4.2,50,0.33
2016,9,29,17,18.9,80,3.7,50,0.23
2016,9,29,18,18.8,80,3.7,50,0.07
2016,9,30,8,17.7,90,3.7,50,0.16
2016,9,30,9,18.4,88,3.6,50,0.35
2016,9,30,10,18.3,94,3.4,50,0.29
2016,9,30,11,18.2,95,3.2,50,0.34
2016,9,30,12,18.6,95,2.7,70,0.43
2016,9,30,13,18.5,97,2.6,20,0.37
2016,9,30,14,18.3,98,1.0,70,0.20
2016,9,30,15,19.0,98,2.5,50,0.59
2016,9,30,16,18.6,96,1.6,50,0.31
2016,9,30,17,18.5,96,2.0,50,0.19
2016,9,30,18,17.9,96,1.8,50,0.07
2016,10,1,8,19.6,91,2.8,50,0.22
2016,10,1,9,19.6,93,2.5,50,0.17
2016,10,1,10,20.0,95,2.9,50,0.29
2016,10,1,11,20.2,93,2.7,50,0.32
2016,10,1,12,20.5,93,2.2,50,0.37
2016,10,1,13,21.9,87,2.6,50,0.89
2016,10,1,14,21.8,87,2.0,50,0.72
2016,10,1,15,21.6,87,1.4,50,0.45
2016,10,1,16,21.3,86,1.9,50,0.20
2016,10,1,17,21.3,86,1.9,50,0.32
2016,10,1,18,20.8,89,2.4,50,0.05
2016,10,2,8,22.7,76,0.4,0,0.67
2016,10,2,9,24.4,71,1.5,90,1.33
2016,10,2,10,25.2,74,3.3,140,1.81
2016,10,2,11,25.4,71,1.6,110,1.57
2016,10,2,12,26.8,69,1.9,110,2.03
2016,10,2,13,27.0,70,3.8,110,2.66
2016,10,2,14,27.1,73,3.1,140,2.52
2016,10,2,15,24.8,79,3.6,110,1.40
2016,10,2,16,24.8,79,2.5,110,0.64
2016,10,2,17,23.9,83,2.0,110,0.26
2016,10,2,18,23.2,86,2.3,90,0.07
2016,10,3,8,25.4,85,3.0,200,0.50
2016,10,3,9,26.8,82,4.3,200,1.37
2016,10,3,10,28.2,72,4.6,230,1.64
2016,10,3,11,27.3,81,5.5,230,2.19
2016,10,3,12,26.5,83,5.2,230,1.17
2016,10,3,13,27.9,75,3.4,270,1.33
2016,10,3,14,27.7,73,3.5,230,1.37
2016,10,3,15,27.2,76,3.6,200,0.94
2016,10,3,16,26.9,79,2.6,180,0.81
2016,10,3,17,26.2,80,3.1,200,0.41
2016,10,3,18,25.8,80,0.4,0,0.07
2016,10,4,8,24.1,67,3.7,50,0.56
2016,10,4,9,26.0,61,3.4,50,1.32
2016,10,4,10,26.1,61,4.6,70,1.83
2016,10,4,11,26.6,59,5.3,70,2.30
2016,10,4,12,27.5,59,3.8,70,2.60
2016,10,4,13,26.4,63,3.7,70,2.15
2016,10,4,14,25.7,69,3.5,70,1.85
2016,10,4,15,24.8,67,4.9,70,1.18
2016,10,4,16,24.7,62,4.1,50,0.82
2016,10,4,17,23.6,69,4.7,50,0.55
2016,10,4,18,22.7,73,4.1,50,0.11
2016,10,5,8,21.3,96,6.9,70,0.00
2016,10,5,9,21.1,97,6.5,70,0.00
2016,10,5,10,22.7,91,8.9,140,0.00
2016,10,5,11,23.0,97,8.4,230,0.14
2016,10,5,12,20.9,85,9.0,320,1.34
2016,10,5,13,23.6,70,6.4,360,2.94
2016,10,5,14,25.4,63,3.9,250,2.67
2016,10,5,15,26.0,66,4.1,270,2.09
2016,10,5,16,25.1,67,3.9,290,1.54
2016,10,5,17,24.4,66,1.1,140,0.84
2016,10,5,18,23.3,73,0.1,0,0.20
2016,10,6,8,20.7,76,1.3,320,0.41
2016,10,6,9,23.1,63,1.1,340,1.34
2016,10,6,10,24.2,61,2.0,200,1.98
2016,10,6,11,25.2,51,1.7,20,2.43
2016,10,6,12,25.6,63,3.7,110,2.61
2016,10,6,13,25.8,54,3.8,140,2.60
2016,10,6,14,25.6,56,3.3,110,2.42
2016,10,6,15,25.5,60,2.7,90,1.98
2016,10,6,16,24.1,67,3.5,110,1.39
2016,10,6,17,23.1,70,2.8,70,0.56
2016,10,6,18,22.1,74,3.0,70,0.13
2016,10,7,8,21.5,63,3.5,70,0.44
2016,10,7,9,22.3,58,3.8,70,1.06
2016,10,7,10,22.5,63,4.1,70,1.41
2016,10,7,11,23.3,59,3.0,70,1.92
2016,10,7,12,23.1,64,3.2,70,1.75
2016,10,7,13,22.0,66,3.5,90,1.10
2016,10,7,14,21.5,65,3.2,70,0.55
2016,10,7,15,21.1,69,3.3,90,0.41
2016,10,7,16,20.3,76,3.4,50,6.00
2016,10,7,17,20.1,75,2.7,70,0.28
2016,10,7,18,19.9,76,2.5,50,0.04
2016,10,8,8,19.9,99,1.6,270,0.08
2016,10,8,9,20.7,99,3.5,250,0.14
2016,10,8,10,21.7,98,4.4,270,0.62
2016,10,8,11,22.4,96,4.4,270,1.06
2016,10,8,12,21.9,93,3.6,340,1.19
2016,10,8,13,21.5,93,3.2,340,0.62
2016,10,8,14,20.8,94,2.6,320,0.34
2016,10,8,15,20.8,93,1.3,180,0.43
2016,10,8,16,20.4,93,1.8,200,6.00
2016,10,8,17,20.2,95,1.0,340,0.14
2016,10,8,18,19.5,96,2.3,340,0.02
2016,10,9,8,14.1,54,4.4,340,0.66
2016,10,9,9,16.4,48,2.4,180,1.44
2016,10,9,10,16.5,53,3.7,360,2.08
2016,10,9,11,17.9,51,2.7,360,2.52
2016,10,9,12,20.9,39,1.7,70,2.74
2016,10,9,13,21.9,40,2.1,70,2.72
2016,10,9,14,21.4,47,3.6,110,2.55
2016,10,9,15,19.6,56,3.0,70,1.47
2016,10,9,16,18.7,54,3.1,90,1.44
2016,10,9,17,17.3,53,4.3,50,0.74
2016,10,9,18,16.1,59,3.5,50,0.11
2016,10,10,8,15.9,66,3.5,20,0.37
2016,10,10,9,18.3,60,3.6,20,1.26
2016,10,10,10,18.4,64,3.1,50,1.44
2016,10,10,11,19.9,60,3.2,70,1.32
2016,10,10,12,20.8,60,3.1,70,2.67
2016,10,10,13,20.5,59,3.5,90,1.91
2016,10,10,14,19.5,61,2.6,70,1.34
2016,10,10,15,18.8,61,2.9,70,0.72
2016,10,10,16,18.2,63,3.5,50,0.37
2016,10,10,17,17.6,64,4.0,50,0.19
2016,10,10,18,17.3,66,2.8,50,0.02
2016,10,11,8,16.3,72,1.3,360,0.18
2016,10,11,9,16.8,70,2.2,20,0.36
2016,10,11,10,17.9,66,2.2,20,0.60
2016,10,11,11,18.4,67,1.9,20,0.82
2016,10,11,12,18.3,68,2.4,360,0.77
2016,10,11,13,18.5,69,2.3,340,0.78
2016,10,11,14,19.7,57,1.8,70,0.99
2016,10,11,15,19.3,65,0.8,360,0.68
2016,10,11,16,18.6,69,3.3,340,0.51
2016,10,11,17,18.0,70,1.1,340,0.23
2016,10,11,18,17.3,71,3.3,340,0.06
2016,10,12,8,16.7,61,1.0,180,0.43
2016,10,12,9,19.4,52,0.9,70,1.09
2016,10,12,10,21.2,50,2.1,50,1.71
2016,10,12,11,20.6,53,2.4,20,1.47
2016,10,12,12,22.7,47,1.7,90,2.13
2016,10,12,13,23.5,51,2.4,90,2.24
2016,10,12,14,23.3,53,2.8,90,2.47
2016,10,12,15,22.1,51,3.5,110,1.78
2016,10,12,16,21.1,55,3.0,90,1.24
2016,10,12,17,20.3,50,2.2,70,0.69
2016,10,12,18,19.2,52,2.5,70,0.11
2016,10,13,8,17.7,72,2.3,20,0.20
2016,10,13,9,18.8,68,1.5,50,0.55
2016,10,13,10,19.9,66,1.5,50,0.88
2016,10,13,11,20.6,63,1.5,110,1.07
2016,10,13,12,21.4,60,2.5,140,1.13
2016,10,13,13,21.2,63,2.3,140,1.18
2016,10,13,14,20.9,64,1.5,90,0.88
2016,10,13,15,20.1,66,1.5,140,0.54
2016,10,13,16,19.7,66,2.3,140,0.22
2016,10,13,17,19.4,64,2.0,140,0.13
2016,10,13,18,18.9,66,1.3,160,0.03
2016,10,14,8,16.6,78,0.3,0,0.35
2016,10,14,9,19.8,68,1.2,140,1.18
2016,10,14,10,21.7,41,1.7,90,1.82
2016,10,14,11,23.3,46,2.3,110,2.25
2016,10,14,12,23.3,57,3.3,140,2.48
2016,10,14,13,23.1,56,4.2,140,2.47
2016,10,14,14,23.1,54,4.3,140,2.26
2016,10,14,15,22.4,57,3.9,110,1.83
2016,10,14,16,21.6,52,3.2,110,1.25
2016,10,14,17,20.5,56,1.2,110,0.60
2016,10,14,18,19.3,58,2.5,70,0.08
2016,10,15,8,18.5,70,2.8,50,0.42
2016,10,15,9,20.7,66,3.1,50,1.03
2016,10,15,10,22.3,62,2.8,50,1.57
2016,10,15,11,23.1,62,3.4,90,1.87
2016,10,15,12,22.9,61,3.6,90,1.88
2016,10,15,13,23.2,59,3.8,90,2.30
2016,10,15,14,22.7,62,4.1,90,1.96
2016,10,15,15,22.3,58,2.7,70,1.46
2016,10,15,16,22.0,55,2.5,70,1.16
2016,10,15,17,20.5,56,2.3,70,0.46
2016,10,15,18,19.6,63,2.5,70,0.05
2016,10,16,8,18.3,89,1.9,50,0.06
2016,10,16,9,17.8,95,2.1,50,0.08
2016,10,16,10,17.7,96,2.0,50,0.16
2016,10,16,11,17.8,96,1.5,20,0.19
2016,10,16,12,17.7,95,1.2,110,0.22
2016,10,16,13,17.9,96,0.7,70,0.36
2016,10,16,14,17.9,97,0.8,70,0.20
2016,10,16,15,17.9,97,1.0,50,0.14
2016,10,16,16,17.9,97,1.0,90,0.06
2016,10,16,17,17.7,98,1.5,20,0.04
2016,10,16,18,17.6,98,1.4,70,0.00
2016,10,17,8,18.6,93,2.6,340,0.46
2016,10,17,9,19.8,90,3.7,320,1.24
2016,10,17,10,20.7,85,4.7,340,1.83
2016,10,17,11,22.2,83,3.6,320,2.44
2016,10,17,12,24.9,69,1.7,270,2.58
2016,10,17,13,25.3,69,3.4,200,2.23
2016,10,17,14,25.5,68,2.7,200,2.25
2016,10,17,15,24.3,71,3.4,200,1.85
2016,10,17,16,23.3,71,2.6,200,1.16
2016,10,17,17,22.5,73,1.3,230,0.62
2016,10,17,18,21.2,78,1.4,230,0.08
2016,10,18,8,18.4,66,0.1,0,0.40
2016,10,18,9,20.4,65,1.3,200,1.04
2016,10,18,10,22.4,57,2.3,70,1.25
2016,10,18,11,23.1,56,1.6,70,1.46
2016,10,18,12,23.9,59,2.4,110,1.70
2016,10,18,13,23.6,66,2.9,110,1.87
2016,10,18,14,22.9,71,2.2,90,1.21
2016,10,18,15,22.6,70,1.9,90,0.89
2016,10,18,16,22.5,73,2.6,90,1.01
2016,10,18,17,20.9,75,3.1,90,0.16
2016,10,18,18,20.6,75,2.5,70,0.02
2016,10,19,8,19.1,73,0.7,160,0.40
2016,10,19,9,21.1,64,1.8,50,1.13
2016,10,19,10,21.7,64,2.3,20,1.51
2016,10,19,11,22.6,60,1.4,110,1.43
2016,10,19,12,23.0,62,2.5,230,1.64
2016,10,19,13,23.1,64,2.7,160,1.71
2016,10,19,14,23.2,61,3.7,200,1.86
2016,10,19,15,22.6,63,3.7,200,1.56
2016,10,19,16,21.6,72,2.4,200,0.83
2016,10,19,17,20.4,75,2.5,200,0.40
2016,10,19,18,19.6,78,2.0,200,0.04
2016,10,20,8,17.7,71,0.3,0,0.35
2016,10,20,9,18.4,65,1.3,110,0.56
2016,10,20,10,20.8,52,1.9,70,1.11
2016,10,20,11,22.5,48,1.4,90,1.71
2016,10,20,12,23.0,50,2.4,110,1.25
2016,10,20,13,24.2,48,2.2,70,1.75
2016,10,20,14,23.3,50,3.1,70,1.19
2016,10,20,15,22.4,65,3.3,70,0.72
2016,10,20,16,21.7,66,4.6,50,0.44
2016,10,20,17,21.0,72,3.5,70,0.17
2016,10,20,18,20.2,73,3.9,50,0.02
2016,10,21,8,17.5,72,4.1,70,0.07
2016,10,21,9,17.6,70,3.6,70,0.19
2016,10,21,10,17.7,68,3.9,70,0.28
2016,10,21,11,17.6,69,3.1,50,0.27
2016,10,21,12,17.6,71,3.1,70,0.28
2016,10,21,13,17.6,70,3.2,50,0.29
2016,10,21,14,17.4,71,3.1,50,0.27
2016,10,21,15,18.0,66,2.7,70,0.42
2016,10,21,16,17.9,65,3.8,70,0.29
2016,10,21,17,17.5,65,3.6,50,0.13
2016,10,21,18,17.2,69,3.0,50,0.02
2016,10,22,8,16.3,76,2.7,50,0.05
2016,10,22,9,17.0,75,3.0,50,0.23
2016,10,22,10,17.8,72,2.3,50,0.52
2016,10,22,11,21.0,61,3.0,70,1.41
2016,10,22,12,21.7,62,1.9,90,1.75
2016,10,22,13,21.8,59,2.0,70,1.57
2016,10,22,14,21.6,63,2.5,90,1.11
2016,10,22,15,20.9,66,2.4,90,1.01
2016,10,22,16,20.0,68,2.3,70,0.60
2016,10,22,17,19.1,72,2.1,70,6.00
2016,10,22,18,18.5,71,2.5,70,0.03
2016,10,23,8,17.1,86,6.0,50,0.04
2016,10,23,9,16.7,83,5.6,50,0.21
2016,10,23,10,16.5,79,4.9,50,0.30
2016,10,23,11,16.2,77,5.5,50,0.41
2016,10,23,12,17.0,71,4.4,50,0.86
2016,10,23,13,17.7,64,4.5,50,1.37
2016,10,23,14,18.9,59,4.5,50,1.68
2016,10,23,15,17.5,62,5.7,50,1.41
2016,10,23,16,16.8,66,5.2,50,1.03
2016,10,23,17,15.6,67,5.0,50,0.23
2016,10,23,18,14.9,68,4.2,50,0.03
2016,10,24,8,14.7,66,3.5,50,0.18
2016,10,24,9,16.1,63,3.1,20,0.53
2016,10,24,10,18.0,59,2.4,50,1.52
2016,10,24,11,20.0,50,3.0,70,2.18
2016,10,24,12,20.0,49,2.8,90,2.28
2016,10,24,13,20.9,50,2.2,70,2.43
2016,10,24,14,20.0,50,4.2,90,2.21
2016,10,24,15,19.3,51,3.1,90,1.77
2016,10,24,16,18.2,51,2.2,70,1.20
2016,10,24,17,16.8,59,3.9,50,0.54
2016,10,24,18,15.8,61,3.2,50,0.05
2016,10,25,8,16.9,77,2.9,270,0.14
2016,10,25,9,19.3,69,3.6,250,0.72
2016,10,25,10,21.5,67,7.4,250,1.37
2016,10,25,11,20.8,73,5.0,230,1.02
2016,10,25,12,21.0,76,6.9,230,0.83
2016,10,25,13,18.9,95,2.9,250,0.33
2016,10,25,14,19.1,94,5.3,230,0.27
2016,10,25,15,19.9,90,5.0,270,0.23
2016,10,25,16,20.8,86,5.9,250,0.47
2016,10,25,17,20.6,86,3.4,250,0.32
2016,10,25,18,19.9,86,0.5,320,0.04
2016,10,26,8,17.4,76,0.8,140,0.38
2016,10,26,9,20.2,67,1.4,160,1.03
2016,10,26,10,20.5,72,1.5,320,1.51
2016,10,26,11,22.0,66,1.8,320,1.93
2016,10,26,12,20.7,68,2.8,340,1.47
2016,10,26,13,21.9,60,1.1,340,2.11
2016,10,26,14,20.9,53,1.4,270,1.08
2016,10,26,15,20.8,43,1.3,320,0.88
2016,10,26,16,19.8,59,0.6,340,0.33
2016,10,26,17,19.1,60,1.5,340,0.11
2016,10,26,18,18.5,55,2.3,360,0.00
2016,10,27,8,17.1,68,3.3,50,0.33
2016,10,27,9,19.4,66,3.6,50,0.96
2016,10,27,10,19.2,72,3.2,70,0.64
2016,10,27,11,19.3,68,4.2,70,0.49
2016,10,27,12,19.9,64,4.0,70,0.84
2016,10,27,13,19.2,66,3.3,70,0.59
2016,10,27,14,18.8,66,3.8,70,0.55
2016,10,27,15,18.6,63,4.1,50,0.52
2016,10,27,16,18.1,63,4.1,50,0.34
2016,10,27,17,17.6,65,3.9,70,0.14
2016,10,27,18,17.3,65,4.5,70,0.00
2016,10,28,8,15.6,90,3.8,50,0.03
2016,10,28,9,15.5,93,3.2,50,0.11
2016,10,28,10,15.7,94,3.7,50,0.17
2016,10,28,11,16.0,95,3.3,50,0.31
2016,10,28,12,16.2,95,2.9,50,0.34
2016,10,28,13,16.2,94,3.1,50,0.32
2016,10,28,14,16.4,96,0.9,90,6.00
2016,10,28,15,16.0,96,2.1,340,0.21
2016,10,28,16,16.2,95,1.0,290,0.17
2016,10,28,17,15.6,96,4.0,340,0.06
2016,10,28,18,15.5,95,1.4,90,0.00
2016,10,29,8,14.8,63,2.0,50,0.41
2016,10,29,9,15.9,65,4.3,50,0.63
2016,10,29,10,16.5,70,4.4,50,1.27
2016,10,29,11,16.3,68,4.2,20,1.16
2016,10,29,12,16.7,66,3.1,20,1.09
2016,10,29,13,17.0,64,3.3,20,1.08
2016,10,29,14,17.0,66,3.4,20,1.20
2016,10,29,15,16.6,67,3.2,20,0.86
2016,10,29,16,16.1,69,3.1,20,0.59
2016,10,29,17,15.3,72,2.5,50,0.22
2016,10,29,18,14.6,75,2.6,20,0.01
2016,10,30,8,10.1,76,4.3,340,0.24
2016,10,30,9,10.8,57,2.7,20,0.63
2016,10,30,10,11.7,36,3.0,70,1.05
2016,10,30,11,12.7,39,2.5,340,1.33
2016,10,30,12,15.5,32,2.8,340,2.16
2016,10,30,13,17.3,34,1.3,340,2.22
2016,10,30,14,18.9,32,3.0,140,2.20
2016,10,30,15,17.8,34,2.8,160,1.70
2016,10,30,16,16.5,37,1.4,110,1.12
2016,10,30,17,15.2,43,2.2,90,0.46
2016,10,30,18,13.8,47,1.7,50,0.04
2016,10,31,8,12.8,55,3.9,340,0.08
2016,10,31,9,13.1,56,4.0,360,0.30
2016,10,31,10,13.4,51,3.3,340,0.38
2016,10,31,11,14.8,44,1.3,140,0.53
2016,10,31,12,15.1,45,2.5,250,0.59
2016,10,31,13,14.8,46,4.8,340,0.61
2016,10,31,14,13.0,52,7.4,340,0.70
2016,10,31,15,13.8,53,2.8,20,0.24
2016,10,31,16,13.4,58,1.4,340,0.32
2016,10,31,17,13.1,62,2.1,320,0.18
2016,10,31,18,13.4,64,3.4,340,0.00
2016,11,1,8,6.3,57,4.2,340,0.38
2016,11,1,9,7.0,40,2.6,360,1.11
2016,11,1,10,8.4,39,2.9,360,1.73
2016,11,1,11,9.6,36,3.6,320,2.19
2016,11,1,12,10.7,31,4.2,320,2.28
2016,11,1,13,11.5,30,4.6,340,2.46
2016,11,1,14,12.8,32,2.7,340,2.22
2016,11,1,15,12.6,30,3.7,320,1.77
2016,11,1,16,11.5,30,2.3,340,1.15
2016,11,1,17,10.4,28,4.2,340,0.48
2016,11,1,18,9.0,34,5.0,340,0.02
2016,11,2,8,5.2,32,6.9,360,0.42
2016,11,2,9,6.5,32,5.5,340,1.12
2016,11,2,10,8.0,29,5.9,340,1.75
2016,11,2,11,9.7,27,4.6,340,2.20
2016,11,2,12,11.7,25,3.6,340,2.37
2016,11,2,13,12.7,20,2.8,340,2.45
2016,11,2,14,13.3,22,4.1,320,2.21
2016,11,2,15,13.7,23,1.9,290,1.74
2016,11,2,16,12.4,30,1.9,320,1.10
2016,11,2,17,11.4,33,1.7,290,0.43
2016,11,2,18,10.0,38,0.9,340,0.02
2016,11,3,8,8.8,65,0.1,0,0.24
2016,11,3,9,11.0,61,2.0,270,0.70
2016,11,3,10,13.0,60,3.1,270,1.32
2016,11,3,11,15.1,53,2.6,270,1.86
2016,11,3,12,15.9,50,4.0,270,2.08
2016,11,3,13,16.7,47,3.7,270,2.19
2016,11,3,14,17.3,43,2.2,250,1.90
2016,11,3,15,16.0,45,3.4,250,1.32
2016,11,3,16,15.3,48,2.5,250,0.81
2016,11,3,17,14.0,54,3.2,250,0.37
2016,11,3,18,12.5,59,1.1,290,0.02
2016,11,4,8,11.5,63,1.5,160,0.28
2016,11,4,9,14.1,52,1.0,140,0.89
2016,11,4,10,16.8,46,1.8,180,1.48
2016,11,4,11,17.8,39,2.8,250,1.89
2016,11,4,12,18.5,37,3.4,250,2.15
2016,11,4,13,18.6,38,5.1,200,2.22
2016,11,4,14,18.1,48,5.1,230,2.01
2016,11,4,15,17.6,47,4.4,230,1.59
2016,11,4,16,16.7,47,4.9,250,1.02
2016,11,4,17,15.8,47,4.3,250,0.41
2016,11,4,18,14.6,49,5.7,270,0.02
2016,11,5,8,14.0,76,7.3,290,0.27
2016,11,5,9,15.2,69,6.5,270,0.92
2016,11,5,10,17.0,62,5.3,250,1.54
2016,11,5,11,18.3,59,5.5,250,2.00
2016,11,5,12,19.2,55,7.3,250,2.15
2016,11,5,13,19.9,54,5.2,250,2.17
2016,11,5,14,20.5,53,5.8,250,1.93
2016,11,5,15,20.1,56,5.2,250,1.52
2016,11,5,16,19.3,57,5.5,270,0.94
2016,11,5,17,18.3,62,5.4,270,0.35
2016,11,5,18,17.2,68,4.8,270,0.01
2016,11,6,8,14.9,79,3.8,50,0.12
2016,11,6,9,14.8,79,4.5,50,0.19
2016,11,6,10,14.7,77,5.1,50,0.45
2016,11,6,11,15.2,74,4.8,50,0.63
2016,11,6,12,15.5,73,4.3,50,0.75
2016,11,6,13,15.0,74,3.9,50,0.81
2016,11,6,14,15.2,73,4.2,50,0.69
2016,11,6,15,14.9,74,3.8,50,0.41
2016,11,6,16,14.7,73,2.9,50,0.26
2016,11,6,17,14.3,75,2.9,50,0.11
2016,11,6,18,14.0,78,2.8,50,0.02
2016,11,7,8,13.6,70,1.9,50,0.03
2016,11,7,9,14.7,62,3.0,90,0.14
2016,11,7,10,15.3,61,3.1,90,0.39
2016,11,7,11,15.4,62,1.9,90,0.35
2016,11,7,12,16.2,60,2.6,70,0.57
2016,11,7,13,18.3,55,3.2,110,1.94
2016,11,7,14,16.3,61,2.1,90,0.62
2016,11,7,15,16.4,59,1.2,70,0.40
2016,11,7,16,16.1,59,1.6,70,0.68
2016,11,7,17,15.0,63,2.2,90,0.27
2016,11,7,18,14.2,67,1.3,20,0.00
2016,11,8,8,13.0,82,1.8,200,0.02
2016,11,8,9,13.3,77,1.5,180,0.17
2016,11,8,10,13.3,80,2.2,110,0.33
2016,11,8,11,13.6,78,1.0,110,0.40
2016,11,8,12,13.6,71,2.7,340,0.39
2016,11,8,13,14.3,65,2.8,340,0.87
2016,11,8,14,14.7,58,2.0,270,0.97
2016,11,8,15,15.9,36,2.1,320,1.45
2016,11,8,16,14.8,33,3.0,360,1.00
2016,11,8,17,13.3,34,4.5,340,0.33
2016,11,8,18,12.0,33,2.1,320,0.00
2016,11,9,8,4.4,59,5.3,340,0.27
2016,11,9,9,8.6,53,4.6,20,0.93
2016,11,9,10,11.0,52,3.6,20,1.55
2016,11,9,11,12.6,49,3.7,20,1.98
2016,11,9,12,14.4,48,3.5,20,2.21
2016,11,9,13,14.8,48,2.5,50,1.99
2016,11,9,14,15.8,44,1.9,70,2.16
2016,11,9,15,13.9,50,2.3,90,1.03
2016,11,9,16,13.3,53,2.8,90,0.65
2016,11,9,17,11.6,57,2.5,50,0.19
2016,11,9,18,10.6,61,2.6,50,0.00
2016,11,10,8,10.8,64,3.2,20,0.01
2016,11,10,9,11.7,64,3.5,20,0.21
2016,11,10,10,12.5,63,3.9,50,0.38
2016,11,10,11,14.0,60,2.9,70,0.69
2016,11,10,12,14.3,57,2.5,70,0.47
2016,11,10,13,12.6,79,3.7,50,0.18
2016,11,10,14,11.3,93,4.5,20,0.16
2016,11,10,15,10.6,94,4.9,20,0.12
2016,11,10,16,10.5,94,3.4,20,0.11
2016,11,10,17,10.2,94,4.0,50,0.05
2016,11,10,18,10.2,94,3.5,50,0.00
2016,11,11,8,10.8,69,6.2,270,0.26
2016,11,11,9,12.6,63,6.4,290,0.91
2016,11,11,10,14.2,63,3.1,270,1.44
2016,11,11,11,16.1,58,4.8,250,1.81
2016,11,11,12,16.7,57,4.1,250,1.94
2016,11,11,13,17.1,54,2.7,270,1.69
2016,11,11,14,17.4,50,4.0,250,1.23
2016,11,11,15,17.1,49,3.9,270,1.46
2016,11,11,16,15.8,48,4.3,250,0.85
2016,11,11,17,14.7,51,2.8,250,0.29
2016,11,11,18,13.4,57,2.7,290,0.01
2016,11,12,8,10.5,63,1.2,90,0.22
2016,11,12,9,14.6,53,0.2,0,0.90
2016,11,12,10,16.8,47,0.7,70,1.03
2016,11,12,11,19.4,44,1.9,180,1.64
2016,11,12,12,19.8,50,2.1,180,1.92
2016,11,12,13,20.0,49,4.8,200,1.92
2016,11,12,14,19.6,51,5.2,200,1.66
2016,11,12,15,18.6,54,4.3,200,1.52
2016,11,12,16,17.5,60,3.9,230,0.93
2016,11,12,17,16.5,66,4.8,250,0.29
2016,11,12,18,15.5,70,2.9,250,0.00
2016,11,13,8,13.7,77,1.1,50,0.12
2016,11,13,9,15.4,71,0.2,0,0.40
2016,11,13,10,16.7,70,0.5,70,0.55
2016,11,13,11,16.4,83,1.3,340,0.17
2016,11,13,12,17.4,77,0.8,50,0.59
2016,11,13,13,17.9,75,0.9,90,0.50
2016,11,13,14,17.1,82,1.6,90,0.20
2016,11,13,15,16.9,84,1.5,70,0.26
2016,11,13,16,17.0,85,0.9,50,0.18
2016,11,13,17,16.8,86,1.4,70,0.09
2016,11,13,18,16.4,86,0.9,20,0.00
2016,11,14,8,15.8,97,2.1,290,0.00
2016,11,14,9,16.1,97,0.7,50,0.11
2016,11,14,10,16.6,96,0.8,70,6.00
2016,11,14,11,17.3,93,1.0,230,0.35
2016,11,14,12,17.6,90,0.1,0,0.36
2016,11,14,13,19.2,85,0.4,0,0.97
2016,11,14,14,18.3,89,2.9,360,0.50
2016,11,14,15,18.4,87,1.8,320,0.43
2016,11,14,16,18.3,88,2.9,340,0.44
2016,11,14,17,17.7,87,3.7,340,0.16
2016,11,14,18,17.3,88,1.2,360,0.00
2016,11,15,8,14.9,66,3.6,360,0.11
2016,11,15,9,15.3,48,2.8,360,0.45
2016,11,15,10,16.6,45,1.6,20,1.16
2016,11,15,11,16.9,30,3.0,340,1.75
2016,11,15,12,17.4,30,4.8,320,2.09
2016,11,15,13,18.5,28,3.9,320,2.15
2016,11,15,14,19.1,27,2.9,340,1.89
2016,11,15,15,19.3,26,2.2,180,1.48
2016,11,15,16,17.5,47,2.1,90,0.85
2016,11,15,17,15.6,59,1.7,70,0.31
2016,11,15,18,14.3,58,2.9,50,0.00
2016,11,16,8,11.0,64,0.4,0,0.20
2016,11,16,9,14.2,55,1.1,180,0.82
2016,11,16,10,16.6,49,0.8,140,1.44
2016,11,16,11,18.2,36,2.8,270,1.89
2016,11,16,12,18.4,39,4.4,250,2.01
2016,11,16,13,17.9,36,4.7,250,1.95
2016,11,16,14,16.1,28,4.1,360,1.14
2016,11,16,15,15.4,19,3.2,340,0.82
2016,11,16,16,15.4,22,2.3,340,0.63
2016,11,16,17,14.5,24,1.9,360,6.00
2016,11,16,18,13.9,27,5.5,320,0.01
2016,11,17,8,10.7,40,1.2,50,0.10
2016,11,17,9,12.1,37,0.3,0,0.38
2016,11,17,10,15.1,34,1.1,70,1.01
2016,11,17,11,16.6,32,1.7,50,1.57
2016,11,17,12,18.4,33,1.7,140,1.78
2016,11,17,13,18.5,48,2.8,140,1.83
2016,11,17,14,17.4,55,3.3,110,1.64
2016,11,17,15,16.9,59,2.5,110,1.29
2016,11,17,16,15.9,61,2.3,70,0.76
2016,11,17,17,14.6,68,2.6,70,0.22
2016,11,17,18,13.7,70,2.3,50,0.00
2016,11,18,8,12.4,77,0.0,0,0.15
2016,11,18,9,15.1,70,0.4,0,0.63
2016,11,18,10,17.7,63,1.0,90,1.24
2016,11,18,11,18.5,63,1.0,160,1.21
2016,11,18,12,19.9,64,1.9,110,1.67
2016,11,18,13,19.2,70,2.8,110,1.57
2016,11,18,14,18.7,72,2.3,110,0.87
2016,11,18,15,18.2,73,2.2,90,0.49
2016,11,18,16,17.6,76,2.0,70,0.10
2016,11,18,17,16.6,88,2.7,50,0.03
2016,11,18,18,15.7,92,2.2,20,0.00
2016,11,19,8,13.6,92,1.1,290,0.08
2016,11,19,9,14.6,91,2.2,270,0.21
2016,11,19,10,16.1,86,3.3,270,0.53
2016,11,19,11,16.4,86,2.9,250,0.50
2016,11,19,12,17.5,84,3.5,290,1.19
2016,11,19,13,18.5,79,2.2,270,1.27
2016,11,19,14,18.7,78,2.3,320,1.36
2016,11,19,15,19.8,75,1.3,320,1.27
2016,11,19,16,18.6,80,3.9,270,0.69
2016,11,19,17,17.4,85,4.6,270,0.19
2016,11,19,18,16.7,88,2.1,250,0.00
2016,11,20,8,15.6,67,2.4,360,0.09
2016,11,20,9,16.4,68,2.1,200,0.43
2016,11,20,10,17.4,64,2.0,90,0.82
2016,11,20,11,17.4,66,1.6,290,1.00
2016,11,20,12,17.2,61,2.1,360,1.09
2016,11,20,13,17.7,60,1.3,290,1.16
2016,11,20,14,19.1,52,2.0,110,1.18
2016,11,20,15,18.6,57,3.6,110,1.29
2016,11,20,16,17.9,64,2.0,70,0.78
2016,11,20,17,16.5,68,2.6,70,0.26
2016,11,20,18,15.4,69,2.3,50,0.00
2016,11,21,8,13.5,75,4.1,50,0.09
2016,11,21,9,14.7,74,3.6,50,0.37
2016,11,21,10,17.1,66,3.2,50,0.90
2016,11,21,11,18.6,63,2.6,50,1.15
2016,11,21,12,17.8,68,1.6,70,0.81
2016,11,21,13,17.9,64,1.7,50,0.62
2016,11,21,14,16.9,67,2.8,50,0.44
2016,11,21,15,16.6,66,2.4,70,0.31
2016,11,21,16,16.5,67,2.9,50,0.36
2016,11,21,17,15.7,69,2.8,70,0.09
2016,11,21,18,15.2,69,2.3,50,0.00
2016,11,22,8,12.7,80,5.0,340,0.13
2016,11,22,9,13.1,75,3.4,360,0.34
2016,11,22,10,14.6,67,1.0,180,0.54
2016,11,22,11,14.0,72,3.2,320,0.77
2016,11,22,12,13.6,65,4.7,340,0.85
2016,11,22,13,13.4,53,4.4,360,0.90
2016,11,22,14,12.8,51,2.1,250,0.31
2016,11,22,15,13.9,49,2.4,140,1.16
2016,11,22,16,12.6,52,4.3,360,0.58
2016,11,22,17,10.8,55,6.6,360,0.22
2016,11,22,18,9.7,56,4.7,20,0.00
2016,11,23,8,5.2,60,4.3,340,0.06
2016,11,23,9,7.3,59,2.2,70,0.35
2016,11,23,10,10.2,59,5.8,20,0.98
2016,11,23,11,11.0,56,4.9,20,1.37
2016,11,23,12,11.8,55,3.3,20,1.35
2016,11,23,13,13.4,50,3.5,50,1.53
2016,11,23,14,13.5,52,2.8,50,1.40
2016,11,23,15,12.5,55,3.6,20,0.94
2016,11,23,16,11.8,57,2.1,50,0.41
2016,11,23,17,10.6,60,1.7,20,0.13
2016,11,23,18,9.7,54,3.7,360,0.00
2016,11,24,8,0.7,32,4.6,360,0.20
2016,11,24,9,2.6,28,3.5,50,0.84
2016,11,24,10,4.0,25,3.8,360,1.47
2016,11,24,11,5.9,20,2.9,250,1.88
2016,11,24,12,6.8,20,2.4,250,1.99
2016,11,24,13,8.2,20,2.7,290,2.18
2016,11,24,14,9.3,20,2.5,290,1.95
2016,11,24,15,8.6,22,4.4,270,1.54
2016,11,24,16,7.5,23,4.9,270,0.92
2016,11,24,17,6.3,28,1.7,320,0.30
2016,11,24,18,5.5,24,2.3,200,0.00
2016,11,25,8,2.7,38,3.0,90,0.17
2016,11,25,9,4.5,40,3.6,20,0.76
2016,11,25,10,6.9,38,2.5,290,1.39
2016,11,25,11,8.3,36,2.0,360,1.77
2016,11,25,12,10.7,35,1.2,70,1.81
2016,11,25,13,10.2,34,3.9,290,1.98
2016,11,25,14,11.5,35,2.3,360,1.80
2016,11,25,15,10.5,33,2.2,340,1.40
2016,11,25,16,9.2,36,2.4,320,0.80
2016,11,25,17,7.9,38,1.8,360,6.00
2016,11,25,18,7.0,40,3.1,340,0.00
2016,11,26,8,4.3,44,2.8,320,0.15
2016,11,26,9,5.6,47,1.1,290,0.40
2016,11,26,10,7.2,42,1.0,230,0.47
2016,11,26,11,7.0,43,4.1,340,0.53
2016,11,26,12,9.0,43,1.1,90,0.54
2016,11,26,13,9.6,49,0.0,0,0.59
2016,11,26,14,10.3,49,0.7,140,0.51
2016,11,26,15,8.9,57,2.8,340,0.15
2016,11,26,16,8.4,61,1.7,70,0.08
2016,11,26,17,7.0,83,2.0,340,0.00
2016,11,26,18,6.4,87,3.4,360,0.00
2016,11,27,8,6.0,75,1.0,160,0.04
2016,11,27,9,6.5,72,4.5,360,0.21
2016,11,27,10,7.0,68,4.0,360,0.50
2016,11,27,11,7.6,66,4.4,340,0.77
2016,11,27,12,8.9,59,4.5,360,1.02
2016,11,27,13,8.9,63,2.4,360,0.93
2016,11,27,14,10.3,58,1.4,180,1.10
2016,11,27,15,10.3,54,2.6,360,0.94
2016,11,27,16,9.8,57,1.5,20,0.52
2016,11,27,17,9.1,53,2.4,360,0.17
2016,11,27,18,8.2,53,3.0,20,0.00
2016,11,28,8,5.1,66,2.9,360,0.10
2016,11,28,9,6.5,64,2.3,270,0.60
2016,11,28,10,8.2,56,1.9,250,1.19
2016,11,28,11,9.2,50,2.4,360,1.59
2016,11,28,12,10.1,44,3.1,320,1.80
2016,11,28,13,10.3,37,4.7,290,1.90
2016,11,28,14,11.3,30,4.3,290,1.77
2016,11,28,15,11.2,30,2.2,290,1.38
2016,11,28,16,10.3,31,4.8,290,0.80
2016,11,28,17,9.1,30,2.6,320,0.22
2016,11,28,18,7.6,34,1.5,340,0.00
2016,11,29,8,4.2,36,1.1,360,0.14
2016,11,29,9,7.2,35,0.8,110,0.72
2016,11,29,10,9.0,32,1.0,340,1.33
2016,11,29,11,10.2,34,1.9,340,1.71
2016,11,29,12,12.2,28,2.2,50,1.81
2016,11,29,13,13.7,23,2.4,50,1.88
2016,11,29,14,14.1,27,1.9,110,1.71
2016,11,29,15,13.7,29,1.1,70,1.31
2016,11,29,16,12.5,28,2.3,50,0.77
2016,11,29,17,10.6,43,1.7,70,0.22
2016,11,29,18,9.2,44,1.4,20,0.00
2016,11,30,8,9.9,94,2.9,50,0.00
2016,11,30,9,10.1,95,1.7,70,0.06
2016,11,30,10,10.9,95,2.0,20,0.14
2016,11,30,11,10.7,96,1.7,270,0.17
2016,11,30,12,11.7,97,0.8,50,0.43
2016,11,30,13,12.9,90,0.9,90,0.85
2016,11,30,14,13.7,84,1.3,70,0.88
2016,11,30,15,14.8,79,1.6,250,0.96
2016,11,30,16,13.5,85,1.4,290,0.51
2016,11,30,17,13.0,79,1.3,250,0.08
2016,11,30,18,12.6,82,1.2,290,0.00
2016,12,1,8,8.6,79,2.7,250,0.05
2016,12,1,9,10.5,66,4.1,270,0.47
2016,12,1,10,11.6,54,4.7,290,1.02
2016,12,1,11,11.7,49,6.2,270,1.28
2016,12,1,12,12.7,45,4.8,290,1.51
2016,12,1,13,13.3,50,3.2,270,1.39
2016,12,1,14,13.5,42,5.6,290,1.36
2016,12,1,15,13.4,43,3.1,270,1.08
2016,12,1,16,12.6,42,2.3,290,0.61
2016,12,1,17,11.3,47,3.3,270,0.20
2016,12,1,18,10.5,44,3.6,320,0.00
2016,12,2,8,4.4,30,3.6,360,0.14
2016,12,2,9,5.8,24,4.7,320,0.74
2016,12,2,10,7.8,23,4.6,360,1.36
2016,12,2,11,9.4,24,2.5,340,1.77
2016,12,2,12,10.2,23,3.7,340,1.91
2016,12,2,13,11.0,21,3.3,340,2.02
2016,12,2,14,11.7,23,4.3,290,1.86
2016,12,2,15,11.9,25,3.2,320,1.46
2016,12,2,16,11.9,21,2.2,250,0.88
2016,12,2,17,10.3,21,4.1,270,0.26
2016,12,2,18,9.2,23,1.0,180,0.00
2016,12,3,8,6.1,39,0.7,70,0.12
2016,12,3,9,8.6,37,0.3,0,0.65
2016,12,3,10,11.8,35,0.7,160,1.29
2016,12,3,11,14.2,29,1.4,270,1.70
2016,12,3,12,16.0,35,2.7,200,1.81
2016,12,3,13,16.4,24,2.9,250,1.85
2016,12,3,14,14.8,31,2.7,270,1.26
2016,12,3,15,14.4,40,3.2,200,0.89
2016,12,3,16,13.6,35,3.4,250,0.65
2016,12,3,17,12.0,46,2.8,270,0.19
2016,12,3,18,10.8,53,2.6,250,0.00
2016,12,4,8,9.7,43,2.4,250,0.03
2016,12,4,9,11.5,50,4.1,270,0.26
2016,12,4,10,12.2,48,4.3,270,0.51
2016,12,4,11,12.8,53,4.8,270,0.66
2016,12,4,12,12.5,56,4.3,270,0.54
2016,12,4,13,12.9,59,5.0,270,0.49
2016,12,4,14,13.0,59,5.4,270,0.66
2016,12,4,15,12.6,59,2.6,290,0.59
2016,12,4,16,12.2,55,1.7,200,0.36
2016,12,4,17,11.9,52,2.5,270,0.17
2016,12,4,18,10.8,55,2.1,290,0.00
2016,12,5,8,8.4,77,0.5,290,0.06
2016,12,5,9,10.4,72,3.6,270,0.48
2016,12,5,10,12.0,68,4.3,250,0.96
2016,12,5,11,13.4,62,5.0,250,1.41
2016,12,5,12,14.4,60,5.3,250,1.53
2016,12,5,13,15.7,55,4.6,250,1.70
2016,12,5,14,16.2,53,4.0,250,1.50
2016,12,5,15,15.5,52,4.2,250,1.18
2016,12,5,16,14.6,58,5.4,250,0.63
2016,12,5,17,13.5,64,4.4,250,0.17
2016,12,5,18,12.8,69,5.4,250,0.00
2016,12,6,8,3.8,30,4.9,340,0.11
2016,12,6,9,5.3,29,2.4,70,0.69
2016,12,6,10,5.8,31,5.1,270,1.29
2016,12,6,11,7.2,27,3.3,340,1.74
2016,12,6,12,8.0,25,4.4,360,1.86
2016,12,6,13,8.7,23,3.9,340,2.01
2016,12,6,14,9.7,23,4.0,320,1.85
2016,12,6,15,9.2,22,4.4,290,1.46
2016,12,6,16,8.7,22,4.0,290,0.88
2016,12,6,17,7.3,28,3.1,290,0.26
2016,12,6,18,6.2,27,3.2,340,0.00
2016,12,7,8,3.3,33,1.4,70,0.10
2016,12,7,9,6.3,32,1.0,230,0.61
2016,12,7,10,9.0,31,0.5,160,1.17
2016,12,7,11,9.0,30,4.9,270,1.57
2016,12,7,12,9.0,35,3.3,250,1.20
2016,12,7,13,11.1,40,4.7,270,1.83
2016,12,7,14,9.9,51,5.5,270,1.11
2016,12,7,15,8.9,54,5.6,270,0.41
2016,12,7,16,9.0,54,3.2,270,0.32
2016,12,7,17,8.3,56,3.4,270,0.11
2016,12,7,18,7.3,56,2.9,290,0.00
2016,12,8,8,4.8,65,0.5,320,0.09
2016,12,8,9,6.5,60,2.6,360,0.53
2016,12,8,10,8.5,52,1.0,320,0.84
2016,12,8,11,10.5,48,2.6,270,1.18
2016,12,8,12,12.0,49,4.2,230,1.67
2016,12,8,13,12.0,54,4.8,200,1.76
2016,12,8,14,12.1,56,5.1,200,1.65
2016,12,8,15,11.6,62,4.3,200,1.23
2016,12,8,16,10.9,56,4.0,230,0.74
2016,12,8,17,9.8,54,3.1,270,0.22
2016,12,8,18,9.2,49,3.7,250,0.00
2016,12,9,8,9.2,62,5.3,290,0.04
2016,12,9,9,9.9,59,4.7,320,0.41
2016,12,9,10,10.6,47,5.4,320,1.03
2016,12,9,11,11.3,43,4.0,320,1.50
2016,12,9,12,12.7,37,3.0,320,1.69
2016,12,9,13,13.4,32,2.6,90,1.80
2016,12,9,14,12.8,32,2.7,320,1.28
2016,12,9,15,12.6,33,3.0,340,0.93
2016,12,9,16,12.0,32,1.9,340,0.73
2016,12,9,17,10.8,35,1.3,360,0.21
2016,12,9,18,9.3,35,1.9,340,0.00
2016,12,10,8,2.2,38,1.6,340,0.07
2016,12,10,9,4.5,38,1.8,340,0.59
2016,12,10,10,7.0,35,1.9,320,1.19
2016,12,10,11,9.0,29,2.3,320,1.64
2016,12,10,12,10.6,24,2.2,360,1.81
2016,12,10,13,10.6,24,3.3,360,1.86
2016,12,10,14,11.0,23,2.6,340,1.79
2016,12,10,15,11.0,21,2.7,320,1.43
2016,12,10,16,9.6,21,3.1,290,0.86
2016,12,10,17,8.1,21,1.6,290,6.00
2016,12,10,18,6.6,20,1.9,340,0.00
2016,12,11,8,2.0,29,0.9,340,0.10
2016,12,11,9,5.1,28,0.8,270,0.59
2016,12,11,10,8.1,26,1.5,160,1.18
2016,12,11,11,9.6,21,2.1,50,1.67
2016,12,11,12,10.9,24,1.4,110,1.84
2016,12,11,13,11.8,31,0.8,110,1.88
2016,12,11,14,12.1,26,2.1,180,1.75
2016,12,11,15,12.0,26,1.5,270,1.35
2016,12,11,16,10.0,29,3.1,140,0.80
2016,12,11,17,8.6,36,1.0,70,0.23
2016,12,11,18,7.0,42,0.8,340,0.00
2016,12,12,8,5.9,61,0.0,0,0.02
2016,12,12,9,6.9,60,0.0,0,0.24
2016,12,12,10,9.4,55,1.0,70,0.69
2016,12,12,11,11.4,53,0.8,50,0.89
2016,12,12,12,12.9,56,0.7,140,0.84
2016,12,12,13,14.8,57,0.7,70,1.55
2016,12,12,14,14.0,61,1.0,110,0.97
2016,12,12,15,13.7,60,1.6,140,0.47
2016,12,12,16,13.5,61,1.3,180,0.31
2016,12,12,17,12.9,65,0.7,180,0.26
2016,12,12,18,11.2,68,1.9,320,0.00
2016,12,13,8,10.0,68,1.1,340,0.02
2016,12,13,9,10.1,70,0.4,0,0.18
2016,12,13,10,11.2,66,0.5,360,0.41
2016,12,13,11,11.6,65,1.7,340,0.47
2016,12,13,12,11.2,64,1.2,50,0.47
2016,12,13,13,11.4,61,0.0,0,0.54
2016,12,13,14,11.0,61,2.2,360,0.35
2016,12,13,15,10.4,61,2.2,340,0.24
2016,12,13,16,10.3,60,2.3,340,0.11
2016,12,13,17,10.4,54,2.1,50,0.07
2016,12,13,18,9.9,60,2.1,360,0.00
2016,12,14,8,5.0,69,5.0,340,0.03
2016,12,14,9,5.2,69,5.4,340,0.20
2016,12,14,10,5.7,68,4.7,340,0.42
2016,12,14,11,6.8,64,4.0,340,0.62
2016,12,14,12,7.6,60,4.1,340,0.96
2016,12,14,13,10.8,48,3.0,360,1.68
2016,12,14,14,10.0,52,2.4,320,1.03
2016,12,14,15,8.8,53,2.8,360,0.65
2016,12,14,16,8.2,56,3.4,360,0.28
2016,12,14,17,7.5,61,2.9,20,0.14
2016,12,14,18,6.6,63,3.0,20,0.00
2016,12,15,8,0.0,68,4.1,340,0.03
2016,12,15,9,1.2,61,4.0,360,0.48
2016,12,15,10,3.3,54,3.6,110,1.11
2016,12,15,11,4.0,48,3.7,50,1.55
2016,12,15,12,5.1,39,3.9,270,1.77
2016,12,15,13,5.6,34,3.9,340,1.85
2016,12,15,14,6.8,31,2.7,200,1.74
2016,12,15,15,6.8,29,3.2,230,1.36
2016,12,15,16,5.4,30,4.0,20,0.84
2016,12,15,17,3.9,29,1.8,340,6.00
2016,12,15,18,3.1,32,2.8,270,0.00
2016,12,16,8,-2.6,38,3.2,140,0.07
2016,12,16,9,-1.1,35,3.5,70,0.57
2016,12,16,10,0.0,28,4.4,360,1.16
2016,12,16,11,2.3,23,2.9,70,1.66
2016,12,16,12,3.9,23,2.9,110,1.85
2016,12,16,13,4.9,20,2.1,250,1.93
2016,12,16,14,5.9,20,2.8,140,1.82
2016,12,16,15,5.8,17,4.2,290,1.45
2016,12,16,16,4.9,17,3.1,290,0.89
2016,12,16,17,3.4,19,3.8,290,0.27
2016,12,16,18,2.7,20,3.5,270,0.00
2016,12,17,8,1.1,56,0.9,90,0.05
2016,12,17,9,4.7,49,1.9,140,0.53
2016,12,17,10,7.0,47,1.7,160,1.10
2016,12,17,11,7.3,45,4.8,270,1.59
2016,12,17,12,8.5,42,3.8,320,1.80
2016,12,17,13,9.5,38,3.7,320,1.82
2016,12,17,14,10.8,37,3.8,250,1.71
2016,12,17,15,11.1,36,3.2,250,1.39
2016,12,17,16,10.5,36,1.7,290,0.83
2016,12,17,17,9.0,39,2.3,290,6.00
2016,12,17,18,7.4,49,2.0,290,0.00
2016,12,18,8,4.2,59,3.0,320,0.06
2016,12,18,9,6.8,51,1.6,290,0.51
2016,12,18,10,9.1,46,6.4,270,1.12
2016,12,18,11,10.1,56,6.8,270,1.29
2016,12,18,12,10.7,56,7.3,270,1.23
2016,12,18,13,11.6,54,6.0,270,1.53
2016,12,18,14,12.4,53,7.0,270,1.72
2016,12,18,15,13.5,51,4.7,270,1.24
2016,12,18,16,12.7,52,3.7,250,0.77
2016,12,18,17,11.3,57,3.4,270,6.00
2016,12,18,18,10.3,59,3.6,270,0.00
2016,12,19,8,8.2,94,1.1,50,0.00
2016,12,19,9,9.2,95,1.6,20,0.18
2016,12,19,10,11.3,90,1.5,50,0.48
2016,12,19,11,11.9,91,1.2,50,0.30
2016,12,19,12,12.9,86,1.2,50,0.57
2016,12,19,13,12.5,93,1.0,50,6.00
2016,12,19,14,12.4,96,0.3,0,0.23
2016,12,19,15,12.4,96,0.7,50,0.21
2016,12,19,16,12.1,97,1.2,20,0.12
2016,12,19,17,11.7,97,1.4,20,0.02
2016,12,19,18,11.6,97,1.8,70,0.00
2016,12,20,8,10.0,95,1.3,360,0.13
2016,12,20,9,11.6,90,0.3,0,0.43
2016,12,20,10,13.6,84,1.0,110,1.06
2016,12,20,11,13.3,84,2.2,50,0.81
2016,12,20,12,15.3,72,2.3,50,1.62
2016,12,20,13,16.9,57,1.9,70,1.72
2016,12,20,14,17.0,61,2.9,70,1.66
2016,12,20,15,16.4,61,3.2,70,1.39
2016,12,20,16,15.2,60,3.1,50,0.80
2016,12,20,17,13.7,65,2.9,50,0.27
2016,12,20,18,12.5,70,2.5,50,0.00
2016,12,21,8,11.0,77,2.7,50,0.02
2016,12,21,9,12.3,72,3.1,50,0.24
2016,12,21,10,14.6,65,3.4,50,0.59
2016,12,21,11,15.9,68,2.7,50,1.36
2016,12,21,12,15.4,73,2.8,70,0.81
2016,12,21,13,15.1,73,3.0,70,0.37
2016,12,21,14,14.9,76,2.2,50,0.32
2016,12,21,15,14.2,84,2.2,50,0.08
2016,12,21,16,13.7,92,1.9,50,0.04
2016,12,21,17,13.4,96,2.3,50,0.00
2016,12,21,18,13.6,97,1.4,50,0.00
2016,12,22,8,14.5,91,7.6,250,0.00
2016,12,22,9,13.4,88,7.3,270,0.05
2016,12,22,10,13.1,88,6.1,270,0.37
2016,12,22,11,11.8,81,8.3,270,0.47
2016,12,22,12,11.7,80,8.0,270,0.44
2016,12,22,13,11.5,79,7.4,270,0.34
2016,12,22,14,11.5,77,10.1,290,0.47
2016,12,22,15,11.5,75,9.1,270,0.43
2016,12,22,16,11.2,73,8.0,270,0.24
2016,12,22,17,11.2,66,6.2,290,0.07
2016,12,22,18,10.4,62,5.8,290,0.00
2016,12,23,8,4.5,51,7.3,290,0.02
2016,12,23,9,5.2,49,5.2,270,0.37
2016,12,23,10,5.7,48,5.4,270,0.99
2016,12,23,11,7.1,49,6.9,290,1.64
2016,12,23,12,6.6,46,8.4,270,1.76
2016,12,23,13,6.9,44,9.2,270,1.82
2016,12,23,14,7.1,43,8.5,290,1.66
2016,12,23,15,7.7,42,3.8,290,1.34
2016,12,23,16,6.3,45,7.3,270,0.93
2016,12,23,17,4.7,49,2.9,320,0.31
2016,12,23,18,3.7,53,6.5,290,0.00
2016,12,24,8,0.1,67,1.6,340,0.02
2016,12,24,9,1.1,63,2.0,360,0.28
2016,12,24,10,2.8,59,2.2,360,0.74
2016,12,24,11,5.8,50,1.1,320,1.32
2016,12,24,12,8.6,46,1.2,320,1.69
2016,12,24,13,8.7,51,2.7,320,1.73
2016,12,24,14,9.6,52,1.4,140,1.61
2016,12,24,15,9.2,50,2.1,320,1.21
2016,12,24,16,7.1,53,3.7,340,0.65
2016,12,24,17,6.1,57,3.3,340,0.18
2016,12,24,18,5.4,57,1.7,20,0.00
2016,12,25,8,4.3,74,0.8,230,0.03
2016,12,25,9,7.2,69,1.3,200,0.44
2016,12,25,10,9.7,64,0.6,340,1.00
2016,12,25,11,12.4,57,1.6,160,1.52
2016,12,25,12,12.2,57,1.2,340,1.26
2016,12,25,13,13.9,53,1.0,360,1.66
2016,12,25,14,14.1,55,2.7,320,1.61
2016,12,25,15,14.3,53,0.6,360,1.16
2016,12,25,16,13.2,61,1.6,140,0.65
2016,12,25,17,11.4,62,2.9,320,0.21
2016,12,25,18,10.2,63,2.9,340,0.01
2016,12,26,8,9.2,77,0.0,0,0.00
2016,12,26,9,9.4,79,0.3,0,0.13
2016,12,26,10,9.4,89,0.1,0,0.11
2016,12,26,11,9.4,92,0.5,90,0.20
2016,12,26,12,9.6,94,2.1,50,0.16
2016,12,26,13,9.8,94,1.4,50,0.17
2016,12,26,14,9.8,95,0.4,0,0.16
2016,12,26,15,9.7,95,1.7,50,0.11
2016,12,26,16,9.1,96,1.2,140,0.07
2016,12,26,17,9.0,96,1.7,50,0.00
2016,12,26,18,8.5,96,2.2,50,0.00
2016,12,27,8,3.6,79,2.7,50,0.13
2016,12,27,9,4.1,73,3.2,160,0.24
2016,12,27,10,5.8,66,2.5,160,0.78
2016,12,27,11,6.6,61,5.2,290,1.39
2016,12,27,12,6.7,60,7.6,290,1.69
2016,12,27,13,7.3,55,5.3,290,1.81
2016,12,27,14,7.9,49,6.0,290,1.76
2016,12,27,15,7.9,43,4.6,340,1.38
2016,12,27,16,6.6,32,6.4,360,0.85
2016,12,27,17,5.4,36,3.8,320,0.35
2016,12,27,18,4.1,35,3.3,340,0.00
2016,12,28,8,-1.7,59,0.0,0,0.13
2016,12,28,9,1.6,52,0.7,270,0.49
2016,12,28,10,5.1,48,1.4,90,1.12
2016,12,28,11,6.7,50,2.2,50,1.57
2016,12,28,12,8.1,50,3.7,20,1.77
2016,12,28,13,9.0,51,2.1,50,1.85
2016,12,28,14,10.5,47,1.5,110,1.77
2016,12,28,15,9.5,50,1.9,110,1.43
2016,12,28,16,8.8,45,2.9,320,0.88
2016,12,28,17,6.7,47,2.1,340,0.31
2016,12,28,18,5.3,43,4.1,340,0.01
2016,12,29,8,0.6,49,2.1,360,0.13
2016,12,29,9,3.1,47,1.8,180,0.48
2016,12,29,10,4.5,43,2.9,270,1.06
2016,12,29,11,5.3,45,2.6,320,1.52
2016,12,29,12,6.5,42,2.3,270,1.70
2016,12,29,13,7.3,41,2.6,360,1.90
2016,12,29,14,6.2,42,4.0,360,1.88
2016,12,29,15,5.9,38,3.8,320,1.45
2016,12,29,16,5.3,37,3.3,290,0.92
2016,12,29,17,3.9,32,2.4,340,0.32
2016,12,29,18,2.5,30,2.0,20,0.01
2016,12,30,8,-2.0,41,4.5,340,0.14
2016,12,30,9,0.6,34,2.3,340,0.53
2016,12,30,10,2.6,34,2.2,320,1.14
2016,12,30,11,3.1,31,3.8,340,1.64
2016,12,30,12,4.2,26,4.4,320,1.85
2016,12,30,13,5.4,21,4.8,320,1.95
2016,12,30,14,6.6,23,4.0,320,1.87
2016,12,30,15,8.3,20,1.7,290,1.51
2016,12,30,16,7.2,20,3.1,290,0.97
2016,12,30,17,5.6,26,3.3,270,0.35
2016,12,30,18,4.1,26,2.0,270,0.01
2016,12,31,8,1.9,57,3.8,340,0.02
2016,12,31,9,4.2,50,0.8,250,0.43
2016,12,31,10,4.1,52,1.7,320,0.50
2016,12,31,11,5.7,50,2.4,290,1.18
2016,12,31,12,8.0,47,2.5,290,1.71
2016,12,31,13,9.0,43,2.8,320,1.78
2016,12,31,14,10.1,43,2.6,290,1.68
2016,12,31,15,9.7,43,3.6,320,1.32
2016,12,31,16,8.9,43,3.2,320,0.81
2016,12,31,17,7.7,49,2.0,340,0.32
2016,12,31,18,6.4,51,1.5,320,0.01
2017,1,1,8,2.5,67,1.5,360,0.04
2017,1,1,9,5.1,59,3.2,320,0.47
2017,1,1,10,6.6,54,2.7,290,0.93
2017,1,1,11,7.7,53,2.9,340,1.29
2017,1,1,12,8.8,51,4.5,340,1.81
2017,1,1,13,10.6,43,1.9,320,1.80
2017,1,1,14,12.2,38,1.9,320,1.72
2017,1,1,15,11.7,47,3.8,250,1.36
2017,1,1,16,10.6,46,3.9,250,0.87
2017,1,1,17,9.2,55,3.0,250,0.33
2017,1,1,18,7.7,62,2.6,270,0.01
2017,1,2,8,5.4,63,2.8,360,0.01
2017,1,2,9,7.4,56,1.0,230,0.35
2017,1,2,10,10.0,49,1.2,270,0.94
2017,1,2,11,11.8,46,1.7,230,1.40
2017,1,2,12,13.3,46,1.8,360,1.67
2017,1,2,13,13.7,43,2.2,320,1.71
2017,1,2,14,14.8,41,2.4,270,1.67
2017,1,2,15,14.1,46,4.7,250,1.27
2017,1,2,16,13.5,47,2.9,250,0.79
2017,1,2,17,11.9,53,4.2,270,0.29
2017,1,2,18,10.8,56,3.7,270,0.02
2017,1,3,8,3.9,68,3.4,320,0.03
2017,1,3,9,5.0,62,4.1,320,0.42
2017,1,3,10,7.2,41,3.1,320,1.05
2017,1,3,11,9.1,41,3.2,360,1.54
2017,1,3,12,10.6,30,2.5,270,1.74
2017,1,3,13,11.2,28,2.9,270,1.80
2017,1,3,14,11.8,24,3.4,290,1.80
2017,1,3,15,13.6,22,1.1,230,1.44
2017,1,3,16,12.4,24,2.1,290,0.94
2017,1,3,17,10.7,26,2.7,270,0.36
2017,1,3,18,9.0,30,1.9,270,0.01
2017,1,4,8,4.9,35,1.1,290,0.01
2017,1,4,9,6.0,39,0.8,200,6.00
2017,1,4,10,8.5,44,1.4,230,0.71
2017,1,4,11,9.8,44,3.0,340,1.12
2017,1,4,12,10.8,47,2.2,200,1.32
2017,1,4,13,12.5,42,1.3,290,1.47
2017,1,4,14,12.5,42,2.3,340,1.72
2017,1,4,15,12.0,43,3.6,340,1.24
2017,1,4,16,10.7,45,3.9,340,0.59
2017,1,4,17,10.0,47,4.9,340,0.33
2017,1,4,18,9.2,50,5.0,340,0.03
2017,1,5,8,6.7,60,2.8,50,0.03
2017,1,5,9,7.5,65,2.9,50,0.23
2017,1,5,10,8.7,68,4.1,50,0.50
2017,1,5,11,10.6,63,4.2,50,0.88
2017,1,5,12,12.4,59,3.7,50,1.43
2017,1,5,13,10.6,68,3.6,50,0.84
2017,1,5,14,9.9,73,3.5,50,0.70
2017,1,5,15,8.9,77,3.8,50,0.36
2017,1,5,16,8.1,84,3.5,50,0.26
2017,1,5,17,7.8,77,4.2,50,0.10
2017,1,5,18,6.7,88,3.5,50,0.00
2017,1,6,8,5.6,66,3.2,50,0.00
2017,1,6,9,6.5,62,3.1,20,0.28
2017,1,6,10,9.5,53,2.8,50,1.01
2017,1,6,11,11.1,50,3.1,50,1.56
2017,1,6,12,12.6,44,3.1,50,2.09
2017,1,6,13,11.3,50,3.4,50,1.34
2017,1,6,14,10.3,48,3.1,50,0.77
2017,1,6,15,10.7,51,3.5,20,0.95
2017,1,6,16,9.7,50,2.8,50,0.83
2017,1,6,17,8.9,52,2.3,50,0.35
2017,1,6,18,7.5,55,2.8,50,0.02
2017,1,7,8,5.3,70,1.3,110,0.03
2017,1,7,9,7.5,63,0.8,70,0.36
2017,1,7,10,9.3,59,1.7,50,0.73
2017,1,7,11,11.0,56,2.2,20,0.95
2017,1,7,12,11.8,55,1.7,50,1.19
2017,1,7,13,12.2,54,1.4,50,1.16
2017,1,7,14,12.0,55,1.3,70,0.80
2017,1,7,15,11.4,61,2.5,90,0.77
2017,1,7,16,11.1,62,2.3,70,0.45
2017,1,7,17,10.4,65,1.9,50,0.13
2017,1,7,18,9.8,68,2.5,50,0.00
2017,1,8,8,7.7,85,3.2,20,0.01
2017,1,8,9,8.3,85,3.6,50,0.14
2017,1,8,10,9.1,80,2.9,50,0.28
2017,1,8,11,9.8,71,2.9,20,0.38
2017,1,8,12,11.1,68,3.5,20,0.79
2017,1,8,13,11.1,67,3.0,20,0.59
2017,1,8,14,11.9,66,3.8,50,0.70
2017,1,8,15,12.0,66,3.8,50,0.73
2017,1,8,16,12.7,61,2.6,50,0.84
2017,1,8,17,11.6,66,1.4,20,0.38
2017,1,8,18,10.0,69,1.6,360,0.01
2017,1,9,8,6.6,61,5.7,290,0.02
2017,1,9,9,6.8,56,6.8,290,0.36
2017,1,9,10,7.2,54,6.8,290,0.65
2017,1,9,11,7.6,54,3.8,290,1.03
2017,1,9,12,8.4,53,3.5,290,1.37
2017,1,9,13,9.5,47,3.6,340,1.59
2017,1,9,14,10.6,44,3.1,320,1.66
2017,1,9,15,10.9,38,5.1,360,1.35
2017,1,9,16,10.7,36,2.4,340,0.90
2017,1,9,17,9.5,38,2.0,360,0.40
2017,1,9,18,8.0,40,0.8,290,0.01
2017,1,10,8,1.2,53,2.3,70,0.03
2017,1,10,9,2.7,45,3.5,70,0.47
2017,1,10,10,3.9,41,3.5,270,1.09
2017,1,10,11,5.0,37,3.5,20,1.61
2017,1,10,12,5.1,38,5.5,290,1.84
2017,1,10,13,6.6,34,3.5,320,1.93
2017,1,10,14,6.8,35,3.4,320,1.87
2017,1,10,15,7.2,32,4.7,290,1.52
2017,1,10,16,7.1,31,2.3,290,1.01
2017,1,10,17,6.3,32,1.8,340,0.44
2017,1,10,18,4.7,33,0.4,0,0.02
2017,1,11,8,-1.9,27,2.2,70,0.04
2017,1,11,9,-1.7,22,4.4,360,0.38
2017,1,11,10,-1.2,23,3.6,360,0.97
2017,1,11,11,-0.1,19,2.4,360,1.10
2017,1,11,12,3.1,19,2.0,70,1.93
2017,1,11,13,3.2,24,3.8,360,2.00
2017,1,11,14,4.2,26,3.8,290,1.85
2017,1,11,15,4.3,26,3.6,320,1.55
2017,1,11,16,3.5,26,3.3,270,1.02
2017,1,11,17,3.3,29,4.7,270,0.44
2017,1,11,18,2.1,31,2.4,270,0.03
2017,1,12,8,1.1,60,4.1,270,0.02
2017,1,12,9,2.2,62,4.6,250,0.26
2017,1,12,10,3.7,60,5.0,250,0.66
2017,1,12,11,5.3,55,5.6,250,1.26
2017,1,12,12,6.6,51,6.9,250,1.59
2017,1,12,13,7.3,47,7.9,270,1.84
2017,1,12,14,7.7,48,7.1,250,1.44
2017,1,12,15,8.1,42,5.8,270,1.36
2017,1,12,16,7.2,37,10.0,270,0.70
2017,1,12,17,6.7,37,6.0,290,0.28
2017,1,12,18,6.0,37,5.7,290,0.02
2017,1,13,8,-1.6,37,4.4,270,0.14
2017,1,13,9,0.2,33,2.5,290,0.50
2017,1,13,10,2.1,34,3.9,250,1.06
2017,1,13,11,3.5,34,4.1,250,1.52
2017,1,13,12,4.9,35,4.3,270,1.77
2017,1,13,13,6.5,33,3.4,250,1.78
2017,1,13,14,6.1,41,5.6,250,1.66
2017,1,13,15,5.5,50,4.8,270,0.98
2017,1,13,16,4.9,53,6.4,250,0.49
2017,1,13,17,4.8,46,6.5,270,0.16
2017,1,13,18,3.8,44,3.5,290,0.03
2017,1,14,8,-3.9,49,3.8,340,0.04
2017,1,14,9,-2.8,45,4.7,320,0.53
2017,1,14,10,-2.2,41,4.8,320,1.17
2017,1,14,11,-0.5,34,3.4,340,1.72
2017,1,14,12,-0.1,32,5.9,320,1.97
2017,1,14,13,0.6,30,7.5,290,1.96
2017,1,14,14,1.6,26,5.7,290,2.00
2017,1,14,15,2.0,25,3.8,320,1.65
2017,1,14,16,1.4,21,3.8,320,1.13
2017,1,14,17,0.5,18,3.4,340,0.52
2017,1,14,18,-1.5,18,4.8,360,0.03
2017,1,15,8,-7.3,34,8.3,360,0.04
2017,1,15,9,-5.7,29,9.4,360,0.57
2017,1,15,10,-3.9,26,6.9,360,1.19
2017,1,15,11,-1.7,24,4.8,320,1.74
2017,1,15,12,1.3,21,3.4,250,1.99
2017,1,15,13,2.5,20,2.6,320,1.99
2017,1,15,14,3.8,17,3.2,360,2.00
2017,1,15,15,5.0,18,3.1,270,1.67
2017,1,15,16,4.1,18,3.1,270,1.15
2017,1,15,17,3.9,19,2.3,360,0.53
2017,1,15,18,2.1,19,1.7,50,0.04
2017,1,16,8,-2.7,32,3.3,360,0.05
2017,1,16,9,-1.1,30,3.4,360,0.56
2017,1,16,10,0.0,32,4.7,290,1.15
2017,1,16,11,1.3,30,5.2,340,1.71
2017,1,16,12,3.5,28,3.4,340,1.95
2017,1,16,13,5.9,25,2.1,360,1.98
2017,1,16,14,7.4,26,3.0,340,1.93
2017,1,16,15,8.1,26,1.3,360,1.59
2017,1,16,16,6.9,27,2.0,360,1.06
2017,1,16,17,5.7,29,2.9,340,0.48
2017,1,16,18,3.5,32,3.5,340,0.04
2017,1,17,8,0.3,50,1.4,110,0.04
2017,1,17,9,3.1,42,1.5,140,0.48
2017,1,17,10,5.5,35,1.0,70,1.04
2017,1,17,11,7.8,37,1.2,90,1.39
2017,1,17,12,8.8,37,1.2,70,1.65
2017,1,17,13,9.4,31,1.5,320,1.51
2017,1,17,14,9.3,31,1.9,360,1.11
2017,1,17,15,8.2,33,1.4,20,0.77
2017,1,17,16,7.6,32,1.4,340,0.53
2017,1,17,17,6.7,35,1.1,320,0.24
2017,1,17,18,5.7,41,1.9,340,0.03
2017,1,18,8,2.6,49,2.9,360,0.02
2017,1,18,9,2.8,49,1.7,340,0.28
2017,1,18,10,5.0,45,2.9,320,0.83
2017,1,18,11,6.7,42,2.6,290,1.12
2017,1,18,12,8.0,38,3.3,290,1.51
2017,1,18,13,7.7,38,3.9,320,1.37
2017,1,18,14,8.2,36,2.7,340,1.37
2017,1,18,15,8.7,33,1.3,340,0.87
2017,1,18,16,8.1,34,2.4,360,0.57
2017,1,18,17,6.8,36,3.9,340,0.20
2017,1,18,18,6.2,37,4.3,340,0.00
2017,1,19,8,0.8,51,1.5,180,0.04
2017,1,19,9,2.0,49,0.5,230,0.29
2017,1,19,10,5.5,48,0.7,160,0.84
2017,1,19,11,7.1,48,1.2,340,1.00
2017,1,19,12,9.2,49,1.5,70,1.40
2017,1,19,13,10.0,50,1.9,110,1.55
2017,1,19,14,9.9,50,2.6,200,1.43
2017,1,19,15,9.9,54,2.4,200,1.27
2017,1,19,16,9.0,55,1.2,200,0.56
2017,1,19,17,8.5,58,1.9,270,0.36
2017,1,19,18,6.5,59,2.0,290,0.04
2017,1,20,8,1.8,63,4.6,270,0.03
2017,1,20,9,2.5,62,5.9,290,0.33
2017,1,20,10,3.7,46,8.0,290,1.00
2017,1,20,11,4.1,42,5.7,290,1.33
2017,1,20,12,5.6,36,3.9,320,1.88
2017,1,20,13,4.8,37,4.5,340,1.82
2017,1,20,14,5.9,33,4.1,270,1.75
2017,1,20,15,4.6,37,6.4,290,1.40
2017,1,20,16,3.5,38,6.7,290,0.90
2017,1,20,17,2.4,37,6.5,360,0.43
2017,1,20,18,1.1,38,4.8,360,0.05
2017,1,21,8,-3.5,51,7.1,340,0.14
2017,1,21,9,-1.9,43,4.1,340,0.54
2017,1,21,10,-0.5,37,5.4,340,1.18
2017,1,21,11,0.3,37,6.9,340,1.71
2017,1,21,12,2.4,29,3.3,340,1.62
2017,1,21,13,3.1,28,2.3,320,1.72
2017,1,21,14,3.5,30,3.0,340,1.43
2017,1,21,15,3.6,30,4.5,270,1.04
2017,1,21,16,3.2,32,1.7,340,0.82
2017,1,21,17,2.4,33,2.2,340,0.40
2017,1,21,18,1.0,37,1.7,270,0.06
2017,1,22,8,0.0,45,6.4,270,0.02
2017,1,22,9,0.8,46,5.3,290,0.50
2017,1,22,10,1.0,44,3.9,290,0.96
2017,1,22,11,2.0,40,2.1,320,1.58
2017,1,22,12,2.6,34,3.0,360,1.95
2017,1,22,13,3.0,33,4.2,360,2.06
2017,1,22,14,4.3,30,3.4,340,1.99
2017,1,22,15,4.7,26,4.0,290,1.70
2017,1,22,16,3.0,27,3.2,360,1.14
2017,1,22,17,2.3,29,2.9,360,0.55
2017,1,22,18,0.4,32,2.8,320,0.06
2017,1,23,8,-5.9,49,2.3,20,0.04
2017,1,23,9,-4.4,43,2.5,290,0.52
2017,1,23,10,-2.5,38,2.4,140,1.11
2017,1,23,11,-2.2,36,3.1,140,1.69
2017,1,23,12,-0.8,34,3.3,270,2.03
2017,1,23,13,1.0,29,2.7,360,2.12
2017,1,23,14,1.6,28,4.0,290,2.05
2017,1,23,15,2.1,25,3.8,290,1.74
2017,1,23,16,2.0,22,4.3,320,1.21
2017,1,23,17,1.5,21,2.5,360,0.60
2017,1,23,18,-0.2,23,2.0,20,0.07
2017,1,24,8,-5.0,38,8.3,360,0.07
2017,1,24,9,-4.0,36,7.4,360,0.61
2017,1,24,10,-1.8,33,3.1,110,1.20
2017,1,24,11,-0.3,29,3.3,180,1.77
2017,1,24,12,1.6,26,2.8,290,2.07
2017,1,24,13,2.5,24,3.7,290,2.17
2017,1,24,14,3.7,24,4.9,290,2.06
2017,1,24,15,4.3,20,4.2,320,1.76
2017,1,24,16,4.2,20,4.0,290,1.23
2017,1,24,17,3.6,21,2.1,320,0.61
2017,1,24,18,1.5,21,0.6,360,0.07
2017,1,25,8,-2.6,36,4.9,340,0.06
2017,1,25,9,-0.1,27,3.6,360,0.60
2017,1,25,10,1.2,27,4.1,320,1.22
2017,1,25,11,2.7,25,4.9,320,1.80
2017,1,25,12,3.5,24,4.4,320,2.13
2017,1,25,13,5.4,19,4.7,290,2.22
2017,1,25,14,6.8,18,4.8,290,2.10
2017,1,25,15,8.1,14,2.4,290,1.77
2017,1,25,16,6.9,17,2.4,320,1.24
2017,1,25,17,6.3,19,2.1,290,0.59
2017,1,25,18,3.8,20,3.3,270,0.08
2017,1,26,8,-0.8,24,6.2,340,0.07
2017,1,26,9,0.3,23,5.6,360,0.60
2017,1,26,10,3.0,17,4.9,340,1.23
2017,1,26,11,5.5,16,2.6,320,1.79
2017,1,26,12,7.2,19,5.0,250,2.10
2017,1,26,13,8.0,20,4.8,250,2.20
2017,1,26,14,8.7,26,5.0,270,2.08
2017,1,26,15,8.5,36,4.5,230,1.76
2017,1,26,16,8.1,47,4.8,230,1.12
2017,1,26,17,8.1,42,4.3,250,0.59
2017,1,26,18,5.8,40,5.0,270,0.05
2017,1,27,8,7.2,68,6.3,290,0.00
2017,1,27,9,7.3,66,4.7,270,0.11
2017,1,27,10,8.1,63,4.6,270,0.45
2017,1,27,11,8.5,47,2.5,290,0.72
2017,1,27,12,10.0,40,2.6,270,1.54
2017,1,27,13,11.0,26,3.1,230,2.14
2017,1,27,14,11.3,20,2.7,320,2.08
2017,1,27,15,11.6,17,3.8,290,1.79
2017,1,27,16,11.6,16,2.7,290,1.27
2017,1,27,17,11.1,16,3.0,270,0.66
2017,1,27,18,8.3,18,1.2,340,0.10
2017,1,28,8,1.3,29,0.7,160,0.06
2017,1,28,9,4.5,27,1.4,110,0.58
2017,1,28,10,6.5,19,1.2,180,1.17
2017,1,28,11,9.2,17,1.5,110,1.74
2017,1,28,12,10.8,16,1.8,140,2.06
2017,1,28,13,12.1,24,2.4,180,2.17
2017,1,28,14,12.0,32,3.1,200,2.04
2017,1,28,15,11.1,35,3.2,200,1.75
2017,1,28,16,10.5,36,3.1,200,1.23
2017,1,28,17,8.7,47,3.0,200,0.50
2017,1,28,18,8.0,54,1.7,230,0.08
2017,1,29,8,7.1,60,0.1,0,0.00
2017,1,29,9,7.1,82,2.2,20,0.06
2017,1,29,10,7.3,91,1.7,50,0.09
2017,1,29,11,7.6,93,1.8,70,0.12
2017,1,29,12,7.7,95,2.8,50,0.11
2017,1,29,13,8.0,94,2.5,50,0.11
2017,1,29,14,8.4,94,2.2,50,0.13
2017,1,29,15,8.5,94,2.3,50,0.11
2017,1,29,16,9.0,93,1.7,50,0.14
2017,1,29,17,9.1,91,1.3,70,0.11
2017,1,29,18,9.1,91,1.5,140,0.01
2017,1,30,8,3.6,69,6.7,290,0.04
2017,1,30,9,4.1,63,6.4,290,0.48
2017,1,30,10,3.8,61,5.7,290,0.85
2017,1,30,11,4.1,56,4.9,290,0.94
2017,1,30,12,5.3,43,4.4,290,1.94
2017,1,30,13,6.4,32,4.1,290,2.09
2017,1,30,14,7.4,31,2.8,320,2.08
2017,1,30,15,6.8,28,3.7,340,1.80
2017,1,30,16,5.1,24,5.3,360,1.27
2017,1,30,17,3.6,29,6.3,360,0.67
2017,1,30,18,2.0,33,4.7,360,0.11
2017,1,31,8,-1.5,57,0.4,0,0.05
2017,1,31,9,1.3,49,0.7,230,0.52
2017,1,31,10,4.1,46,0.7,200,1.12
2017,1,31,11,4.2,46,3.2,340,1.65
2017,1,31,12,6.8,45,2.3,340,1.95
2017,1,31,13,8.2,46,3.5,360,1.94
2017,1,31,14,7.2,43,3.7,340,1.57
2017,1,31,15,8.3,41,2.0,360,1.12
2017,1,31,16,8.6,42,2.4,290,1.01
2017,1,31,17,7.5,53,2.5,270,0.68
2017,1,31,18,5.9,57,2.4,270,0.14
2017,2,1,8,0.1,36,3.2,140,0.00
2017,2,1,9,0.3,41,2.4,90,0.08
2017,2,1,10,1.2,47,2.5,160,0.22
2017,2,1,11,2.2,44,3.3,360,0.55
2017,2,1,12,3.1,42,3.8,360,0.82
2017,2,1,13,5.8,39,3.8,290,1.78
2017,2,1,14,7.0,32,4.2,290,2.12
2017,2,1,15,8.1,30,3.2,290,1.87
2017,2,1,16,7.8,27,4.0,320,1.35
2017,2,1,17,7.0,25,1.6,360,0.70
2017,2,1,18,5.2,26,0.3,0,0.13
2017,2,2,8,-1.6,32,4.0,360,0.10
2017,2,2,9,0.0,31,3.3,360,0.71
2017,2,2,10,2.1,26,3.1,360,1.36
2017,2,2,11,4.5,22,2.5,340,1.93
2017,2,2,12,6.2,21,3.1,360,2.24
2017,2,2,13,8.2,18,3.4,290,2.26
2017,2,2,14,8.7,17,6.0,290,2.25
2017,2,2,15,9.9,16,4.4,290,1.98
2017,2,2,16,9.7,15,3.9,320,1.45
2017,2,2,17,9.2,15,2.4,320,0.78
2017,2,2,18,7.2,17,3.2,270,0.15
2017,2,3,8,0.6,43,2.7,340,0.09
2017,2,3,9,2.8,41,2.5,290,0.66
2017,2,3,10,3.6,41,4.2,320,1.31
2017,2,3,11,5.2,35,6.2,320,1.87
2017,2,3,12,6.8,33,5.7,340,2.17
2017,2,3,13,9.0,28,4.1,320,2.19
2017,2,3,14,11.2,25,2.3,340,2.12
2017,2,3,15,11.7,22,2.7,290,1.84
2017,2,3,16,12.1,22,2.1,320,1.30
2017,2,3,17,10.5,28,3.1,270,0.66
2017,2,3,18,8.1,34,3.4,290,0.12
2017,2,4,8,6.3,26,5.0,340,0.02
2017,2,4,9,7.2,24,3.0,340,0.27
2017,2,4,10,10.9,24,1.0,70,1.10
2017,2,4,11,12.8,23,3.1,160,1.81
2017,2,4,12,14.1,19,3.7,200,2.03
2017,2,4,13,14.8,19,3.8,230,2.05
2017,2,4,14,14.7,20,4.3,270,1.92
2017,2,4,15,13.2,25,4.5,200,1.53
2017,2,4,16,12.3,36,4.4,230,1.14
2017,2,4,17,11.1,49,4.6,250,0.30
2017,2,4,18,10.9,34,3.0,250,0.02
2017,2,5,8,7.5,95,0.9,110,0.02
2017,2,5,9,6.3,95,2.2,290,0.08
2017,2,5,10,8.3,94,0.9,320,0.55
2017,2,5,11,11.2,83,2.0,270,1.60
2017,2,5,12,10.8,82,2.4,270,1.09
2017,2,5,13,11.1,78,2.6,290,0.87
2017,2,5,14,12.0,74,3.3,270,1.32
2017,2,5,15,10.1,78,5.7,270,0.68
2017,2,5,16,9.4,77,4.1,290,0.34
2017,2,5,17,8.8,71,6.5,270,0.16
2017,2,5,18,7.8,57,6.3,290,0.12
2017,2,6,8,1.6,51,3.7,290,0.08
2017,2,6,9,2.5,46,4.7,290,0.64
2017,2,6,10,3.4,46,4.6,290,1.31
2017,2,6,11,5.0,37,2.7,320,1.85
2017,2,6,12,5.8,34,4.0,320,2.18
2017,2,6,13,6.5,28,7.5,290,2.33
2017,2,6,14,8.0,25,4.5,50,2.30
2017,2,6,15,8.1,22,3.9,360,1.98
2017,2,6,16,8.3,22,2.8,360,1.43
2017,2,6,17,7.5,26,2.6,320,0.79
2017,2,6,18,5.4,26,1.7,340,0.14
2017,2,7,8,-0.1,49,0.2,0,0.04
2017,2,7,9,1.4,47,0.0,0,0.36
2017,2,7,10,4.2,39,0.7,180,0.86
2017,2,7,11,5.6,39,1.0,50,0.96
2017,2,7,12,8.4,34,1.2,20,1.72
2017,2,7,13,9.6,32,2.5,140,2.09
2017,2,7,14,9.5,35,2.8,180,2.03
2017,2,7,15,8.8,37,3.5,230,1.65
2017,2,7,16,8.1,40,2.7,200,0.93
2017,2,7,17,6.9,43,2.1,200,0.27
2017,2,7,18,6.3,43,1.6,180,0.07
2017,2,8,8,4.8,49,0.0,0,0.05
2017,2,8,9,6.3,46,0.0,0,0.39
2017,2,8,10,7.4,48,0.4,0,0.57
2017,2,8,11,8.4,47,1.5,320,0.72
2017,2,8,12,9.6,48,2.7,270,1.01
2017,2,8,13,9.3,35,4.2,270,1.06
2017,2,8,14,9.2,36,4.1,270,1.12
2017,2,8,15,8.9,34,4.3,290,0.90
2017,2,8,16,8.7,31,4.8,250,0.64
2017,2,8,17,7.7,36,4.7,290,0.40
2017,2,8,18,7.2,39,3.9,270,0.07
2017,2,9,8,-0.2,43,4.3,360,0.06
2017,2,9,9,0.8,37,3.8,340,0.72
2017,2,9,10,1.8,33,3.3,320,1.43
2017,2,9,11,2.4,30,3.5,140,1.80
2017,2,9,12,2.6,30,7.8,290,2.02
2017,2,9,13,3.6,28,6.6,290,2.36
2017,2,9,14,5.0,23,4.8,320,2.40
2017,2,9,15,5.0,23,5.9,320,2.06
2017,2,9,16,4.8,25,4.3,320,1.50
2017,2,9,17,3.2,27,4.5,340,0.82
2017,2,9,18,1.5,30,6.5,270,0.19
2017,2,10,8,-4.2,46,4.1,290,0.11
2017,2,10,9,-2.8,44,4.0,290,0.74
2017,2,10,10,-1.6,36,5.6,290,1.43
2017,2,10,11,0.0,31,3.7,340,2.00
2017,2,10,12,1.0,26,5.2,360,2.36
2017,2,10,13,1.7,23,4.2,360,2.36
2017,2,10,14,2.0,24,4.9,320,2.41
2017,2,10,15,3.1,24,3.7,340,2.07
2017,2,10,16,2.4,23,4.3,320,1.53
2017,2,10,17,1.6,24,3.7,360,0.86
2017,2,10,18,0.3,27,3.2,320,0.20
2017,2,11,8,-4.9,48,2.6,340,0.13
2017,2,11,9,-3.2,44,2.6,50,0.74
2017,2,11,10,-1.4,40,2.8,140,1.43
2017,2,11,11,-0.6,38,3.6,270,2.03
2017,2,11,12,1.8,34,3.5,290,2.41
2017,2,11,13,3.2,29,2.8,360,2.35
2017,2,11,14,4.8,27,3.0,320,2.45
2017,2,11,15,5.8,28,2.9,340,2.07
2017,2,11,16,5.3,28,3.2,360,1.52
2017,2,11,17,4.8,28,2.9,320,0.86
2017,2,11,18,2.9,32,3.9,290,0.19
2017,2,12,8,-1.8,52,7.0,360,0.15
2017,2,12,9,-0.7,50,6.1,360,0.84
2017,2,12,10,1.1,45,3.2,360,1.55
2017,2,12,11,3.2,38,2.4,140,2.09
2017,2,12,12,4.6,32,3.3,230,2.43
2017,2,12,13,5.5,32,2.8,320,2.50
2017,2,12,14,7.3,29,2.3,320,2.45
2017,2,12,15,7.7,25,2.3,250,2.12
2017,2,12,16,7.8,24,3.2,320,1.59
2017,2,12,17,7.0,25,2.7,340,0.90
2017,2,12,18,5.5,27,2.4,290,0.21
2017,2,13,8,-0.1,44,3.1,340,0.15
2017,2,13,9,1.3,40,3.2,360,0.75
2017,2,13,10,3.2,35,2.2,360,1.37
2017,2,13,11,5.6,27,2.1,320,1.86
2017,2,13,12,7.3,25,3.3,320,2.23
2017,2,13,13,8.4,24,3.6,320,2.36
2017,2,13,14,9.4,24,3.2,320,2.21
2017,2,13,15,10.6,20,3.6,270,1.83
2017,2,13,16,9.7,25,3.4,230,1.29
2017,2,13,17,8.2,27,4.9,270,0.65
2017,2,13,18,6.8,31,3.6,230,0.14
2017,2,14,8,2.6,66,3.8,360,0.12
2017,2,14,9,4.0,59,2.5,340,0.73
2017,2,14,10,6.4,44,2.0,110,1.40
2017,2,14,11,7.9,35,2.2,360,1.92
2017,2,14,12,8.8,30,1.8,320,2.33
2017,2,14,13,9.9,28,2.5,360,2.46
2017,2,14,14,10.0,30,3.5,140,2.37
2017,2,14,15,9.7,34,3.0,140,1.95
2017,2,14,16,9.1,30,2.8,180,1.46
2017,2,14,17,8.0,34,3.9,180,0.82
2017,2,14,18,6.6,37,2.1,160,0.21
2017,2,15,8,3.8,32,0.8,340,0.14
2017,2,15,9,6.3,30,1.6,270,0.76
2017,2,15,10,8.2,27,5.1,290,1.45
2017,2,15,11,9.3,26,5.7,270,2.03
2017,2,15,12,11.2,25,3.7,270,2.38
2017,2,15,13,10.9,23,5.5,270,2.52
2017,2,15,14,12.4,20,5.0,270,2.40
2017,2,15,15,11.0,39,5.2,200,2.07
2017,2,15,16,10.5,43,5.9,200,1.46
2017,2,15,17,10.5,47,3.7,200,0.80
2017,2,15,18,9.2,41,2.6,250,0.19
2017,2,16,8,8.3,64,6.0,270,0.16
2017,2,16,9,10.0,63,6.4,270,0.77
2017,2,16,10,11.7,59,3.9,250,1.40
2017,2,16,11,13.3,56,3.1,290,1.78
2017,2,16,12,14.7,54,5.1,270,2.19
2017,2,16,13,14.8,53,9.0,230,2.00
2017,2,16,14,15.0,53,7.0,230,1.63
2017,2,16,15,14.3,58,8.5,230,1.57
2017,2,16,16,15.3,52,6.5,250,1.15
2017,2,16,17,14.2,55,5.6,230,0.58
2017,2,16,18,13.4,58,6.1,250,0.15
2017,2,17,8,12.1,81,5.6,270,0.07
2017,2,17,9,13.0,77,5.5,270,0.51
2017,2,17,10,14.5,69,5.5,290,1.12
2017,2,17,11,16.0,60,4.6,270,1.61
2017,2,17,12,15.9,51,4.5,290,1.93
2017,2,17,13,16.8,45,2.8,340,2.01
2017,2,17,14,17.2,45,3.6,360,2.06
2017,2,17,15,16.7,40,5.1,360,1.78
2017,2,17,16,16.0,28,4.5,360,1.42
2017,2,17,17,15.2,27,1.8,320,0.84
2017,2,17,18,12.9,26,3.8,290,0.22
2017,2,18,8,1.7,28,2.3,360,0.14
2017,2,18,9,3.1,27,2.4,360,0.85
2017,2,18,10,3.9,26,2.6,320,1.58
2017,2,18,11,5.0,22,2.7,270,2.16
2017,2,18,12,6.5,20,3.1,320,2.54
2017,2,18,13,6.9,17,4.7,360,2.68
2017,2,18,14,7.9,17,3.7,290,2.57
2017,2,18,15,7.9,18,5.0,290,2.21
2017,2,18,16,7.7,16,3.0,340,1.64
2017,2,18,17,6.4,17,4.1,360,0.92
2017,2,18,18,4.7,17,3.8,320,0.23
2017,2,19,8,-0.1,40,3.1,320,0.17
2017,2,19,9,2.3,34,4.5,340,0.83
2017,2,19,10,4.6,31,2.1,320,1.40
2017,2,19,11,6.0,30,4.7,250,1.87
2017,2,19,12,8.1,33,3.7,250,2.26
2017,2,19,13,8.3,43,6.2,230,2.54
2017,2,19,14,9.6,38,4.9,230,2.43
2017,2,19,15,10.1,34,6.9,270,2.04
2017,2,19,16,9.1,44,10.1,230,1.55
2017,2,19,17,9.2,54,5.6,230,0.83
2017,2,19,18,8.9,61,5.4,250,0.07
2017,2,20,8,12.5,73,2.5,250,0.01
2017,2,20,9,11.2,78,4.2,20,0.05
2017,2,20,10,10.1,80,7.4,290,0.13
2017,2,20,11,10.2,74,5.2,290,0.61
2017,2,20,12,11.7,55,5.2,320,1.79
2017,2,20,13,13.1,32,5.1,290,2.33
2017,2,20,14,13.2,20,5.6,360,2.44
2017,2,20,15,13.2,18,2.9,360,2.21
2017,2,20,16,11.3,19,3.9,340,1.68
2017,2,20,17,9.4,17,4.5,360,1.00
2017,2,20,18,7.0,18,4.8,340,0.30
2017,2,21,8,2.8,49,2.8,20,0.22
2017,2,21,9,4.4,47,2.1,20,0.61
2017,2,21,10,7.3,41,2.6,70,1.47
2017,2,21,11,8.5,40,2.3,50,2.12
2017,2,21,12,8.0,45,3.2,110,1.77
2017,2,21,13,9.3,46,3.6,140,2.20
2017,2,21,14,9.3,45,4.3,140,2.52
2017,2,21,15,8.7,50,4.8,140,2.12
2017,2,21,16,8.9,52,3.8,110,1.50
2017,2,21,17,8.0,51,2.3,70,0.87
2017,2,21,18,6.7,54,2.3,70,0.24
2017,2,22,8,7.5,67,0.9,50,0.01
2017,2,22,9,7.8,68,1.2,50,0.08
2017,2,22,10,7.6,74,2.0,70,0.08
2017,2,22,11,7.8,80,1.5,20,0.15
2017,2,22,12,8.0,87,1.8,50,6.00
2017,2,22,13,8.6,89,1.4,50,0.34
2017,2,22,14,8.8,91,1.4,50,0.22
2017,2,22,15,9.1,92,1.3,70,0.13
2017,2,22,16,9.4,93,1.7,20,0.10
2017,2,22,17,10.1,94,1.6,70,0.05
2017,2,22,18,10.4,94,1.8,50,0.01
2017,2,23,8,4.2,72,2.6,250,0.18
2017,2,23,9,5.4,64,3.7,140,0.85
2017,2,23,10,6.2,58,3.6,160,1.51
2017,2,23,11,7.0,54,3.1,250,2.15
2017,2,23,12,8.4,44,3.0,90,2.56
2017,2,23,13,9.1,34,3.0,290,2.68
2017,2,23,14,10.3,32,3.1,320,2.55
2017,2,23,15,9.5,31,2.7,360,2.11
2017,2,23,16,8.6,31,3.3,360,1.45
2017,2,23,17,6.6,32,2.9,360,0.71
2017,2,23,18,5.4,32,1.5,320,0.10
2017,2,24,8,-1.5,41,4.8,340,0.09
2017,2,24,9,0.1,38,6.9,320,0.90
2017,2,24,10,2.1,33,3.5,340,1.65
2017,2,24,11,3.6,30,4.9,290,2.28
2017,2,24,12,4.5,28,6.4,290,2.68
2017,2,24,13,6.4,28,4.6,290,2.76
2017,2,24,14,7.2,25,4.9,290,2.65
2017,2,24,15,7.7,23,3.7,290,2.29
2017,2,24,16,8.1,22,4.8,290,1.74
2017,2,24,17,7.8,23,3.2,360,1.06
2017,2,24,18,6.0,25,3.4,360,0.33
2017,2,25,8,2.7,53,4.1,290,0.21
2017,2,25,9,4.7,49,3.1,270,0.88
2017,2,25,10,6.2,45,3.8,250,1.57
2017,2,25,11,8.1,43,2.9,290,2.14
2017,2,25,12,8.3,35,2.9,20,2.54
2017,2,25,13,9.6,32,2.7,360,2.68
2017,2,25,14,10.8,27,3.1,20,2.59
2017,2,25,15,12.1,29,2.8,270,2.21
2017,2,25,16,9.9,37,5.6,230,1.57
2017,2,25,17,8.8,40,6.3,230,0.88
2017,2,25,18,8.0,42,5.0,230,0.26
2017,2,26,8,3.3,46,3.6,360,0.20
2017,2,26,9,5.3,45,2.5,290,0.78
2017,2,26,10,7.4,38,2.4,320,1.48
2017,2,26,11,8.2,38,2.3,320,1.79
2017,2,26,12,9.8,33,3.0,140,2.14
2017,2,26,13,10.1,36,3.3,110,2.42
2017,2,26,14,10.2,40,2.9,140,2.17
2017,2,26,15,9.6,47,3.2,140,1.75
2017,2,26,16,8.7,49,2.6,110,1.00
2017,2,26,17,8.7,49,3.0,140,0.64
2017,2,26,18,8.1,51,1.9,90,0.30
2017,2,27,8,5.8,70,3.7,20,0.21
2017,2,27,9,8.2,62,3.3,50,0.96
2017,2,27,10,10.3,57,3.1,50,1.61
2017,2,27,11,11.3,57,3.0,90,1.81
2017,2,27,12,11.8,58,2.7,70,2.03
2017,2,27,13,10.6,56,2.6,70,1.56
2017,2,27,14,10.0,59,2.2,90,0.99
2017,2,27,15,9.6,60,2.3,90,0.82
2017,2,27,16,10.8,54,3.4,90,1.54
2017,2,27,17,9.7,59,1.9,70,0.74
2017,2,27,18,8.0,62,2.8,50,0.33
2017,2,28,8,5.8,69,0.0,0,0.24
2017,2,28,9,9.0,62,1.0,140,0.93
2017,2,28,10,11.4,52,2.4,140,1.62
2017,2,28,11,11.5,50,4.4,270,2.04
2017,2,28,12,13.1,37,2.4,290,2.29
2017,2,28,13,13.4,42,3.8,230,2.70
2017,2,28,14,11.9,49,6.0,200,2.57
2017,2,28,15,12.2,47,5.9,200,2.25
2017,2,28,16,11.6,51,5.7,200,1.69
2017,2,28,17,11.3,50,6.0,230,1.02
2017,2,28,18,10.2,49,5.0,230,0.32
2017,3,1,8,6.6,43,0.7,230,0.09
2017,3,1,9,7.9,48,0.4,0,0.39
2017,3,1,10,9.6,44,1.1,70,0.71
2017,3,1,11,12.2,34,3.0,270,1.48
2017,3,1,12,13.6,36,4.0,200,2.27
2017,3,1,13,12.9,42,5.8,200,2.43
2017,3,1,14,13.1,47,5.5,200,2.38
2017,3,1,15,12.8,48,5.8,200,2.14
2017,3,1,16,13.0,40,5.3,230,1.62
2017,3,1,17,11.9,47,7.1,250,0.86
2017,3,1,18,10.7,55,5.1,250,6.00
2017,3,2,8,4.9,80,2.4,340,0.09
2017,3,2,9,5.4,75,2.5,180,0.31
2017,3,2,10,6.7,66,4.4,360,0.97
2017,3,2,11,7.0,59,5.4,360,1.72
2017,3,2,12,8.8,53,4.7,360,2.40
2017,3,2,13,9.7,49,4.5,360,2.69
2017,3,2,14,10.6,46,3.4,360,2.61
2017,3,2,15,11.2,45,4.2,20,2.21
2017,3,2,16,11.1,39,1.8,270,1.64
2017,3,2,17,10.0,40,3.1,340,1.00
2017,3,2,18,8.5,40,2.4,360,0.34
2017,3,3,8,1.7,44,3.9,340,0.33
2017,3,3,9,4.4,40,1.9,340,1.06
2017,3,3,10,6.8,36,2.5,360,1.77
2017,3,3,11,9.4,31,1.6,290,2.29
2017,3,3,12,10.8,29,1.9,270,2.65
2017,3,3,13,12.0,28,3.0,200,2.77
2017,3,3,14,11.5,28,4.1,200,2.65
2017,3,3,15,11.7,32,5.0,200,2.31
2017,3,3,16,11.6,27,5.9,230,1.71
2017,3,3,17,11.3,32,3.8,230,0.98
2017,3,3,18,9.6,37,4.2,230,0.35
2017,3,4,8,6.9,42,1.5,320,0.32
2017,3,4,9,9.7,41,0.9,200,0.91
2017,3,4,10,12.4,33,1.1,180,1.63
2017,3,4,11,13.1,32,3.3,200,2.10
2017,3,4,12,14.2,30,3.6,200,2.61
2017,3,4,13,13.6,36,4.9,200,2.76
2017,3,4,14,12.8,43,5.4,200,2.67
2017,3,4,15,13.2,46,5.3,200,2.31
2017,3,4,16,14.4,46,3.9,250,1.78
2017,3,4,17,13.3,50,4.2,250,1.07
2017,3,4,18,11.1,55,4.8,230,0.37
2017,3,5,8,8.1,58,2.2,320,0.18
2017,3,5,9,8.9,58,0.4,0,0.38
2017,3,5,10,10.0,55,1.4,160,0.70
2017,3,5,11,11.7,49,1.3,200,1.07
2017,3,5,12,13.1,37,2.3,290,1.20
2017,3,5,13,13.5,33,3.7,270,1.47
2017,3,5,14,14.1,35,4.4,250,1.48
2017,3,5,15,14.3,41,4.5,200,1.99
2017,3,5,16,12.7,52,5.2,200,1.75
2017,3,5,17,12.2,59,3.6,200,1.08
2017,3,5,18,11.2,54,4.1,230,0.36
2017,3,6,8,6.6,56,3.1,180,0.21
2017,3,6,9,7.0,56,3.1,20,0.83
2017,3,6,10,7.6,28,3.4,20,1.76
2017,3,6,11,8.6,21,3.9,340,2.42
2017,3,6,12,9.4,19,2.5,340,2.66
2017,3,6,13,10.2,19,3.2,340,2.91
2017,3,6,14,10.2,18,3.5,290,2.79
2017,3,6,15,10.7,19,3.4,20,2.42
2017,3,6,16,10.9,18,2.8,360,1.84
2017,3,6,17,10.1,20,2.9,360,1.14
2017,3,6,18,8.1,22,4.3,360,0.39
2017,3,7,8,1.2,40,3.3,270,0.35
2017,3,7,9,1.9,40,3.6,360,1.05
2017,3,7,10,4.0,41,2.0,320,1.78
2017,3,7,11,5.0,40,4.5,290,2.38
2017,3,7,12,6.1,35,2.8,340,2.74
2017,3,7,13,7.1,32,5.0,360,2.91
2017,3,7,14,9.0,24,4.0,320,2.81
2017,3,7,15,9.2,23,3.7,340,2.42
2017,3,7,16,9.3,22,3.4,230,1.85
2017,3,7,17,8.5,20,2.2,340,1.16
2017,3,7,18,6.3,24,2.5,360,0.42
2017,3,8,8,-0.7,49,5.3,290,0.39
2017,3,8,9,1.0,47,5.5,290,1.16
2017,3,8,10,2.8,43,3.6,320,1.79
2017,3,8,11,4.3,37,4.1,290,2.36
2017,3,8,12,5.1,35,3.0,360,2.76
2017,3,8,13,7.4,32,3.5,340,2.89
2017,3,8,14,9.5,26,3.5,320,2.76
2017,3,8,15,8.9,27,5.9,270,2.04
2017,3,8,16,8.5,29,3.7,270,1.44
2017,3,8,17,7.6,29,3.9,290,1.05
2017,3,8,18,5.5,34,6.2,270,0.30
2017,3,9,8,3.0,49,3.1,270,0.41
2017,3,9,9,4.2,43,2.9,320,1.18
2017,3,9,10,5.9,38,1.8,20,1.84
2017,3,9,11,8.1,31,2.9,270,2.39
2017,3,9,12,9.0,32,4.8,250,2.72
2017,3,9,13,9.7,30,7.4,270,2.83
2017,3,9,14,10.2,35,7.1,200,2.73
2017,3,9,15,11.4,27,5.7,250,2.38
2017,3,9,16,10.6,37,7.1,230,1.80
2017,3,9,17,10.0,39,7.3,230,1.10
2017,3,9,18,9.2,46,6.1,230,0.39
2017,3,10,8,4.6,40,1.5,340,0.43
2017,3,10,9,6.5,35,1.9,340,1.16
2017,3,10,10,8.4,28,1.8,290,1.88
2017,3,10,11,10.0,25,2.8,290,2.47
2017,3,10,12,11.7,22,5.4,270,2.77
2017,3,10,13,13.4,21,2.6,250,2.88
2017,3,10,14,14.8,19,2.4,290,2.77
2017,3,10,15,14.9,26,3.3,230,2.40
2017,3,10,16,11.9,34,6.3,230,1.81
2017,3,10,17,11.2,42,5.3,230,1.15
2017,3,10,18,10.3,46,4.5,230,0.42
2017,3,11,8,8.5,21,3.2,360,0.42
2017,3,11,9,10.9,24,1.4,110,1.15
2017,3,11,10,12.6,22,1.9,110,1.82
2017,3,11,11,13.6,22,3.0,290,2.37
2017,3,11,12,14.9,21,3.3,200,2.28
2017,3,11,13,14.5,28,2.9,140,2.29
2017,3,11,14,14.5,23,3.0,160,2.39
2017,3,11,15,14.2,30,3.1,110,2.19
2017,3,11,16,13.2,33,4.2,110,1.85
2017,3,11,17,12.0,38,3.5,110,1.09
2017,3,11,18,11.0,42,3.3,110,0.43
2017,3,12,8,8.2,61,0.3,0,0.34
2017,3,12,9,11.5,50,1.1,230,0.98
2017,3,12,10,13.3,38,3.4,270,1.70
2017,3,12,11,14.5,28,4.4,250,2.30
2017,3,12,12,15.7,24,4.0,250,2.71
2017,3,12,13,15.6,36,4.0,200,2.81
2017,3,12,14,14.4,42,4.6,200,2.46
2017,3,12,15,14.3,49,3.6,180,1.48
2017,3,12,16,13.5,45,6.0,200,1.05
2017,3,12,17,13.4,44,2.9,230,0.72
2017,3,12,18,12.7,38,3.1,230,0.23
2017,3,13,8,9.6,36,0.2,0,0.37
2017,3,13,9,12.3,36,1.4,20,1.02
2017,3,13,10,13.2,30,3.0,340,1.75
2017,3,13,11,15.0,30,1.7,140,2.29
2017,3,13,12,14.8,37,3.9,140,2.56
2017,3,13,13,14.9,43,3.8,90,2.42
2017,3,13,14,13.9,49,4.2,90,2.03
2017,3,13,15,12.4,55,5.0,90,1.64
2017,3,13,16,12.0,55,3.4,90,1.23
2017,3,13,17,11.1,58,4.5,90,0.77
2017,3,13,18,10.2,62,3.9,50,0.27
2017,3,14,8,8.3,63,1.1,20,0.37
2017,3,14,9,9.5,62,1.0,20,0.63
2017,3,14,10,11.0,54,1.6,360,1.09
2017,3,14,11,11.7,48,1.5,340,1.42
2017,3,14,12,10.9,56,3.5,200,1.25
2017,3,14,13,12.5,47,3.7,200,1.76
2017,3,14,14,14.5,37,4.3,270,1.75
2017,3,14,15,13.5,47,3.3,50,1.27
2017,3,14,16,11.7,57,3.6,110,0.86
2017,3,14,17,10.7,64,2.8,70,0.81
2017,3,14,18,9.5,65,2.5,70,0.36
2017,3,15,8,4.6,56,4.1,340,0.47
2017,3,15,9,6.4,50,5.2,360,1.20
2017,3,15,10,9.4,35,2.6,20,1.89
2017,3,15,11,11.5,31,2.1,50,2.47
2017,3,15,12,12.4,28,2.3,110,2.75
2017,3,15,13,13.4,33,3.3,90,2.86
2017,3,15,14,12.3,39,4.5,140,2.71
2017,3,15,15,11.8,44,3.9,110,1.57
2017,3,15,16,11.1,49,5.1,140,2.12
2017,3,15,17,10.5,48,4.0,90,1.18
2017,3,15,18,9.3,51,2.8,70,0.44
2017,3,16,8,6.8,63,0.5,160,0.36
2017,3,16,9,9.7,48,1.0,20,1.09
2017,3,16,10,10.3,50,1.3,360,1.25
2017,3,16,11,11.8,44,3.4,200,1.79
2017,3,16,12,12.6,44,4.5,200,2.45
2017,3,16,13,11.9,50,6.0,200,2.54
2017,3,16,14,11.3,55,5.4,200,1.92
2017,3,16,15,10.8,53,5.0,200,1.09
2017,3,16,16,10.8,54,4.8,200,0.87
2017,3,16,17,10.6,56,5.0,230,0.57
2017,3,16,18,10.5,57,3.9,230,6.00
2017,3,17,8,7.9,41,2.7,360,0.43
2017,3,17,9,11.0,36,1.4,140,1.15
2017,3,17,10,13.1,34,2.6,140,1.82
2017,3,17,11,14.6,35,2.5,180,2.36
2017,3,17,12,14.1,39,3.6,230,2.68
2017,3,17,13,14.3,41,4.0,200,2.76
2017,3,17,14,14.8,33,2.9,180,2.62
2017,3,17,15,14.6,34,4.1,200,2.22
2017,3,17,16,14.0,37,4.2,230,1.70
2017,3,17,17,13.3,32,2.6,180,1.06
2017,3,17,18,12.1,32,2.5,140,0.42
2017,3,18,8,9.9,50,1.0,320,0.31
2017,3,18,9,11.2,43,2.8,340,0.62
2017,3,18,10,11.3,35,2.8,340,0.62
2017,3,18,11,11.0,35,4.5,340,0.43
2017,3,18,12,11.8,32,3.5,340,0.56
2017,3,18,13,14.4,26,2.7,250,1.28
2017,3,18,14,15.6,27,5.3,230,2.25
2017,3,18,15,16.5,25,4.5,250,1.94
2017,3,18,16,15.6,27,4.7,230,1.66
2017,3,18,17,14.4,26,6.2,230,1.05
2017,3,18,18,12.8,43,4.5,230,0.39
2017,3,19,8,11.3,35,1.5,160,0.48
2017,3,19,9,13.7,27,2.6,50,1.09
2017,3,19,10,15.9,33,1.9,50,1.81
2017,3,19,11,16.3,42,3.5,90,2.35
2017,3,19,12,16.4,46,4.3,110,2.67
2017,3,19,13,16.9,38,4.3,90,2.69
2017,3,19,14,17.0,41,4.0,90,2.61
2017,3,19,15,16.3,48,4.1,90,2.28
2017,3,19,16,15.3,51,4.0,90,1.69
2017,3,19,17,14.2,58,3.3,90,1.01
2017,3,19,18,12.8,60,1.9,70,0.37
2017,3,20,8,10.4,69,3.0,50,0.35
2017,3,20,9,12.4,62,1.7,50,0.76
2017,3,20,10,13.8,58,2.7,70,1.18
2017,3,20,11,14.1,57,3.2,70,1.27
2017,3,20,12,14.1,60,2.6,70,1.00
2017,3,20,13,13.4,62,3.1,90,0.64
2017,3,20,14,13.5,58,2.1,70,0.52
2017,3,20,15,13.4,59,2.4,90,0.42
2017,3,20,16,13.1,60,2.0,90,0.27
2017,3,20,17,12.0,72,2.3,90,0.13
2017,3,20,18,11.1,77,2.7,50,0.06
2017,3,21,8,7.4,82,0.6,360,0.15
2017,3,21,9,8.3,76,3.1,360,0.63
2017,3,21,10,10.8,61,4.0,290,1.80
2017,3,21,11,12.6,55,3.3,290,2.18
2017,3,21,12,14.6,43,3.2,320,2.65
2017,3,21,13,14.9,54,3.4,160,2.77
2017,3,21,14,16.7,42,2.4,200,2.57
2017,3,21,15,15.0,54,4.6,160,1.94
2017,3,21,16,12.3,68,3.6,90,0.93
2017,3,21,17,11.0,71,3.0,70,0.86
2017,3,21,18,8.9,77,2.7,70,0.31
2017,3,22,8,6.5,63,2.3,340,0.42
2017,3,22,9,7.8,58,3.3,360,0.80
2017,3,22,10,9.7,45,1.8,320,1.36
2017,3,22,11,10.4,43,1.9,290,1.63
2017,3,22,12,12.3,37,2.5,360,2.26
2017,3,22,13,13.2,37,4.1,230,2.52
2017,3,22,14,14.1,35,3.8,250,2.35
2017,3,22,15,12.5,39,4.7,230,1.76
2017,3,22,16,11.8,47,5.8,200,1.50
2017,3,22,17,11.6,38,5.7,250,0.86
2017,3,22,18,11.3,43,3.1,230,0.27
2017,3,23,8,9.9,42,1.1,320,0.23
2017,3,23,9,11.7,35,1.2,320,0.83
2017,3,23,10,13.6,32,2.0,50,1.25
2017,3,23,11,13.7,36,2.6,110,1.19
2017,3,23,12,14.7,36,2.4,140,1.63
2017,3,23,13,14.5,33,2.7,110,1.74
2017,3,23,14,14.7,33,3.7,140,1.67
2017,3,23,15,14.8,38,2.9,110,1.96
2017,3,23,16,14.8,38,2.7,160,1.56
2017,3,23,17,13.6,43,2.6,110,0.88
2017,3,23,18,12.8,48,2.2,110,0.45
2017,3,24,8,8.9,58,2.4,50,0.20
2017,3,24,9,9.7,57,3.2,50,0.55
2017,3,24,10,11.2,50,3.6,70,0.97
2017,3,24,11,11.6,47,3.8,70,1.65
2017,3,24,12,12.7,44,3.1,70,2.20
2017,3,24,13,12.4,45,3.2,70,2.03
2017,3,24,14,12.2,46,2.6,90,1.53
2017,3,24,15,11.2,47,3.7,90,1.17
2017,3,24,16,11.2,49,3.5,110,1.17
2017,3,24,17,10.2,52,3.7,110,0.68
2017,3,24,18,9.7,51,3.3,90,0.31
2017,3,25,8,7.6,84,1.6,20,0.08
2017,3,25,9,8.2,77,2.0,50,0.15
2017,3,25,10,9.6,63,4.2,110,0.28
2017,3,25,11,11.9,56,5.3,110,1.30
2017,3,25,12,11.8,56,4.7,110,1.80
2017,3,25,13,11.8,54,4.2,110,1.79
2017,3,25,14,12.5,52,4.8,110,2.18
2017,3,25,15,12.6,51,4.9,110,2.06
2017,3,25,16,11.6,51,5.0,110,1.79
2017,3,25,17,11.3,50,3.2,110,0.82
2017,3,25,18,10.5,55,3.3,110,0.37
2017,3,26,8,7.0,79,1.4,360,6.00
2017,3,26,9,9.1,70,1.4,50,0.91
2017,3,26,10,9.8,68,1.7,50,0.78
2017,3,26,11,9.9,71,2.6,180,0.83
2017,3,26,12,8.1,83,4.9,230,0.58
2017,3,26,13,8.5,81,1.8,200,0.64
2017,3,26,14,10.4,74,1.1,70,1.51
2017,3,26,15,8.9,78,2.1,70,0.45
2017,3,26,16,8.7,76,0.9,90,0.39
2017,3,26,17,6.8,90,1.6,20,0.09
2017,3,26,18,6.1,92,3.3,360,0.03
2017,3,27,8,5.3,71,2.8,50,0.43
2017,3,27,9,6.9,70,2.0,90,1.18
2017,3,27,10,9.0,61,2.8,160,1.85
2017,3,27,11,9.4,57,2.7,200,2.41
2017,3,27,12,11.2,50,2.4,90,2.75
2017,3,27,13,11.3,53,2.4,360,2.18
2017,3,27,14,13.0,47,2.2,360,2.59
2017,3,27,15,11.0,55,3.4,250,1.27
2017,3,27,16,10.5,59,2.0,250,1.15
2017,3,27,17,6.7,74,2.9,340,0.35
2017,3,27,18,8.1,61,3.0,320,0.42
2017,3,28,8,6.5,52,1.7,320,0.70
2017,3,28,9,8.4,47,1.3,230,1.44
2017,3,28,10,10.1,42,2.4,290,2.08
2017,3,28,11,11.7,36,2.6,290,2.59
2017,3,28,12,13.4,32,3.1,360,2.87
2017,3,28,13,14.5,34,3.3,250,2.92
2017,3,28,14,13.1,37,6.6,200,2.65
2017,3,28,15,12.7,41,6.0,200,2.32
2017,3,28,16,12.2,37,6.2,200,1.64
2017,3,28,17,11.8,40,5.6,230,0.96
2017,3,28,18,10.9,39,6.4,230,0.38
2017,3,29,8,7.1,84,0.6,110,0.06
2017,3,29,9,7.3,87,0.9,110,0.15
2017,3,29,10,8.0,80,0.3,0,0.33
2017,3,29,11,8.2,85,0.5,340,6.00
2017,3,29,12,9.2,81,1.1,50,0.47
2017,3,29,13,9.7,80,0.6,50,0.42
2017,3,29,14,10.2,76,1.2,90,0.52
2017,3,29,15,11.3,73,0.5,70,0.70
2017,3,29,16,11.4,73,1.2,20,0.63
2017,3,29,17,11.3,77,1.5,360,0.34
2017,3,29,18,10.9,78,0.5,360,0.16
2017,3,30,8,10.4,58,4.5,340,0.66
2017,3,30,9,12.2,54,2.7,360,1.46
2017,3,30,10,14.5,46,1.3,270,1.90
2017,3,30,11,17.4,31,1.9,50,2.68
2017,3,30,12,16.1,46,4.3,200,2.89
2017,3,30,13,17.1,35,3.8,140,3.07
2017,3,30,14,17.1,36,4.7,110,2.87
2017,3,30,15,16.5,44,4.1,110,2.55
2017,3,30,16,17.0,39,2.4,90,1.97
2017,3,30,17,15.6,45,3.1,70,1.26
2017,3,30,18,14.2,47,3.1,70,0.56
2017,3,31,8,9.8,73,3.9,50,0.10
2017,3,31,9,9.6,74,3.4,50,6.00
2017,3,31,10,9.9,78,3.6,50,0.44
2017,3,31,11,9.8,70,3.2,50,0.37
2017,3,31,12,10.0,69,3.1,50,0.30
2017,3,31,13,11.3,63,3.8,50,0.85
2017,3,31,14,11.1,62,3.5,50,0.68
2017,3,31,15,10.7,66,2.6,20,0.42
2017,3,31,16,10.7,66,2.8,50,0.57
2017,3,31,17,10.6,66,2.8,50,0.52
2017,3,31,18,10.0,66,2.6,50,0.04
2017,4,1,8,8.7,72,2.3,50,0.16
2017,4,1,9,10.0,68,2.6,50,0.52
2017,4,1,10,11.8,63,1.5,50,1.51
2017,4,1,11,11.7,63,2.9,90,1.49
2017,4,1,12,9.8,77,3.4,110,0.44
2017,4,1,13,9.7,86,1.3,70,0.80
2017,4,1,14,9.3,82,3.8,50,0.89
2017,4,1,15,11.1,70,2.8,110,2.05
2017,4,1,16,9.7,75,3.2,140,0.80
2017,4,1,17,9.0,82,2.6,140,0.16
2017,4,1,18,8.2,81,3.0,70,0.11
2017,4,2,8,7.2,68,3.0,360,0.73
2017,4,2,9,8.8,63,2.6,360,1.50
2017,4,2,10,10.3,57,3.2,360,2.19
2017,4,2,11,12.0,46,3.4,290,2.68
2017,4,2,12,12.7,42,2.0,70,2.27
2017,4,2,13,13.4,31,6.3,200,2.32
2017,4,2,14,13.6,47,4.5,180,2.89
2017,4,2,15,12.7,57,3.9,110,2.18
2017,4,2,16,11.9,59,3.8,110,1.43
2017,4,2,17,11.8,61,4.1,140,1.37
2017,4,2,18,10.7,64,3.4,140,0.60
2017,4,3,8,11.0,31,1.7,110,0.80
2017,4,3,9,12.5,31,2.8,270,1.57
2017,4,3,10,15.0,27,2.8,160,2.26
2017,4,3,11,16.2,25,4.4,270,2.78
2017,4,3,12,18.1,22,4.0,320,3.11
2017,4,3,13,19.9,20,3.8,320,3.22
2017,4,3,14,21.0,19,4.9,320,3.06
2017,4,3,15,22.3,18,4.6,250,2.66
2017,4,3,16,19.7,29,6.4,200,2.07
2017,4,3,17,19.0,29,5.8,200,1.37
2017,4,3,18,18.2,30,4.6,230,0.61
2017,4,4,8,15.0,32,1.0,140,0.81
2017,4,4,9,17.0,30,2.5,320,1.56
2017,4,4,10,19.1,28,3.8,290,2.29
2017,4,4,11,20.7,21,4.7,250,2.80
2017,4,4,12,20.8,22,5.3,200,3.12
2017,4,4,13,19.8,27,4.8,200,3.21
2017,4,4,14,19.0,45,5.0,200,2.81
2017,4,4,15,18.7,41,3.8,200,2.51
2017,4,4,16,18.6,35,5.6,230,1.94
2017,4,4,17,17.6,43,5.3,230,1.36
2017,4,4,18,16.7,42,4.5,250,0.55
2017,4,5,8,14.7,70,3.6,250,0.22
2017,4,5,9,14.7,79,3.8,250,0.24
2017,4,5,10,12.6,93,2.4,360,0.12
2017,4,5,11,14.1,90,0.3,0,0.51
2017,4,5,12,14.5,86,2.6,160,0.40
2017,4,5,13,14.3,92,2.2,200,0.27
2017,4,5,14,14.4,84,5.4,230,0.44
2017,4,5,15,14.5,88,2.6,230,0.43
2017,4,5,16,14.1,91,2.9,230,0.15
2017,4,5,17,14.1,92,2.0,230,0.13
2017,4,5,18,14.6,89,5.1,200,0.04
2017,4,6,8,15.3,95,11.9,230,0.02
2017,4,6,9,15.3,95,9.3,250,0.04
2017,4,6,10,15.6,95,9.1,250,0.14
2017,4,6,11,15.7,96,8.6,230,0.22
2017,4,6,12,15.5,96,7.0,230,0.23
2017,4,6,13,15.6,96,3.9,230,0.10
2017,4,6,14,15.4,97,3.3,230,0.15
2017,4,6,15,15.3,97,2.2,230,0.13
2017,4,6,16,14.6,97,3.0,230,0.13
2017,4,6,17,14.5,97,1.4,230,0.06
2017,4,6,18,14.0,97,3.0,230,0.03
2017,4,7,8,14.7,89,1.3,110,0.80
2017,4,7,9,17.3,65,2.4,50,1.56
2017,4,7,10,18.5,60,3.1,140,2.26
2017,4,7,11,20.1,49,3.0,90,2.74
2017,4,7,12,20.5,47,3.1,110,3.11
2017,4,7,13,21.1,46,2.8,90,3.15
2017,4,7,14,20.0,54,3.7,110,2.76
2017,4,7,15,19.9,58,3.6,90,2.52
2017,4,7,16,19.1,55,3.1,70,1.89
2017,4,7,17,17.7,58,3.0,70,1.19
2017,4,7,18,16.4,60,3.0,70,0.43
2017,4,8,8,13.8,79,0.6,50,0.73
2017,4,8,9,16.3,69,1.1,140,1.36
2017,4,8,10,19.1,63,2.3,180,2.11
2017,4,8,11,17.8,71,2.9,230,2.47
2017,4,8,12,18.9,65,2.5,250,2.98
2017,4,8,13,18.6,67,3.9,200,3.02
2017,4,8,14,19.7,64,2.9,230,2.91
2017,4,8,15,19.3,60,4.3,200,2.55
2017,4,8,16,19.0,66,3.8,200,1.95
2017,4,8,17,19.4,60,2.7,230,1.30
2017,4,8,18,18.8,59,3.4,250,0.61
2017,4,9,8,14.4,75,3.3,50,0.40
2017,4,9,9,15.6,67,4.0,50,0.97
2017,4,9,10,16.4,64,3.9,50,1.15
2017,4,9,11,16.6,63,4.4,50,1.65
2017,4,9,12,17.1,58,4.6,50,1.88
2017,4,9,13,16.8,57,4.7,50,2.04
2017,4,9,14,17.1,52,4.8,50,2.54
2017,4,9,15,17.3,47,4.9,50,2.47
2017,4,9,16,17.0,45,2.8,70,1.88
2017,4,9,17,14.9,41,7.1,50,1.16
2017,4,9,18,13.4,44,4.2,70,0.46
2017,4,10,8,11.5,64,4.4,50,0.37
2017,4,10,9,12.8,58,5.8,50,0.92
2017,4,10,10,12.9,58,3.6,50,1.21
2017,4,10,11,15.0,52,3.0,50,1.78
2017,4,10,12,15.9,49,4.7,70,2.58
2017,4,10,13,15.4,51,4.6,70,2.31
2017,4,10,14,15.9,51,3.8,70,2.51
2017,4,10,15,14.5,56,4.5,50,1.73
2017,4,10,16,13.4,58,4.5,50,0.70
2017,4,10,17,12.8,62,6.3,50,0.47
2017,4,10,18,12.2,66,5.5,50,0.19
2017,4,11,8,10.1,94,2.4,360,0.08
2017,4,11,9,9.8,95,4.3,340,0.22
2017,4,11,10,9.9,95,4.1,360,0.42
2017,4,11,11,11.2,93,2.2,320,0.87
2017,4,11,12,11.2,86,2.1,340,0.85
2017,4,11,13,11.9,79,2.4,270,0.50
2017,4,11,14,14.7,65,2.3,340,1.60
2017,4,11,15,16.8,53,3.8,290,2.44
2017,4,11,16,17.6,49,3.9,320,2.08
2017,4,11,17,18.1,44,1.4,340,1.38
2017,4,11,18,16.4,60,1.6,70,0.67
2017,4,12,8,13.3,34,3.9,340,0.97
2017,4,12,9,14.5,35,3.7,340,1.62
2017,4,12,10,17.0,31,1.8,360,2.29
2017,4,12,11,17.6,32,2.0,320,2.77
2017,4,12,12,15.6,58,4.6,110,3.01
2017,4,12,13,15.2,60,5.4,140,3.22
2017,4,12,14,14.4,64,4.8,110,3.02
2017,4,12,15,15.4,60,2.7,110,2.67
2017,4,12,16,15.2,55,4.5,230,2.06
2017,4,12,17,14.5,58,4.7,200,1.37
2017,4,12,18,14.1,59,5.7,250,0.61
2017,4,13,8,11.8,35,2.2,320,0.86
2017,4,13,9,14.9,31,1.2,230,1.60
2017,4,13,10,17.0,30,3.0,270,2.24
2017,4,13,11,17.4,31,5.0,250,2.78
2017,4,13,12,18.4,29,4.8,250,3.02
2017,4,13,13,19.3,30,5.8,200,3.04
2017,4,13,14,18.4,44,4.9,200,2.86
2017,4,13,15,18.9,36,5.6,230,2.49
2017,4,13,16,18.0,47,6.0,200,1.92
2017,4,13,17,17.9,49,5.4,230,1.20
2017,4,13,18,17.4,51,4.9,200,0.52
2017,4,14,8,14.8,52,4.6,200,0.89
2017,4,14,9,16.0,51,5.7,200,1.68
2017,4,14,10,16.6,54,8.1,250,2.31
2017,4,14,11,18.1,58,5.8,200,3.00
2017,4,14,12,18.3,57,9.3,250,3.35
2017,4,14,13,19.2,58,7.4,230,3.32
2017,4,14,14,18.2,67,7.1,230,2.42
2017,4,14,15,17.5,66,7.0,230,1.22
2017,4,14,16,17.3,64,8.3,230,0.92
2017,4,14,17,16.8,60,13.0,230,0.61
2017,4,14,18,16.6,61,12.6,250,0.37
2017,4,15,8,16.8,64,6.4,270,0.79
2017,4,15,9,18.4,59,5.4,270,1.46
2017,4,15,10,19.0,61,6.2,200,2.17
2017,4,15,11,20.0,61,6.1,230,2.79
2017,4,15,12,19.7,66,5.9,200,2.82
2017,4,15,13,21.3,61,4.4,230,3.12
2017,4,15,14,20.9,62,7.9,230,2.98
2017,4,15,15,20.9,60,6.3,250,2.33
2017,4,15,16,20.2,62,7.8,250,1.46
2017,4,15,17,20.3,63,6.3,250,1.21
2017,4,15,18,19.9,67,1.7,250,0.68
2017,4,16,8,15.3,88,1.8,230,0.64
2017,4,16,9,18.1,74,0.6,290,1.47
2017,4,16,10,19.2,71,3.0,230,2.00
2017,4,16,11,20.0,68,2.4,230,2.50
2017,4,16,12,18.4,75,3.0,230,3.05
2017,4,16,13,17.1,80,4.4,230,2.91
2017,4,16,14,17.2,78,4.7,200,2.96
2017,4,16,15,18.3,74,3.1,230,2.63
2017,4,16,16,17.2,81,3.1,250,1.96
2017,4,16,17,16.1,87,3.1,230,1.36
2017,4,16,18,16.2,85,1.7,230,0.72
2017,4,17,8,16.4,97,1.6,70,0.02
2017,4,17,9,16.6,97,1.5,270,0.04
2017,4,17,10,16.5,97,3.0,230,0.03
2017,4,17,11,16.5,97,5.7,230,0.06
2017,4,17,12,16.7,98,6.3,230,0.14
2017,4,17,13,17.6,98,8.4,230,0.16
2017,4,17,14,17.6,97,5.6,230,0.36
2017,4,17,15,17.2,96,7.6,230,0.12
2017,4,17,16,17.1,95,5.8,230,0.02
2017,4,17,17,17.1,95,4.3,200,0.00
2017,4,17,18,16.8,96,4.1,270,0.00
2017,4,18,8,14.6,79,2.4,230,0.99
2017,4,18,9,16.5,67,3.9,200,1.74
2017,4,18,10,17.5,59,3.4,250,2.36
2017,4,18,11,18.4,54,5.4,230,2.84
2017,4,18,12,18.1,57,6.7,230,3.11
2017,4,18,13,18.9,59,6.3,230,3.16
2017,4,18,14,18.0,60,7.3,230,2.62
2017,4,18,15,17.6,58,7.5,230,2.22
2017,4,18,16,16.5,71,9.8,230,1.12
2017,4,18,17,15.9,82,7.5,230,0.69
2017,4,18,18,15.6,86,6.3,230,0.29
2017,4,19,8,12.8,40,5.9,250,1.00
2017,4,19,9,14.3,40,3.9,270,1.75
2017,4,19,10,15.7,36,4.2,270,2.43
2017,4,19,11,16.9,36,4.7,270,2.90
2017,4,19,12,17.4,37,6.9,200,3.17
2017,4,19,13,18.1,35,6.6,200,3.25
2017,4,19,14,17.2,39,10.2,200,3.09
2017,4,19,15,17.7,47,7.0,200,2.70
2017,4,19,16,17.9,49,7.5,230,2.13
2017,4,19,17,18.3,47,5.8,250,1.40
2017,4,19,18,18.1,46,3.8,250,0.65
2017,4,20,8,15.1,61,1.9,70,0.30
2017,4,20,9,16.4,57,1.4,110,0.65
2017,4,20,10,17.9,50,3.9,230,1.64
2017,4,20,11,17.7,56,3.5,180,2.58
2017,4,20,12,16.2,60,5.7,200,2.20
2017,4,20,13,16.8,49,4.6,200,1.99
2017,4,20,14,17.4,48,5.3,200,2.59
2017,4,20,15,16.4,46,6.5,230,1.45
2017,4,20,16,16.4,43,2.2,230,0.40
2017,4,20,17,16.4,50,2.9,250,0.23
2017,4,20,18,15.7,54,2.6,200,0.06
2017,4,21,8,13.8,60,1.3,360,0.63
2017,4,21,9,15.2,56,0.5,340,0.95
2017,4,21,10,18.4,41,1.5,160,2.28
2017,4,21,11,19.7,38,3.4,140,2.59
2017,4,21,12,20.1,40,2.5,180,3.06
2017,4,21,13,20.2,43,3.5,160,3.05
2017,4,21,14,20.2,38,2.8,140,3.00
2017,4,21,15,19.2,45,3.2,140,2.28
2017,4,21,16,17.6,51,3.4,110,1.48
2017,4,21,17,16.5,59,3.1,110,0.92
2017,4,21,18,16.0,62,2.7,110,0.51
2017,4,22,8,13.7,64,2.6,50,0.87
2017,4,22,9,15.7,58,1.8,50,1.61
2017,4,22,10,17.1,56,3.8,110,2.23
2017,4,22,11,17.1,57,4.2,140,2.82
2017,4,22,12,17.3,56,4.2,110,3.17
2017,4,22,13,16.1,57,4.9,110,2.45
2017,4,22,14,16.4,60,4.3,110,2.91
2017,4,22,15,17.2,51,3.7,90,2.59
2017,4,22,16,16.0,61,3.3,110,1.76
2017,4,22,17,15.1,61,4.0,110,1.32
2017,4,22,18,14.6,59,2.7,90,0.73
2017,4,23,8,14.4,54,1.0,250,1.04
2017,4,23,9,16.1,58,3.7,200,1.76
2017,4,23,10,16.1,56,4.9,200,2.41
2017,4,23,11,16.9,53,5.0,200,2.89
2017,4,23,12,17.5,53,5.0,200,3.18
2017,4,23,13,17.4,54,6.3,200,3.25
2017,4,23,14,17.6,58,5.6,200,3.12
2017,4,23,15,17.3,60,6.4,200,2.80
2017,4,23,16,17.1,61,5.9,200,2.26
2017,4,23,17,16.6,62,5.3,200,1.57
2017,4,23,18,16.6,68,3.0,230,0.80
2017,4,24,8,15.6,64,2.0,200,1.14
2017,4,24,9,17.7,53,2.9,200,1.86
2017,4,24,10,18.2,52,3.6,180,2.48
2017,4,24,11,19.0,50,4.3,200,3.02
2017,4,24,12,19.0,53,4.6,180,3.28
2017,4,24,13,18.8,45,5.1,200,3.37
2017,4,24,14,18.5,36,6.2,200,3.25
2017,4,24,15,19.9,38,5.3,230,2.88
2017,4,24,16,19.6,37,6.3,230,2.29
2017,4,24,17,19.3,39,5.5,230,1.57
2017,4,24,18,17.7,52,5.4,230,0.68
2017,4,25,8,16.4,89,2.5,250,0.15
2017,4,25,9,16.4,86,4.9,230,0.39
2017,4,25,10,17.1,85,1.9,230,0.61
2017,4,25,11,16.5,91,3.3,230,0.35
2017,4,25,12,18.7,83,5.7,250,1.76
2017,4,25,13,19.5,77,5.4,230,2.37
2017,4,25,14,19.3,77,5.8,230,1.89
2017,4,25,15,19.6,76,4.6,250,1.59
2017,4,25,16,19.0,76,5.7,250,1.09
2017,4,25,17,18.7,77,5.8,250,0.71
2017,4,25,18,18.3,78,5.0,250,0.36
2017,4,26,8,14.6,90,1.7,20,0.07
2017,4,26,9,14.1,92,2.6,110,0.07
2017,4,26,10,13.6,91,3.3,110,0.21
2017,4,26,11,13.6,91,2.0,90,0.31
2017,4,26,12,13.8,91,2.3,70,0.36
2017,4,26,13,13.9,91,2.5,70,0.43
2017,4,26,14,14.3,88,1.7,70,0.64
2017,4,26,15,16.1,82,2.0,90,1.33
2017,4,26,16,16.1,79,2.7,110,1.77
2017,4,26,17,15.6,80,2.9,110,1.37
2017,4,26,18,14.8,83,1.9,110,0.48
2017,4,27,8,11.8,43,2.6,320,0.65
2017,4,27,9,12.3,46,5.8,340,1.06
2017,4,27,10,14.5,39,3.8,340,1.89
2017,4,27,11,16.7,36,4.1,320,2.93
2017,4,27,12,18.5,29,1.8,90,3.31
2017,4,27,13,19.5,32,2.9,290,3.12
2017,4,27,14,19.6,32,4.5,230,3.15
2017,4,27,15,18.4,33,6.6,230,2.70
2017,4,27,16,17.4,40,6.9,230,2.17
2017,4,27,17,17.6,41,4.5,230,1.46
2017,4,27,18,16.7,46,4.8,230,0.68
2017,4,28,8,14.4,31,1.5,270,1.15
2017,4,28,9,15.5,38,3.9,250,1.88
2017,4,28,10,17.2,36,5.6,250,2.48
2017,4,28,11,18.5,41,5.2,230,2.95
2017,4,28,12,17.8,49,6.6,200,3.20
2017,4,28,13,18.8,51,6.3,230,3.27
2017,4,28,14,19.0,53,5.8,250,3.11
2017,4,28,15,18.9,57,6.6,230,2.76
2017,4,28,16,18.6,58,6.6,230,2.18
2017,4,28,17,17.6,53,6.3,230,1.03
2017,4,28,18,17.6,52,6.4,230,0.38
2017,4,29,8,17.2,43,2.5,200,1.14
2017,4,29,9,19.9,36,1.2,200,1.86
2017,4,29,10,20.5,46,3.1,200,2.45
2017,4,29,11,21.1,42,3.5,200,2.93
2017,4,29,12,22.4,33,3.2,200,3.11
2017,4,29,13,20.2,41,6.3,200,3.24
2017,4,29,14,22.4,26,6.3,230,3.09
2017,4,29,15,20.4,48,5.1,230,2.70
2017,4,29,16,22.5,27,5.5,230,2.14
2017,4,29,17,20.7,37,5.5,200,1.46
2017,4,29,18,19.0,45,6.2,200,0.75
2017,4,30,8,18.4,52,5.3,270,0.99
2017,4,30,9,19.6,54,3.7,230,1.66
2017,4,30,10,21.1,53,4.6,230,2.29
2017,4,30,11,21.7,52,6.0,230,2.76
2017,4,30,12,22.2,51,6.8,230,2.99
2017,4,30,13,21.4,53,7.6,230,3.00
2017,4,30,14,21.5,53,6.5,230,2.90
2017,4,30,15,22.8,45,7.1,230,2.14
2017,4,30,16,21.5,54,4.3,200,2.04
2017,4,30,17,21.4,48,7.3,230,1.35
2017,4,30,18,21.5,44,7.1,200,0.67
2017,5,1,8,17.5,73,1.3,90,0.90
2017,5,1,9,19.9,47,2.8,50,1.69
2017,5,1,10,21.1,39,4.3,50,2.39
2017,5,1,11,21.8,41,3.2,110,2.94
2017,5,1,12,22.1,33,4.4,90,3.23
2017,5,1,13,22.0,29,4.3,90,3.36
2017,5,1,14,22.0,26,4.5,90,3.24
2017,5,1,15,21.7,25,4.4,90,2.89
2017,5,1,16,21.2,26,3.8,90,2.33
2017,5,1,17,20.2,29,2.4,70,1.61
2017,5,1,18,18.7,38,2.7,70,0.87
2017,5,2,8,16.1,47,2.7,50,0.81
2017,5,2,9,17.5,38,3.4,50,1.13
2017,5,2,10,19.2,33,3.3,70,1.84
2017,5,2,11,19.6,37,3.9,90,2.47
2017,5,2,12,19.5,45,4.2,90,2.51
2017,5,2,13,19.4,54,3.7,110,2.86
2017,5,2,14,19.2,50,4.0,110,2.84
2017,5,2,15,19.4,49,3.2,90,2.64
2017,5,2,16,19.4,40,3.5,90,2.16
2017,5,2,17,18.0,47,2.8,70,1.22
2017,5,2,18,16.7,55,3.4,90,0.54
2017,5,3,8,16.2,57,1.1,70,1.10
2017,5,3,9,18.1,56,3.3,140,1.99
2017,5,3,10,20.0,46,2.5,110,2.63
2017,5,3,11,20.9,46,2.3,140,3.07
2017,5,3,12,21.5,47,1.9,110,3.35
2017,5,3,13,23.0,51,3.0,160,3.41
2017,5,3,14,20.6,62,4.2,200,3.22
2017,5,3,15,21.4,59,2.8,200,2.86
2017,5,3,16,21.2,60,2.4,110,2.30
2017,5,3,17,20.6,67,1.2,50,1.63
2017,5,3,18,20.5,68,1.2,90,0.91
2017,5,4,8,19.2,76,2.2,110,1.11
2017,5,4,9,21.1,70,1.5,90,1.86
2017,5,4,10,20.9,72,2.2,90,2.47
2017,5,4,11,21.3,71,3.9,110,2.90
2017,5,4,12,21.7,64,3.0,110,3.03
2017,5,4,13,22.3,62,2.9,90,3.08
2017,5,4,14,21.4,66,3.2,110,2.79
2017,5,4,15,21.7,64,4.2,110,2.69
2017,5,4,16,21.5,65,3.2,110,2.22
2017,5,4,17,21.3,64,1.3,110,1.24
2017,5,4,18,20.4,72,1.3,50,0.54
2017,5,5,8,17.1,93,2.6,250,0.15
2017,5,5,9,17.6,95,1.0,250,0.29
2017,5,5,10,18.4,95,0.0,0,0.51
2017,5,5,11,19.9,93,0.6,90,0.89
2017,5,5,12,22.4,80,1.2,110,2.13
2017,5,5,13,22.7,72,4.2,200,2.69
2017,5,5,14,23.4,65,4.3,230,2.46
2017,5,5,15,22.5,67,5.5,250,1.75
2017,5,5,16,21.0,78,4.6,250,0.97
2017,5,5,17,20.5,75,5.3,250,0.35
2017,5,5,18,18.7,93,2.8,270,0.12
2017,5,6,8,18.0,56,3.3,340,1.17
2017,5,6,9,17.8,47,5.4,340,1.56
2017,5,6,10,17.4,46,4.2,340,1.26
2017,5,6,11,21.1,31,3.3,290,2.50
2017,5,6,12,22.9,28,3.1,320,3.01
2017,5,6,13,22.7,23,4.0,290,2.14
2017,5,6,14,24.0,22,2.3,360,3.17
2017,5,6,15,24.8,19,2.3,270,2.79
2017,5,6,16,23.9,23,5.5,230,2.18
2017,5,6,17,23.0,29,5.3,250,1.46
2017,5,6,18,21.4,35,5.1,250,0.68
2017,5,7,8,17.1,38,7.0,270,1.13
2017,5,7,9,18.7,45,4.8,250,1.87
2017,5,7,10,20.3,37,4.8,270,2.51
2017,5,7,11,21.6,35,5.0,270,2.99
2017,5,7,12,22.4,36,5.7,230,3.23
2017,5,7,13,23.5,37,6.0,250,3.24
2017,5,7,14,24.4,37,8.3,250,3.05
2017,5,7,15,24.9,36,8.6,270,2.73
2017,5,7,16,26.1,30,7.5,270,2.19
2017,5,7,17,26.3,31,5.9,270,1.52
2017,5,7,18,22.4,52,4.7,200,0.85
2017,5,8,8,19.8,34,2.5,200,1.06
2017,5,8,9,21.7,31,2.9,230,1.68
2017,5,8,10,23.5,26,3.7,230,2.34
2017,5,8,11,23.9,32,4.0,250,2.46
2017,5,8,12,25.6,30,3.4,250,2.92
2017,5,8,13,23.6,46,4.8,200,2.56
2017,5,8,14,22.9,41,5.3,200,2.20
2017,5,8,15,20.9,57,3.6,230,1.15
2017,5,8,16,21.6,49,4.5,230,0.67
2017,5,8,17,20.5,62,2.5,230,0.45
2017,5,8,18,19.1,64,2.4,180,0.21
2017,5,9,8,14.8,80,1.2,90,0.09
2017,5,9,9,14.4,87,1.9,90,0.13
2017,5,9,10,13.9,89,2.7,70,0.18
2017,5,9,11,13.9,90,2.8,70,0.29
2017,5,9,12,14.0,91,3.0,90,0.42
2017,5,9,13,13.9,92,2.6,70,0.31
2017,5,9,14,13.8,93,3.1,90,0.23
2017,5,9,15,14.2,93,2.8,70,0.22
2017,5,9,16,14.2,92,4.3,90,0.29
2017,5,9,17,14.3,93,3.8,90,0.16
2017,5,9,18,14.4,90,3.8,110,0.07
2017,5,10,8,15.3,93,3.3,270,0.20
2017,5,10,9,15.6,91,2.5,250,0.20
2017,5,10,10,16.1,88,5.4,270,0.52
2017,5,10,11,17.9,81,4.8,250,1.29
2017,5,10,12,19.5,73,5.7,250,2.97
2017,5,10,13,19.8,72,3.8,250,1.72
2017,5,10,14,20.7,68,6.4,250,2.63
2017,5,10,15,21.3,64,5.4,250,1.99
2017,5,10,16,21.3,65,5.3,250,2.25
2017,5,10,17,20.1,68,5.7,230,0.92
2017,5,10,18,19.8,69,5.6,270,0.60
2017,5,11,8,17.1,80,4.7,250,0.62
2017,5,11,9,18.3,82,6.6,230,1.15
2017,5,11,10,18.8,80,6.5,230,1.70
2017,5,11,11,19.9,76,7.3,230,2.35
2017,5,11,12,21.3,70,6.0,230,2.57
2017,5,11,13,21.8,68,5.5,200,3.19
2017,5,11,14,23.6,61,4.6,230,2.99
2017,5,11,15,22.7,65,4.9,230,2.28
2017,5,11,16,21.1,72,4.2,230,1.85
2017,5,11,17,20.8,71,3.6,230,1.04
2017,5,11,18,19.2,77,4.0,200,0.55
2017,5,12,8,17.4,93,4.9,230,0.08
2017,5,12,9,18.1,94,3.3,250,0.09
2017,5,12,10,17.9,94,6.4,250,0.13
2017,5,12,11,18.3,88,1.8,250,0.32
2017,5,12,12,18.2,89,2.0,200,0.32
2017,5,12,13,17.6,90,1.5,340,0.39
2017,5,12,14,17.9,88,1.1,70,0.43
2017,5,12,15,17.3,88,2.8,50,0.29
2017,5,12,16,16.6,92,1.8,50,0.16
2017,5,12,17,15.9,94,3.1,50,0.16
2017,5,12,18,16.0,93,1.7,110,0.12
2017,5,13,8,16.5,84,1.0,70,0.77
2017,5,13,9,18.3,80,1.6,200,1.23
2017,5,13,10,19.9,75,2.3,200,2.24
2017,5,13,11,20.3,74,3.0,200,2.82
2017,5,13,12,18.8,82,5.9,200,3.07
2017,5,13,13,19.5,81,4.9,200,2.95
2017,5,13,14,20.2,74,4.2,200,2.97
2017,5,13,15,20.4,69,3.9,200,2.55
2017,5,13,16,20.1,68,4.8,200,1.97
2017,5,13,17,20.9,62,8.2,230,1.30
2017,5,13,18,20.7,59,6.6,230,0.74
2017,5,14,8,18.1,42,1.7,270,1.33
2017,5,14,9,19.5,40,4.2,250,2.04
2017,5,14,10,20.3,42,4.7,250,2.66
2017,5,14,11,21.3,38,6.7,250,3.08
2017,5,14,12,21.5,36,8.9,230,3.36
2017,5,14,13,22.2,36,8.6,230,3.41
2017,5,14,14,23.1,39,6.2,200,3.18
2017,5,14,15,22.8,37,6.6,230,2.71
2017,5,14,16,22.2,44,5.1,200,2.17
2017,5,14,17,21.1,51,6.0,230,1.44
2017,5,14,18,21.7,53,4.5,230,0.86
2017,5,15,8,16.1,43,2.6,250,0.82
2017,5,15,9,17.1,44,4.0,250,1.38
2017,5,15,10,19.2,41,3.4,250,1.83
2017,5,15,11,19.9,42,4.8,230,2.53
2017,5,15,12,20.9,39,5.8,230,2.64
2017,5,15,13,19.4,52,6.9,200,2.90
2017,5,15,14,20.4,41,5.9,200,2.74
2017,5,15,15,20.1,44,6.5,230,1.73
2017,5,15,16,20.4,45,6.3,200,1.62
2017,5,15,17,20.1,50,5.6,230,1.13
2017,5,15,18,19.8,48,5.1,250,0.70
2017,5,16,8,17.5,57,3.2,340,1.33
2017,5,16,9,19.9,50,1.7,70,2.00
2017,5,16,10,19.6,53,3.7,200,2.41
2017,5,16,11,20.4,50,4.1,230,2.73
2017,5,16,12,20.2,49,4.8,200,3.24
2017,5,16,13,20.4,49,4.1,200,2.75
2017,5,16,14,20.8,53,2.5,160,2.29
2017,5,16,15,20.7,50,2.8,160,2.32
2017,5,16,16,20.2,63,3.6,180,2.15
2017,5,16,17,18.2,62,4.3,200,1.21
2017,5,16,18,18.0,61,1.7,230,0.50
2017,5,17,8,19.0,60,1.4,140,1.11
2017,5,17,9,20.1,60,2.5,200,1.79
2017,5,17,10,20.1,62,3.5,200,2.41
2017,5,17,11,20.8,62,3.7,200,2.84
2017,5,17,12,19.6,76,3.8,200,2.86
2017,5,17,13,19.8,67,2.8,90,2.39
2017,5,17,14,20.2,66,3.5,110,2.00
2017,5,17,15,20.7,62,3.0,110,2.32
2017,5,17,16,20.3,60,3.3,110,1.95
2017,5,17,17,18.8,67,2.2,110,0.63
2017,5,17,18,18.1,75,2.3,110,0.41
2017,5,18,8,19.0,61,3.0,340,1.19
2017,5,18,9,20.7,57,2.5,290,1.93
2017,5,18,10,23.3,46,1.4,140,2.55
2017,5,18,11,24.7,39,4.0,320,3.00
2017,5,18,12,23.9,56,3.4,230,3.27
2017,5,18,13,22.0,60,4.9,200,3.24
2017,5,18,14,20.8,65,5.4,200,3.14
2017,5,18,15,21.0,65,4.9,200,2.73
2017,5,18,16,22.2,59,2.9,200,2.19
2017,5,18,17,21.9,58,2.8,200,1.43
2017,5,18,18,21.8,59,1.8,230,0.81
2017,5,19,8,22.4,38,2.2,320,1.29
2017,5,19,9,24.0,32,2.3,360,2.01
2017,5,19,10,25.8,26,1.8,320,2.63
2017,5,19,11,27.7,28,2.3,290,3.06
2017,5,19,12,25.9,44,5.0,200,3.27
2017,5,19,13,24.3,41,5.9,200,3.31
2017,5,19,14,25.0,38,6.1,200,3.17
2017,5,19,15,26.6,31,5.2,230,2.84
2017,5,19,16,25.7,33,5.5,230,2.27
2017,5,19,17,23.7,46,3.6,180,1.53
2017,5,19,18,24.6,39,5.5,250,0.88
2017,5,20,8,22.5,32,5.3,340,1.11
2017,5,20,9,24.4,29,3.5,320,2.08
2017,5,20,10,23.9,45,3.2,230,2.44
2017,5,20,11,24.2,39,5.7,200,2.96
2017,5,20,12,23.3,46,5.7,200,2.40
2017,5,20,13,25.7,41,5.1,200,3.05
2017,5,20,14,22.8,49,5.1,200,2.38
2017,5,20,15,25.0,35,6.5,230,2.87
2017,5,20,16,24.9,36,5.7,230,2.24
2017,5,20,17,26.0,30,6.4,270,1.50
2017,5,20,18,24.5,34,4.1,230,0.93
2017,5,21,8,22.3,53,3.1,200,1.43
2017,5,21,9,23.3,47,3.9,250,1.78
2017,5,21,10,24.8,43,5.0,230,2.45
2017,5,21,11,24.2,55,4.7,200,2.84
2017,5,21,12,23.4,54,3.5,180,2.99
2017,5,21,13,25.0,42,4.7,230,3.07
2017,5,21,14,24.0,48,4.1,250,2.02
2017,5,21,15,24.6,45,5.0,250,2.09
2017,5,21,16,25.7,41,5.2,230,2.22
2017,5,21,17,24.3,46,6.7,230,1.67
2017,5,21,18,22.4,51,1.9,140,0.36
2017,5,22,8,22.0,55,1.7,320,1.33
2017,5,22,9,23.8,51,2.8,200,2.02
2017,5,22,10,24.9,49,3.8,200,2.59
2017,5,22,11,23.8,53,4.1,200,2.97
2017,5,22,12,24.7,55,2.6,160,3.16
2017,5,22,13,25.7,48,2.1,160,3.29
2017,5,22,14,24.4,50,3.6,180,3.16
2017,5,22,15,23.5,65,1.8,140,2.85
2017,5,22,16,22.5,62,1.5,110,2.18
2017,5,22,17,21.6,67,2.0,90,1.49
2017,5,22,18,21.6,59,1.2,140,0.96
2017,5,23,8,18.3,80,2.3,200,1.03
2017,5,23,9,19.2,75,2.6,200,1.42
2017,5,23,10,19.3,77,2.9,230,1.79
2017,5,23,11,20.0,73,2.8,200,1.82
2017,5,23,12,21.6,65,4.6,200,3.00
2017,5,23,13,23.0,57,4.4,200,2.77
2017,5,23,14,22.9,62,4.9,230,2.50
2017,5,23,15,23.7,56,5.1,230,1.56
2017,5,23,16,22.6,61,4.7,230,1.19
2017,5,23,17,21.5,67,5.6,200,0.81
2017,5,23,18,21.6,64,4.0,230,0.29
2017,5,24,8,21.1,71,1.7,110,1.10
2017,5,24,9,20.2,74,3.3,110,1.36
2017,5,24,10,20.0,77,3.8,110,1.84
2017,5,24,11,21.1,73,3.9,140,2.04
2017,5,24,12,21.2,74,3.5,110,2.40
2017,5,24,13,21.2,74,3.6,140,2.32
2017,5,24,14,22.6,68,3.5,110,2.59
2017,5,24,15,20.4,77,4.2,110,1.88
2017,5,24,16,20.5,76,3.2,110,1.62
2017,5,24,17,19.9,79,2.9,110,1.11
2017,5,24,18,19.0,83,3.1,110,0.80
2017,5,25,8,21.9,66,0.8,250,1.18
2017,5,25,9,22.6,62,3.7,340,1.77
2017,5,25,10,25.0,54,2.5,320,2.42
2017,5,25,11,26.8,48,2.5,340,3.11
2017,5,25,12,25.9,60,4.6,180,3.17
2017,5,25,13,23.2,67,5.9,200,3.32
2017,5,25,14,23.6,65,5.7,200,3.05
2017,5,25,15,24.0,61,5.6,230,2.89
2017,5,25,16,24.7,50,5.5,230,2.38
2017,5,25,17,24.3,53,7.0,230,1.63
2017,5,25,18,23.3,52,6.7,230,0.93
2017,5,26,8,17.5,48,2.2,290,1.39
2017,5,26,9,18.6,48,3.8,290,2.10
2017,5,26,10,19.8,55,3.4,180,2.72
2017,5,26,11,20.0,48,3.0,140,2.89
2017,5,26,12,20.7,42,3.3,160,2.07
2017,5,26,13,20.0,51,6.8,200,2.03
2017,5,26,14,19.9,48,7.9,200,3.23
2017,5,26,15,20.2,46,7.0,200,2.96
2017,5,26,16,20.2,49,6.2,230,2.39
2017,5,26,17,19.0,54,5.2,200,1.70
2017,5,26,18,18.7,52,2.4,180,0.96
2017,5,27,8,18.2,61,1.6,290,1.34
2017,5,27,9,18.8,63,4.4,200,2.03
2017,5,27,10,19.3,63,5.0,200,2.63
2017,5,27,11,19.5,62,5.3,200,3.07
2017,5,27,12,20.5,57,6.2,200,3.32
2017,5,27,13,20.2,60,6.9,200,3.37
2017,5,27,14,21.3,61,5.1,180,3.22
2017,5,27,15,22.0,46,6.8,230,2.84
2017,5,27,16,22.0,44,5.5,200,2.31
2017,5,27,17,21.2,42,6.3,230,1.65
2017,5,27,18,19.8,58,4.5,200,0.97
2017,5,28,8,20.1,54,2.6,200,1.24
2017,5,28,9,21.5,51,3.1,200,1.80
2017,5,28,10,22.1,54,2.5,180,2.28
2017,5,28,11,21.8,50,4.6,200,2.75
2017,5,28,12,22.2,47,5.6,200,3.01
2017,5,28,13,23.1,40,5.9,250,3.10
2017,5,28,14,23.8,37,5.4,230,2.98
2017,5,28,15,23.2,36,6.0,230,2.60
2017,5,28,16,22.0,47,7.4,230,2.10
2017,5,28,17,21.2,58,7.6,230,1.52
2017,5,28,18,20.6,61,7.0,230,0.89
2017,5,29,8,23.2,41,4.5,230,1.35
2017,5,29,9,23.6,52,3.1,200,1.74
2017,5,29,10,24.5,46,3.6,200,2.53
2017,5,29,11,25.5,42,4.4,200,2.91
2017,5,29,12,25.2,47,4.5,200,3.15
2017,5,29,13,24.6,51,3.7,230,3.18
2017,5,29,14,22.7,60,5.8,200,3.01
2017,5,29,15,23.0,59,4.1,230,2.67
2017,5,29,16,22.3,63,4.6,230,2.18
2017,5,29,17,21.8,64,4.2,230,1.55
2017,5,29,18,20.7,70,3.8,230,0.87
2017,5,30,8,23.6,59,1.6,270,1.17
2017,5,30,9,23.5,63,2.0,250,1.51
2017,5,30,10,23.4,63,2.9,230,2.11
2017,5,30,11,24.3,60,2.8,230,2.56
2017,5,30,12,25.2,55,2.6,230,2.82
2017,5,30,13,25.0,58,3.0,230,2.93
2017,5,30,14,25.4,56,3.2,230,2.38
2017,5,30,15,23.7,64,3.5,230,2.45
2017,5,30,16,23.6,59,3.0,230,1.48
2017,5,30,17,23.6,59,2.5,250,1.18
2017,5,30,18,22.6,58,2.7,250,0.51
2017,5,31,8,18.6,82,1.3,250,0.28
2017,5,31,9,20.1,69,3.2,230,0.51
2017,5,31,10,21.1,63,2.0,200,0.53
2017,5,31,11,21.8,61,4.6,200,1.02
2017,5,31,12,22.0,66,3.9,200,2.12
2017,5,31,13,22.9,69,5.8,200,2.98
2017,5,31,14,21.8,74,6.3,200,2.24
2017,5,31,15,23.0,73,8.5,230,2.37
2017,5,31,16,24.4,64,6.1,230,2.27
2017,5,31,17,23.5,71,5.3,200,1.42
2017,5,31,18,21.5,82,3.1,180,0.97
2017,6,1,8,21.7,82,3.0,230,0.97
2017,6,1,9,22.0,82,4.0,200,1.52
2017,6,1,10,23.2,78,4.1,200,1.90
2017,6,1,11,23.2,77,4.5,200,2.06
2017,6,1,12,23.7,74,3.5,180,2.85
2017,6,1,13,24.5,69,5.7,200,3.08
2017,6,1,14,24.0,70,6.6,200,2.97
2017,6,1,15,23.7,71,4.8,180,2.68
2017,6,1,16,23.1,71,4.6,180,2.26
2017,6,1,17,22.3,75,2.9,160,1.61
2017,6,1,18,23.3,70,5.2,230,0.93
2017,6,2,8,19.5,67,1.7,140,1.19
2017,6,2,9,20.0,66,4.4,200,1.84
2017,6,2,10,18.8,67,6.5,200,2.58
2017,6,2,11,20.0,64,5.5,200,3.05
2017,6,2,12,19.9,68,6.8,200,3.25
2017,6,2,13,21.0,67,4.4,180,3.32
2017,6,2,14,21.4,66,3.2,110,2.99
2017,6,2,15,20.9,63,4.8,110,2.75
2017,6,2,16,20.5,60,4.3,110,2.37
2017,6,2,17,19.8,60,2.5,70,1.70
2017,6,2,18,18.7,69,2.9,90,1.02
2017,6,3,8,19.9,60,1.9,270,1.14
2017,6,3,9,21.8,53,2.2,340,1.90
2017,6,3,10,22.3,63,3.6,180,2.48
2017,6,3,11,22.0,59,7.2,200,2.92
2017,6,3,12,21.8,62,6.9,200,3.20
2017,6,3,13,21.6,67,6.3,180,3.35
2017,6,3,14,22.6,58,6.1,230,3.26
2017,6,3,15,24.7,45,5.4,230,2.86
2017,6,3,16,25.0,45,4.5,230,2.39
2017,6,3,17,22.6,50,2.8,200,1.59
2017,6,3,18,20.5,69,3.0,90,0.61
2017,6,4,8,20.1,55,2.1,200,1.20
2017,6,4,9,21.3,53,2.2,200,1.92
2017,6,4,10,23.6,47,2.9,200,2.45
2017,6,4,11,23.2,54,4.7,200,3.02
2017,6,4,12,23.9,44,4.2,200,3.18
2017,6,4,13,24.5,40,3.8,200,2.97
2017,6,4,14,24.9,36,2.8,180,3.18
2017,6,4,15,23.6,50,3.9,140,2.82
2017,6,4,16,22.9,50,3.0,90,2.39
2017,6,4,17,22.8,39,3.7,90,1.72
2017,6,4,18,21.7,44,3.3,110,1.01
2017,6,5,8,20.6,50,2.0,110,1.16
2017,6,5,9,21.7,62,3.3,110,1.93
2017,6,5,10,22.5,58,3.7,110,2.52
2017,6,5,11,21.7,65,4.9,110,2.91
2017,6,5,12,21.8,62,4.7,110,3.14
2017,6,5,13,22.9,44,4.0,110,3.09
2017,6,5,14,23.1,53,4.5,110,2.98
2017,6,5,15,22.7,43,4.3,90,2.87
2017,6,5,16,22.6,46,3.9,90,2.11
2017,6,5,17,22.2,49,3.8,90,1.70
2017,6,5,18,20.4,62,3.9,90,0.85
2017,6,6,8,18.3,71,3.2,50,0.51
2017,6,6,9,19.3,67,3.0,70,0.76
2017,6,6,10,20.8,64,3.1,90,1.38
2017,6,6,11,20.5,62,3.3,90,1.25
2017,6,6,12,20.7,63,3.2,70,1.05
2017,6,6,13,20.9,67,2.1,70,1.49
2017,6,6,14,20.0,72,3.4,90,1.02
2017,6,6,15,19.8,74,2.1,90,0.66
2017,6,6,16,19.6,78,2.0,90,0.53
2017,6,6,17,19.0,84,0.9,70,0.31
2017,6,6,18,18.2,88,2.1,70,0.13
2017,6,7,8,18.2,96,3.7,180,0.03
2017,6,7,9,18.3,97,4.3,230,0.06
2017,6,7,10,18.7,97,6.4,230,0.14
2017,6,7,11,19.2,97,4.9,230,0.66
2017,6,7,12,19.9,87,6.0,230,1.20
2017,6,7,13,21.6,79,4.7,200,1.40
2017,6,7,14,22.1,75,5.2,200,1.78
2017,6,7,15,22.4,74,4.8,230,1.28
2017,6,7,16,22.4,73,6.1,250,1.23
2017,6,7,17,21.8,74,5.6,200,1.02
2017,6,7,18,19.9,82,6.0,230,0.76
2017,6,8,8,20.1,57,1.8,110,1.23
2017,6,8,9,21.2,56,3.0,290,1.98
2017,6,8,10,22.4,51,3.7,290,2.68
2017,6,8,11,23.3,48,5.0,290,3.10
2017,6,8,12,24.8,42,3.9,290,3.37
2017,6,8,13,26.3,39,3.0,290,3.38
2017,6,8,14,24.1,59,5.6,180,3.22
2017,6,8,15,24.3,51,5.8,200,2.88
2017,6,8,16,23.7,55,4.1,180,2.45
2017,6,8,17,22.4,61,5.0,200,1.75
2017,6,8,18,21.7,66,4.3,200,1.04
2017,6,9,8,21.6,55,2.9,290,0.96
2017,6,9,9,24.4,39,2.8,320,2.03
2017,6,9,10,26.7,35,1.4,200,2.30
2017,6,9,11,25.1,53,2.8,200,2.44
2017,6,9,12,25.0,55,5.0,200,3.25
2017,6,9,13,25.1,52,4.8,200,3.38
2017,6,9,14,25.8,52,4.8,200,3.22
2017,6,9,15,25.1,53,5.0,200,2.88
2017,6,9,16,26.3,38,5.9,230,2.41
2017,6,9,17,25.9,45,6.9,250,1.75
2017,6,9,18,24.2,56,5.5,230,1.02
2017,6,10,8,22.0,62,4.3,250,0.96
2017,6,10,9,23.4,59,4.6,250,1.72
2017,6,10,10,23.3,68,3.6,180,2.39
2017,6,10,11,22.8,72,5.9,200,2.79
2017,6,10,12,23.2,69,4.5,200,2.76
2017,6,10,13,23.5,72,5.1,200,3.00
2017,6,10,14,21.5,79,5.3,200,2.78
2017,6,10,15,22.3,77,5.3,200,1.60
2017,6,10,16,21.9,69,3.0,90,1.36
2017,6,10,17,21.2,43,2.8,110,0.57
2017,6,10,18,20.4,44,2.8,70,0.46
2017,6,11,8,20.6,51,2.8,70,0.95
2017,6,11,9,22.1,51,1.7,50,1.59
2017,6,11,10,23.2,54,3.6,110,2.30
2017,6,11,11,23.6,56,3.0,110,2.82
2017,6,11,12,23.8,51,3.1,110,3.10
2017,6,11,13,23.8,48,3.6,110,3.25
2017,6,11,14,23.8,38,3.4,110,3.18
2017,6,11,15,22.9,42,4.3,110,2.81
2017,6,11,16,22.6,45,3.7,90,2.26
2017,6,11,17,22.0,50,3.9,90,1.65
2017,6,11,18,20.8,57,3.2,70,0.90
2017,6,12,8,19.0,65,4.0,50,0.76
2017,6,12,9,20.2,58,3.2,70,1.41
2017,6,12,10,20.7,54,3.9,70,1.84
2017,6,12,11,21.7,45,4.1,70,2.49
2017,6,12,12,22.0,43,4.3,90,2.97
2017,6,12,13,21.7,52,4.1,70,2.68
2017,6,12,14,21.0,56,4.3,90,1.84
2017,6,12,15,20.8,58,3.3,90,1.91
2017,6,12,16,20.1,61,3.3,70,1.54
2017,6,12,17,19.7,63,2.8,70,1.21
2017,6,12,18,18.9,65,3.6,90,0.72
2017,6,13,8,19.0,62,2.6,50,1.14
2017,6,13,9,20.8,60,2.9,110,1.91
2017,6,13,10,20.9,60,3.9,110,2.54
2017,6,13,11,21.1,62,4.3,110,2.97
2017,6,13,12,20.1,65,4.4,110,2.62
2017,6,13,13,21.0,59,3.5,110,2.60
2017,6,13,14,20.9,63,3.7,140,3.11
2017,6,13,15,20.7,63,3.3,110,2.71
2017,6,13,16,20.7,65,2.6,110,2.13
2017,6,13,17,19.9,69,1.8,140,1.10
2017,6,13,18,19.1,72,1.5,140,0.23
2017,6,14,8,20.8,61,1.2,180,1.13
2017,6,14,9,22.9,56,2.1,160,1.90
2017,6,14,10,22.5,61,4.6,200,2.47
2017,6,14,11,22.4,60,4.7,200,2.95
2017,6,14,12,23.5,57,4.1,200,3.23
2017,6,14,13,23.3,64,4.9,200,3.35
2017,6,14,14,22.3,66,6.4,200,3.21
2017,6,14,15,23.2,60,4.5,200,2.77
2017,6,14,16,23.3,63,4.6,180,2.33
2017,6,14,17,22.1,68,3.6,200,1.71
2017,6,14,18,21.1,71,3.7,200,0.99
2017,6,15,8,22.9,48,2.1,340,1.09
2017,6,15,9,24.9,39,3.4,320,1.88
2017,6,15,10,27.1,35,3.4,290,2.49
2017,6,15,11,28.4,32,3.5,290,2.95
2017,6,15,12,30.2,30,3.6,270,3.22
2017,6,15,13,28.7,36,4.9,200,3.23
2017,6,15,14,26.8,43,5.3,200,3.08
2017,6,15,15,25.7,47,5.7,200,2.73
2017,6,15,16,25.3,50,4.7,200,2.30
2017,6,15,17,25.5,50,2.7,230,1.65
2017,6,15,18,24.2,58,0.7,230,0.96
2017,6,16,8,21.5,66,2.9,90,1.10
2017,6,16,9,22.9,59,2.7,90,1.89
2017,6,16,10,23.8,56,3.2,90,2.52
2017,6,16,11,24.1,58,4.0,110,2.97
2017,6,16,12,23.9,59,4.1,110,3.22
2017,6,16,13,24.0,54,3.8,110,3.28
2017,6,16,14,24.1,59,4.0,110,3.15
2017,6,16,15,23.9,58,3.5,90,2.78
2017,6,16,16,23.2,60,3.9,110,2.38
2017,6,16,17,22.6,63,3.2,90,1.73
2017,6,16,18,21.3,67,3.3,70,1.02
2017,6,17,8,20.7,68,2.0,70,0.98
2017,6,17,9,22.0,66,3.3,140,1.69
2017,6,17,10,22.5,66,3.8,140,2.28
2017,6,17,11,22.8,67,3.3,110,2.68
2017,6,17,12,23.2,64,3.3,110,3.00
2017,6,17,13,22.7,68,4.1,140,3.12
2017,6,17,14,22.7,69,5.3,140,3.00
2017,6,17,15,22.6,68,3.8,110,2.76
2017,6,17,16,22.5,69,3.7,110,2.31
2017,6,17,17,21.8,71,3.8,140,1.60
2017,6,17,18,21.0,75,3.1,110,0.94
2017,6,18,8,21.7,67,1.4,230,1.01
2017,6,18,9,24.0,53,2.2,270,1.76
2017,6,18,10,24.2,65,2.5,200,2.35
2017,6,18,11,24.5,62,3.9,200,2.81
2017,6,18,12,24.1,64,4.4,200,3.14
2017,6,18,13,23.5,68,4.6,200,3.26
2017,6,18,14,24.6,64,4.5,200,3.14
2017,6,18,15,24.5,63,4.4,200,2.79
2017,6,18,16,24.1,64,3.8,200,2.29
2017,6,18,17,23.3,65,3.7,200,1.60
2017,6,18,18,22.8,66,2.5,230,0.94
2017,6,19,8,22.9,71,2.8,200,1.07
2017,6,19,9,25.5,56,3.0,200,1.77
2017,6,19,10,25.6,60,4.3,200,2.34
2017,6,19,11,24.2,68,4.7,200,2.74
2017,6,19,12,24.0,69,7.0,200,3.04
2017,6,19,13,24.5,65,6.5,200,2.99
2017,6,19,14,25.6,60,5.6,200,2.91
2017,6,19,15,24.0,66,6.8,200,2.51
2017,6,19,16,24.2,60,6.2,200,2.34
2017,6,19,17,23.6,59,6.7,200,1.70
2017,6,19,18,23.6,60,3.7,200,0.79
2017,6,20,8,21.5,76,1.6,200,0.48
2017,6,20,9,22.2,80,1.0,230,0.66
2017,6,20,10,23.6,76,2.6,200,0.93
2017,6,20,11,23.7,76,2.0,200,0.92
2017,6,20,12,24.7,74,1.3,110,1.27
2017,6,20,13,23.9,79,1.3,50,0.96
2017,6,20,14,23.3,77,2.6,110,0.73
2017,6,20,15,23.6,73,2.3,110,0.59
2017,6,20,16,23.9,68,2.1,90,0.41
2017,6,20,17,21.9,82,3.9,110,0.13
2017,6,20,18,21.1,85,1.1,90,0.04
2017,6,21,8,22.6,71,1.0,340,1.16
2017,6,21,9,24.6,65,1.7,140,1.88
2017,6,21,10,26.0,61,2.3,200,2.58
2017,6,21,11,24.2,71,4.9,200,3.00
2017,6,21,12,25.4,67,3.8,200,3.12
2017,6,21,13,25.4,61,4.7,200,3.22
2017,6,21,14,24.6,63,4.5,200,2.89
2017,6,21,15,23.6,68,4.9,200,2.35
2017,6,21,16,23.6,67,3.7,180,1.50
2017,6,21,17,23.0,71,3.2,200,0.85
2017,6,21,18,22.3,71,4.1,200,0.54
2017,6,22,8,21.7,84,2.1,230,0.73
2017,6,22,9,24.8,67,1.9,200,1.68
2017,6,22,10,26.7,55,2.2,360,2.42
2017,6,22,11,25.9,65,4.1,200,2.26
2017,6,22,12,25.9,63,4.6,200,2.47
2017,6,22,13,25.7,67,4.5,200,3.22
2017,6,22,14,26.2,61,4.6,200,3.12
2017,6,22,15,25.5,71,4.8,200,2.82
2017,6,22,16,24.8,72,4.5,200,2.37
2017,6,22,17,23.5,75,4.6,200,1.68
2017,6,22,18,23.0,78,4.3,200,0.99
2017,6,23,8,23.5,69,1.5,200,0.98
2017,6,23,9,25.5,63,2.4,200,1.69
2017,6,23,10,24.8,71,4.0,200,2.20
2017,6,23,11,24.2,68,3.7,230,2.80
2017,6,23,12,25.5,64,3.0,200,2.92
2017,6,23,13,25.6,67,3.9,200,3.06
2017,6,23,14,26.8,57,3.3,200,3.05
2017,6,23,15,26.4,69,1.2,200,2.52
2017,6,23,16,26.1,59,2.7,140,1.73
2017,6,23,17,25.0,58,3.7,110,1.12
2017,6,23,18,24.5,56,2.1,110,0.59
2017,6,24,8,24.1,59,1.3,110,0.91
2017,6,24,9,25.6,57,1.4,110,1.62
2017,6,24,10,26.0,59,3.5,140,2.18
2017,6,24,11,25.4,68,3.4,110,2.53
2017,6,24,12,24.2,68,3.8,110,1.59
2017,6,24,13,22.9,83,3.8,110,0.77
2017,6,24,14,23.4,81,3.1,110,0.82
2017,6,24,15,24.5,77,2.6,110,1.69
2017,6,24,16,23.6,81,2.0,110,0.62
2017,6,24,17,23.1,84,2.0,110,0.47
2017,6,24,18,23.1,83,1.6,110,0.38
2017,6,25,8,23.3,77,1.0,90,0.71
2017,6,25,9,25.0,71,3.2,140,1.42
2017,6,25,10,23.8,75,3.0,140,1.81
2017,6,25,11,23.2,76,3.4,110,1.31
2017,6,25,12,24.9,69,3.0,140,1.63
2017,6,25,13,24.0,72,2.5,110,1.74
2017,6,25,14,23.4,75,2.1,110,1.05
2017,6,25,15,24.2,72,2.2,140,1.23
2017,6,25,16,24.9,69,2.8,140,1.74
2017,6,25,17,23.9,78,2.0,140,1.14
2017,6,25,18,22.9,83,1.9,110,0.71
2017,6,26,8,21.9,82,2.0,90,0.17
2017,6,26,9,23.6,77,2.3,90,0.77
2017,6,26,10,23.5,76,2.0,110,0.56
2017,6,26,11,24.3,74,2.4,110,1.11
2017,6,26,12,24.9,73,2.5,110,1.74
2017,6,26,13,24.0,76,2.3,110,0.97
2017,6,26,14,23.9,76,3.5,110,1.28
2017,6,26,15,24.1,76,4.1,110,1.18
2017,6,26,16,24.2,76,3.0,110,1.27
2017,6,26,17,24.5,72,2.6,90,1.30
2017,6,26,18,23.5,77,2.9,90,0.71
2017,6,27,8,22.2,69,2.2,70,0.32
2017,6,27,9,24.0,61,2.6,90,1.28
2017,6,27,10,23.6,65,2.2,90,1.14
2017,6,27,11,23.6,69,2.5,110,0.98
2017,6,27,12,25.5,63,2.8,110,2.27
2017,6,27,13,24.7,66,5.0,110,2.57
2017,6,27,14,25.8,59,2.5,90,2.37
2017,6,27,15,23.8,77,3.1,110,1.17
2017,6,27,16,24.5,72,2.9,110,1.53
2017,6,27,17,23.9,74,3.3,110,1.57
2017,6,27,18,23.3,73,1.9,110,0.69
2017,6,28,8,23.6,77,2.8,200,0.97
2017,6,28,9,24.6,74,2.9,200,1.69
2017,6,28,10,25.9,65,2.7,200,2.26
2017,6,28,11,26.5,61,3.6,200,2.71
2017,6,28,12,26.6,67,4.9,200,3.06
2017,6,28,13,27.0,66,3.7,200,3.13
2017,6,28,14,27.8,61,3.8,200,2.99
2017,6,28,15,26.5,67,3.7,200,2.20
2017,6,28,16,25.8,73,3.5,200,1.43
2017,6,28,17,25.0,77,3.8,230,1.26
2017,6,28,18,24.3,80,3.6,200,0.69
2017,6,29,8,21.9,85,0.9,250,0.37
2017,6,29,9,23.4,76,3.0,200,0.83
2017,6,29,10,23.1,75,3.8,200,0.88
2017,6,29,11,23.0,80,3.6,200,0.73
2017,6,29,12,22.9,77,3.6,200,0.64
2017,6,29,13,23.8,74,4.2,200,0.90
2017,6,29,14,22.7,83,2.5,200,0.53
2017,6,29,15,22.6,87,2.6,230,0.43
2017,6,29,16,22.9,83,1.8,250,0.44
2017,6,29,17,22.8,80,1.1,180,0.26
2017,6,29,18,22.0,86,2.8,200,0.22
2017,6,30,8,22.7,93,2.9,250,0.76
2017,6,30,9,24.3,84,3.0,250,1.36
2017,6,30,10,25.1,80,2.8,230,1.75
2017,6,30,11,25.8,76,4.0,200,2.29
2017,6,30,12,26.5,73,5.3,200,2.55
2017,6,30,13,26.7,72,3.7,230,1.70
2017,6,30,14,26.6,73,6.0,200,2.91
2017,6,30,15,26.9,71,5.8,200,2.99
2017,6,30,16,25.8,83,4.9,230,1.75
2017,6,30,17,26.4,77,4.5,230,1.03
2017,6,30,18,25.4,80,5.2,230,0.81
2017,7,1,8,24.4,85,5.7,230,0.45
2017,7,1,9,25.2,82,4.5,270,0.73
2017,7,1,10,25.6,81,6.4,250,0.84
2017,7,1,11,26.2,79,6.1,270,1.29
2017,7,1,12,27.2,76,7.0,250,1.91
2017,7,1,13,26.9,74,5.7,200,1.73
2017,7,1,14,27.5,74,7.6,200,3.21
2017,7,1,15,27.4,76,7.1,230,2.78
2017,7,1,16,27.8,73,5.6,230,2.63
2017,7,1,17,27.7,72,6.4,230,1.87
2017,7,1,18,26.4,76,6.7,250,0.65
2017,7,2,8,24.3,90,1.2,270,0.73
2017,7,2,9,24.9,87,3.2,200,1.00
2017,7,2,10,26.5,83,4.5,230,1.64
2017,7,2,11,25.6,88,5.1,230,1.25
2017,7,2,12,24.6,95,8.7,230,0.58
2017,7,2,13,24.4,96,8.1,230,0.57
2017,7,2,14,24.6,96,7.4,230,0.52
2017,7,2,15,25.9,89,7.4,230,1.12
2017,7,2,16,26.2,86,7.5,230,1.35
2017,7,2,17,26.2,84,7.1,230,0.92
2017,7,2,18,25.7,86,7.6,250,0.38
2017,7,3,8,24.0,87,5.8,230,0.21
2017,7,3,9,24.5,86,5.9,230,0.42
2017,7,3,10,25.3,83,6.3,230,0.84
2017,7,3,11,26.1,80,6.3,230,1.27
2017,7,3,12,25.6,82,5.9,230,0.84
2017,7,3,13,25.7,81,5.5,200,0.48
2017,7,3,14,25.8,79,5.2,200,0.38
2017,7,3,15,27.0,76,7.1,230,1.08
2017,7,3,16,26.9,77,7.0,230,1.24
2017,7,3,17,26.2,82,3.9,230,0.58
2017,7,3,18,26.1,82,3.2,230,0.42
2017,7,4,8,22.3,97,2.2,200,0.20
2017,7,4,9,22.0,97,2.5,200,0.28
2017,7,4,10,22.3,97,3.3,230,0.34
2017,7,4,11,23.8,97,3.6,250,1.01
2017,7,4,12,26.0,86,3.7,250,2.73
2017,7,4,13,26.4,81,4.4,200,2.66
2017,7,4,14,25.9,82,4.4,180,1.80
2017,7,4,15,26.9,77,4.2,200,2.38
2017,7,4,16,26.9,80,4.4,230,1.75
2017,7,4,17,25.7,96,2.8,250,0.40
2017,7,4,18,24.7,93,0.7,230,0.30
2017,7,5,8,22.4,97,0.9,70,0.41
2017,7,5,9,23.1,93,0.7,70,0.72
2017,7,5,10,23.3,90,1.8,110,0.84
2017,7,5,11,23.6,87,2.8,110,1.29
2017,7,5,12,25.0,81,3.0,110,2.03
2017,7,5,13,25.6,79,2.9,110,2.53
2017,7,5,14,24.7,82,3.8,110,2.28
2017,7,5,15,25.6,79,2.1,110,1.94
2017,7,5,16,25.7,80,2.7,110,2.38
2017,7,5,17,25.5,78,2.2,90,1.71
2017,7,5,18,24.9,79,1.2,90,1.02
2017,7,6,8,23.8,93,1.6,180,0.48
2017,7,6,9,25.0,87,1.8,180,1.01
2017,7,6,10,26.3,83,3.2,200,1.59
2017,7,6,11,26.5,79,2.5,200,1.62
2017,7,6,12,26.6,82,2.8,200,1.58
2017,7,6,13,25.5,86,3.0,200,1.00
2017,7,6,14,26.7,82,3.5,200,1.42
2017,7,6,15,24.9,92,4.2,200,0.95
2017,7,6,16,24.5,91,4.9,230,0.56
2017,7,6,17,24.5,88,5.9,250,0.40
2017,7,6,18,24.2,92,5.0,270,0.10
2017,7,7,8,24.9,81,4.0,250,0.56
2017,7,7,9,25.3,83,4.3,270,0.52
2017,7,7,10,25.9,85,3.5,230,1.06
2017,7,7,11,25.3,93,4.7,250,0.78
2017,7,7,12,25.4,94,4.7,230,0.80
2017,7,7,13,25.5,95,6.0,230,0.84
2017,7,7,14,25.7,94,5.9,250,0.93
2017,7,7,15,26.0,92,5.7,250,1.02
2017,7,7,16,25.8,92,6.4,250,0.98
2017,7,7,17,25.7,92,7.0,230,0.43
2017,7,7,18,25.5,93,5.9,230,0.48
2017,7,8,8,25.4,92,5.5,230,0.68
2017,7,8,9,25.9,90,4.5,230,0.82
2017,7,8,10,27.5,82,4.2,250,1.43
2017,7,8,11,27.7,81,4.3,230,1.52
2017,7,8,12,27.4,83,3.2,230,0.90
2017,7,8,13,27.1,83,3.6,200,1.69
2017,7,8,14,25.9,86,2.0,230,1.07
2017,7,8,15,26.4,85,2.7,200,0.93
2017,7,8,16,26.6,87,3.8,200,0.94
2017,7,8,17,27.3,83,5.9,250,0.89
2017,7,8,18,25.7,90,2.4,180,0.89
2017,7,9,8,25.3,88,3.7,230,1.10
2017,7,9,9,25.6,84,4.8,200,1.85
2017,7,9,10,25.8,82,4.2,250,1.38
2017,7,9,11,27.4,80,3.3,250,2.15
2017,7,9,12,27.9,80,4.3,180,2.49
2017,7,9,13,28.1,79,5.0,200,3.39
2017,7,9,14,27.9,80,4.9,200,3.04
2017,7,9,15,27.6,82,5.5,200,2.02
2017,7,9,16,28.0,82,5.6,200,2.14
2017,7,9,17,27.0,85,5.2,200,1.46
2017,7,9,18,24.9,94,5.1,200,0.56
2017,7,10,8,24.8,94,5.7,230,0.21
2017,7,10,9,24.9,93,5.7,250,0.26
2017,7,10,10,25.2,92,7.1,230,0.50
2017,7,10,11,25.9,89,7.6,230,0.73
2017,7,10,12,25.9,89,6.6,230,0.78
2017,7,10,13,26.0,89,8.4,230,0.99
2017,7,10,14,25.1,94,7.4,230,0.31
2017,7,10,15,25.1,96,7.1,230,0.21
2017,7,10,16,24.8,96,8.5,230,0.32
2017,7,10,17,25.0,96,8.6,250,0.27
2017,7,10,18,24.7,96,7.4,230,0.16
2017,7,11,8,24.8,83,4.2,250,1.01
2017,7,11,9,25.6,80,4.9,230,1.26
2017,7,11,10,25.8,79,5.0,230,1.31
2017,7,11,11,26.6,77,5.2,200,1.79
2017,7,11,12,26.8,78,4.7,230,1.70
2017,7,11,13,26.6,79,4.9,250,1.61
2017,7,11,14,25.9,84,4.9,250,1.09
2017,7,11,15,24.9,89,3.4,230,0.68
2017,7,11,16,25.3,88,3.6,230,0.70
2017,7,11,17,25.6,76,3.5,250,0.68
2017,7,11,18,24.4,79,3.4,200,0.44
2017,7,12,8,24.7,84,1.8,250,1.02
2017,7,12,9,26.9,74,1.2,200,1.68
2017,7,12,10,27.4,74,2.2,230,2.37
2017,7,12,11,27.7,74,2.5,200,2.91
2017,7,12,12,28.7,71,4.4,200,3.25
2017,7,12,13,30.2,67,4.4,200,3.37
2017,7,12,14,29.5,69,4.9,200,3.23
2017,7,12,15,29.6,66,5.5,230,2.80
2017,7,12,16,27.3,71,5.4,200,2.39
2017,7,12,17,29.0,66,4.5,250,1.80
2017,7,12,18,26.4,74,4.4,200,1.03
2017,7,13,8,25.1,78,2.7,250,1.04
2017,7,13,9,26.8,73,1.9,200,1.79
2017,7,13,10,27.8,71,3.0,200,2.43
2017,7,13,11,26.3,75,2.5,230,2.93
2017,7,13,12,27.5,74,4.2,200,3.23
2017,7,13,13,26.6,77,4.4,200,3.33
2017,7,13,14,26.7,76,5.5,200,3.21
2017,7,13,15,26.9,72,5.1,180,2.87
2017,7,13,16,26.8,74,5.0,200,2.44
2017,7,13,17,26.1,78,5.5,180,1.94
2017,7,13,18,25.4,81,5.2,200,1.05
2017,7,14,8,26.3,79,3.4,230,0.91
2017,7,14,9,27.5,78,3.0,230,1.77
2017,7,14,10,29.0,70,4.2,230,2.01
2017,7,14,11,27.3,76,3.5,200,1.36
2017,7,14,12,27.6,78,4.6,200,2.22
2017,7,14,13,28.8,78,5.6,200,3.25
2017,7,14,14,28.7,80,6.1,200,3.17
2017,7,14,15,27.8,79,5.2,200,2.59
2017,7,14,16,29.4,71,3.4,200,2.43
2017,7,14,17,27.4,76,3.7,180,1.40
2017,7,14,18,28.0,74,7.2,250,0.72
2017,7,15,8,26.2,89,4.3,200,0.39
2017,7,15,9,26.3,87,4.0,200,0.67
2017,7,15,10,26.6,85,4.2,230,1.14
2017,7,15,11,27.5,73,2.9,200,1.45
2017,7,15,12,28.4,78,5.8,230,2.36
2017,7,15,13,29.2,77,5.4,230,2.59
2017,7,15,14,29.1,73,6.1,230,2.06
2017,7,15,15,28.3,78,7.3,230,1.56
2017,7,15,16,28.2,83,8.2,230,1.44
2017,7,15,17,28.0,83,5.6,230,1.06
2017,7,15,18,27.6,80,4.3,200,0.73
2017,7,16,8,27.0,81,5.1,270,0.64
2017,7,16,9,27.6,79,5.6,270,0.93
2017,7,16,10,29.3,72,5.6,250,2.09
2017,7,16,11,29.5,71,5.1,200,2.77
2017,7,16,12,30.0,70,4.5,250,2.35
2017,7,16,13,30.0,69,5.5,230,1.93
2017,7,16,14,30.4,68,6.7,200,3.01
2017,7,16,15,29.6,71,7.4,200,2.91
2017,7,16,16,29.7,73,6.8,250,2.43
2017,7,16,17,30.0,71,4.9,250,1.79
2017,7,16,18,28.9,75,6.4,230,1.01
2017,7,17,8,27.5,80,4.8,250,0.80
2017,7,17,9,28.0,79,5.3,250,1.19
2017,7,17,10,28.9,73,6.1,250,1.66
2017,7,17,11,29.5,69,7.6,250,2.01
2017,7,17,12,29.7,71,4.1,230,2.39
2017,7,17,13,30.5,66,6.2,200,3.30
2017,7,17,14,30.1,67,6.1,200,2.43
2017,7,17,15,29.8,69,7.4,230,2.22
2017,7,17,16,28.9,72,8.0,230,1.08
2017,7,17,17,28.5,74,4.6,250,0.65
2017,7,17,18,28.0,77,5.3,250,0.22
2017,7,18,8,26.0,86,3.2,250,0.93
2017,7,18,9,26.1,87,2.0,230,0.98
2017,7,18,10,25.1,91,2.6,200,0.52
2017,7,18,11,27.8,80,4.7,230,2.00
2017,7,18,12,28.6,77,5.8,250,2.67
2017,7,18,13,28.3,78,5.4,250,1.23
2017,7,18,14,28.5,77,2.8,270,1.26
2017,7,18,15,28.1,78,3.9,250,0.78
2017,7,18,16,29.1,71,3.2,200,1.49
2017,7,18,17,29.3,69,3.6,230,1.66
2017,7,18,18,27.3,80,3.0,230,1.14
2017,7,19,8,27.3,72,1.4,140,0.65
2017,7,19,9,28.6,70,1.4,360,1.13
2017,7,19,10,30.6,62,1.5,20,2.00
2017,7,19,11,30.4,66,1.4,110,2.37
2017,7,19,12,29.6,70,3.5,160,2.96
2017,7,19,13,30.5,70,3.2,200,2.97
2017,7,19,14,30.3,68,3.1,200,2.99
2017,7,19,15,30.1,65,2.7,200,2.66
2017,7,19,16,30.2,67,2.9,200,2.24
2017,7,19,17,29.0,75,3.2,230,1.65
2017,7,19,18,28.0,76,3.4,200,0.95
2017,7,20,8,25.7,85,1.6,230,0.84
2017,7,20,9,27.2,76,1.6,230,1.60
2017,7,20,10,28.1,76,3.6,200,2.23
2017,7,20,11,28.9,75,4.0,200,2.74
2017,7,20,12,28.0,82,4.4,200,3.06
2017,7,20,13,29.0,78,4.6,230,3.12
2017,7,20,14,29.2,79,4.8,200,2.69
2017,7,20,15,28.7,82,5.4,200,1.99
2017,7,20,16,28.5,81,4.0,230,1.77
2017,7,20,17,28.5,80,4.5,200,1.36
2017,7,20,18,27.7,79,4.4,200,0.89
2017,7,21,8,25.1,96,1.5,230,0.67
2017,7,21,9,27.3,86,3.8,200,1.65
2017,7,21,10,28.6,80,2.1,180,2.16
2017,7,21,11,28.7,78,3.9,200,2.71
2017,7,21,12,30.2,68,4.0,200,2.75
2017,7,21,13,30.6,68,4.3,200,3.26
2017,7,21,14,30.2,76,5.3,180,2.88
2017,7,21,15,29.7,79,5.0,180,2.65
2017,7,21,16,29.8,77,3.9,180,2.26
2017,7,21,17,29.8,74,3.9,200,1.85
2017,7,21,18,30.8,67,5.0,230,1.03
2017,7,22,8,30.8,70,2.3,320,1.00
2017,7,22,9,32.4,63,1.8,200,1.63
2017,7,22,10,31.2,67,2.2,230,2.33
2017,7,22,11,29.5,77,2.2,230,2.35
2017,7,22,12,30.4,73,3.4,200,2.85
2017,7,22,13,30.7,71,3.4,200,2.81
2017,7,22,14,29.1,73,4.1,200,2.63
2017,7,22,15,30.3,68,3.1,200,2.66
2017,7,22,16,29.8,67,3.5,200,2.21
2017,7,22,17,28.6,72,3.1,180,1.33
2017,7,22,18,26.3,82,1.6,90,0.27
2017,7,23,8,26.5,86,4.1,200,0.98
2017,7,23,9,27.7,81,2.7,200,1.03
2017,7,23,10,29.2,76,3.2,200,1.81
2017,7,23,11,30.0,73,3.0,200,2.40
2017,7,23,12,30.2,71,4.3,200,2.54
2017,7,23,13,30.7,71,4.0,200,2.48
2017,7,23,14,29.0,73,3.3,200,2.42
2017,7,23,15,29.3,74,2.8,230,1.60
2017,7,23,16,29.5,71,4.5,230,0.73
2017,7,23,17,29.3,72,2.1,180,0.74
2017,7,23,18,26.9,81,2.6,230,6.00
2017,7,24,8,26.9,83,0.1,0,0.48
2017,7,24,9,28.6,74,0.7,140,1.25
2017,7,24,10,30.2,70,1.2,110,2.03
2017,7,24,11,29.9,69,0.8,50,2.34
2017,7,24,12,29.6,71,2.0,110,2.81
2017,7,24,13,29.4,74,3.6,200,2.58
2017,7,24,14,30.4,72,2.4,200,2.93
2017,7,24,15,28.9,76,3.3,200,2.48
2017,7,24,16,28.5,79,1.7,200,1.10
2017,7,24,17,27.0,90,7.5,360,0.11
2017,7,24,18,27.0,89,2.6,90,0.00
2017,7,25,8,27.2,85,4.2,270,0.70
2017,7,25,9,28.5,79,2.9,270,0.83
2017,7,25,10,29.1,77,1.4,320,0.69
2017,7,25,11,26.2,86,2.7,110,0.97
2017,7,25,12,25.9,84,2.4,90,0.77
2017,7,25,13,26.1,85,1.3,90,0.77
2017,7,25,14,27.0,81,1.6,70,0.71
2017,7,25,15,27.3,80,3.2,50,0.56
2017,7,25,16,26.0,91,3.3,70,0.28
2017,7,25,17,25.7,86,4.4,70,0.27
2017,7,25,18,25.3,86,2.7,50,0.17
2017,7,26,8,26.1,70,3.6,50,0.79
2017,7,26,9,26.8,67,3.7,50,1.05
2017,7,26,10,28.5,61,3.2,70,2.28
2017,7,26,11,29.4,58,2.8,70,2.99
2017,7,26,12,29.4,57,2.6,70,3.30
2017,7,26,13,30.0,44,3.9,70,3.29
2017,7,26,14,30.6,44,2.6,70,3.17
2017,7,26,15,30.0,44,3.8,90,2.84
2017,7,26,16,29.7,47,2.0,90,2.39
2017,7,26,17,28.4,50,3.0,90,1.82
2017,7,26,18,27.3,59,2.2,70,1.12
2017,7,27,8,25.6,65,1.6,50,1.07
2017,7,27,9,26.9,61,1.3,70,1.69
2017,7,27,10,27.9,58,3.0,110,2.37
2017,7,27,11,28.7,58,4.0,110,2.88
2017,7,27,12,28.5,59,3.2,110,3.19
2017,7,27,13,28.9,56,4.1,110,3.28
2017,7,27,14,29.1,52,3.7,140,3.18
2017,7,27,15,28.5,58,4.0,110,2.83
2017,7,27,16,27.7,63,4.0,110,2.36
2017,7,27,17,27.5,59,3.8,140,1.80
2017,7,27,18,26.9,64,2.7,110,1.10
2017,7,28,8,26.5,64,0.7,320,0.85
2017,7,28,9,28.4,55,1.8,250,1.73
2017,7,28,10,28.9,65,3.7,200,2.25
2017,7,28,11,29.1,60,3.8,200,2.70
2017,7,28,12,29.1,65,4.2,200,2.85
2017,7,28,13,29.2,65,4.7,200,2.79
2017,7,28,14,29.4,64,4.5,200,2.90
2017,7,28,15,29.5,64,4.3,200,2.70
2017,7,28,16,29.0,60,4.4,200,2.04
2017,7,28,17,29.1,59,3.4,200,1.54
2017,7,28,18,28.3,58,2.6,200,0.79
2017,7,29,8,26.1,83,2.6,90,0.38
2017,7,29,9,26.0,80,2.4,70,0.56
2017,7,29,10,27.0,75,2.6,90,1.51
2017,7,29,11,27.7,73,2.8,90,1.88
2017,7,29,12,28.4,69,2.7,110,2.20
2017,7,29,13,28.0,71,2.9,110,2.48
2017,7,29,14,27.3,73,3.9,110,1.45
2017,7,29,15,27.4,73,3.3,110,2.07
2017,7,29,16,26.0,77,3.0,90,0.86
2017,7,29,17,25.5,78,2.6,90,0.75
2017,7,29,18,25.0,78,3.0,90,0.21
2017,7,30,8,25.3,76,1.4,70,0.33
2017,7,30,9,25.9,74,1.8,70,0.59
2017,7,30,10,27.4,69,2.0,90,1.32
2017,7,30,11,29.4,64,2.9,110,2.72
2017,7,30,12,30.0,66,3.4,140,3.09
2017,7,30,13,29.6,68,3.2,140,2.77
2017,7,30,14,29.8,66,3.5,140,3.07
2017,7,30,15,29.7,68,2.6,110,2.68
2017,7,30,16,29.8,65,2.2,160,2.14
2017,7,30,17,28.9,70,2.4,160,1.55
2017,7,30,18,27.9,75,2.3,110,0.81
2017,7,31,8,27.4,79,0.9,70,0.58
2017,7,31,9,28.3,76,1.7,90,0.80
2017,7,31,10,29.5,72,2.5,110,1.65
2017,7,31,11,29.5,68,2.5,110,1.46
2017,7,31,12,30.1,69,4.2,110,2.05
2017,7,31,13,29.5,72,3.3,110,2.34
2017,7,31,14,29.2,71,3.3,110,1.98
2017,7,31,15,29.7,67,3.7,110,2.21
2017,7,31,16,28.7,71,3.3,110,1.43
2017,7,31,17,28.6,74,3.0,110,1.27
2017,7,31,18,27.7,77,2.2,90,0.51
2017,8,1,8,27.4,79,2.4,50,0.87
2017,8,1,9,29.4,73,1.8,50,1.57
2017,8,1,10,30.6,69,2.1,110,2.16
2017,8,1,11,30.8,70,3.7,110,2.07
2017,8,1,12,30.1,71,2.4,90,3.03
2017,8,1,13,31.5,65,2.5,140,3.16
2017,8,1,14,30.2,74,3.9,110,3.02
2017,8,1,15,29.3,76,3.5,110,2.38
2017,8,1,16,28.7,75,3.4,110,0.97
2017,8,1,17,28.4,76,2.9,90,1.29
2017,8,1,18,27.8,78,2.6,90,0.54
2017,8,2,8,26.2,76,2.2,70,0.40
2017,8,2,9,27.1,73,2.1,50,0.62
2017,8,2,10,28.4,70,2.3,50,1.24
2017,8,2,11,28.9,69,2.8,50,1.85
2017,8,2,12,28.3,69,2.8,50,1.11
2017,8,2,13,29.3,65,2.1,90,1.34
2017,8,2,14,30.5,63,3.7,110,2.77
2017,8,2,15,30.1,64,3.3,110,2.83
2017,8,2,16,30.0,62,2.7,90,2.30
2017,8,2,17,28.8,68,3.4,90,1.69
2017,8,2,18,28.1,70,3.0,70,1.04
2017,8,3,8,27.6,70,2.7,50,1.01
2017,8,3,9,29.4,64,2.5,70,1.76
2017,8,3,10,30.3,66,2.5,90,2.43
2017,8,3,11,30.5,64,3.7,90,2.97
2017,8,3,12,30.9,61,4.0,110,3.32
2017,8,3,13,31.0,59,4.2,110,3.32
2017,8,3,14,31.0,62,4.1,90,3.11
2017,8,3,15,31.4,62,3.3,110,2.80
2017,8,3,16,31.0,64,3.4,110,2.21
2017,8,3,17,30.3,67,3.6,90,1.78
2017,8,3,18,29.1,71,3.4,90,1.07
2017,8,4,8,29.2,68,2.2,50,1.01
2017,8,4,9,30.4,65,2.3,110,1.71
2017,8,4,10,31.6,59,3.5,90,2.36
2017,8,4,11,32.8,57,3.1,110,2.85
2017,8,4,12,33.6,56,2.5,110,3.27
2017,8,4,13,33.3,57,4.2,140,3.33
2017,8,4,14,33.4,60,2.6,110,3.12
2017,8,4,15,33.3,61,3.2,110,2.72
2017,8,4,16,33.3,58,3.1,90,2.29
2017,8,4,17,33.0,60,3.4,90,1.80
2017,8,4,18,31.6,64,2.8,90,1.12
2017,8,5,8,30.6,64,3.1,50,1.04
2017,8,5,9,32.0,63,2.3,110,1.72
2017,8,5,10,33.6,56,2.4,90,2.30
2017,8,5,11,33.2,57,3.0,110,2.83
2017,8,5,12,33.8,53,3.1,90,3.18
2017,8,5,13,35.2,51,2.2,70,3.31
2017,8,5,14,34.2,55,4.7,110,3.20
2017,8,5,15,34.4,53,3.1,110,2.71
2017,8,5,16,33.8,54,3.9,110,2.30
2017,8,5,17,33.3,55,2.6,70,1.76
2017,8,5,18,32.3,62,2.5,70,1.08
2017,8,6,8,31.0,61,2.7,70,1.02
2017,8,6,9,32.5,56,3.3,70,1.72
2017,8,6,10,33.7,50,3.5,70,2.35
2017,8,6,11,34.9,46,2.3,70,2.87
2017,8,6,12,35.5,43,2.5,70,3.24
2017,8,6,13,35.4,42,3.5,90,3.34
2017,8,6,14,36.1,39,2.4,90,3.23
2017,8,6,15,35.8,50,2.9,110,2.87
2017,8,6,16,34.1,63,2.4,90,2.30
2017,8,6,17,33.6,55,3.3,90,1.76
2017,8,6,18,32.8,56,2.9,90,1.09
2017,8,7,8,30.9,59,1.8,290,0.96
2017,8,7,9,32.0,58,1.6,340,1.63
2017,8,7,10,33.7,54,3.9,290,2.41
2017,8,7,11,34.3,52,3.4,290,2.28
2017,8,7,12,33.1,60,4.8,160,2.46
2017,8,7,13,34.4,56,3.1,180,2.58
2017,8,7,14,31.6,73,3.7,110,1.57
2017,8,7,15,32.3,71,2.7,110,2.30
2017,8,7,16,31.7,72,2.6,70,2.06
2017,8,7,17,29.6,73,2.7,70,0.72
2017,8,7,18,28.9,79,2.8,90,0.31
2017,8,8,8,29.5,57,3.4,270,0.88
2017,8,8,9,30.5,57,1.6,290,1.43
2017,8,8,10,31.8,53,3.7,250,1.64
2017,8,8,11,32.4,52,3.3,250,2.29
2017,8,8,12,32.7,50,5.5,200,3.04
2017,8,8,13,31.7,63,5.2,200,2.74
2017,8,8,14,33.5,53,3.5,250,2.22
2017,8,8,15,32.6,55,4.4,200,1.74
2017,8,8,16,31.4,62,4.4,250,0.85
2017,8,8,17,31.1,66,3.7,230,0.54
2017,8,8,18,30.8,67,5.1,250,0.72
2017,8,9,8,27.0,88,5.1,200,0.21
2017,8,9,9,25.8,95,2.3,270,0.13
2017,8,9,10,27.0,89,1.2,110,0.76
2017,8,9,11,26.6,91,1.3,110,0.49
2017,8,9,12,26.8,89,1.2,140,0.48
2017,8,9,13,26.8,94,1.4,70,0.48
2017,8,9,14,28.4,88,1.7,110,1.82
2017,8,9,15,28.6,81,1.8,110,1.32
2017,8,9,16,27.5,90,3.5,200,0.65
2017,8,9,17,27.2,92,1.8,200,0.43
2017,8,9,18,27.4,90,0.3,0,0.48
2017,8,10,8,27.5,83,0.6,110,0.43
2017,8,10,9,27.6,83,2.9,200,0.42
2017,8,10,10,28.5,80,2.3,230,0.87
2017,8,10,11,30.3,68,1.6,320,1.86
2017,8,10,12,30.7,70,2.3,360,2.34
2017,8,10,13,30.9,71,1.6,340,2.38
2017,8,10,14,30.9,70,3.4,270,1.50
2017,8,10,15,32.4,61,3.3,270,1.91
2017,8,10,16,31.0,69,4.6,200,1.81
2017,8,10,17,31.0,70,1.6,340,1.33
2017,8,10,18,29.2,75,2.3,90,6.00
2017,8,11,8,27.6,67,2.7,50,0.97
2017,8,11,9,29.1,62,2.7,70,1.65
2017,8,11,10,29.5,64,2.8,110,1.98
2017,8,11,11,28.4,72,3.2,140,0.95
2017,8,11,12,29.0,70,3.6,140,1.55
2017,8,11,13,29.0,68,3.9,110,2.06
2017,8,11,14,29.2,69,4.2,140,1.71
2017,8,11,15,28.7,71,4.5,110,2.39
2017,8,11,16,28.5,70,4.5,110,1.74
2017,8,11,17,27.8,68,2.6,90,1.22
2017,8,11,18,27.0,70,2.8,70,0.11
2017,8,12,8,26.3,68,3.7,50,0.97
2017,8,12,9,27.8,60,2.3,20,1.68
2017,8,12,10,28.9,58,1.7,70,2.18
2017,8,12,11,30.0,57,1.6,70,2.25
2017,8,12,12,29.8,61,2.9,110,2.36
2017,8,12,13,29.3,61,2.8,90,1.69
2017,8,12,14,28.5,63,2.5,90,1.67
2017,8,12,15,30.7,63.5,2.9,140,1.80
2017,8,12,16,30.3,65.7,3.3,90,1.72
2017,8,12,17,29.3,66.5,2.8,70,1.37
2017,8,12,18,26.4,69,3.3,70,0.38
2017,8,13,8,25.3,70,2.0,50,0.59
2017,8,13,9,25.8,69,3.1,50,0.85
2017,8,13,10,26.1,67,3.5,70,0.78
2017,8,13,11,26.8,64,3.7,70,1.22
2017,8,13,12,27.6,63,2.4,70,1.44
2017,8,13,13,28.7,60,3.9,90,2.54
2017,8,13,14,28.3,62,3.0,90,2.41
2017,8,13,15,27.2,67,2.5,70,0.95
2017,8,13,16,26.7,69,2.6,90,0.58
2017,8,13,17,26.3,72,1.7,70,0.30
2017,8,13,18,25.8,72,2.4,70,0.22
2017,8,14,8,24.0,87,3.6,50,0.08
2017,8,14,9,24.1,92,2.9,70,0.17
2017,8,14,10,23.9,94,3.6,70,0.18
2017,8,14,11,23.9,94,3.1,50,0.24
2017,8,14,12,24.0,94,3.6,90,0.23
2017,8,14,13,23.4,93,3.2,70,0.33
2017,8,14,14,23.5,95,3.4,50,0.37
2017,8,14,15,23.9,94,3.6,50,0.52
2017,8,14,16,24.0,92,4.0,50,0.47
2017,8,14,17,23.7,93,3.6,50,0.24
2017,8,14,18,23.4,91,3.6,50,0.16
2017,8,15,8,23.6,91,3.1,50,0.34
2017,8,15,9,23.9,89,2.1,50,0.39
2017,8,15,10,25.0,86,2.3,50,0.65
2017,8,15,11,26.1,80,1.8,90,0.85
2017,8,15,12,27.1,76,1.4,90,1.06
2017,8,15,13,27.4,76,3.2,110,1.06
2017,8,15,14,26.7,81,2.6,110,0.84
2017,8,15,15,26.4,83,2.0,110,0.35
2017,8,15,16,27.0,81,2.0,90,0.79
2017,8,15,17,26.7,80,2.7,110,0.68
2017,8,15,18,26.3,81,2.9,110,0.60
2017,8,16,8,26.1,83,2.0,70,0.34
2017,8,16,9,26.6,84,1.8,110,0.55
2017,8,16,10,26.8,84,1.5,110,0.69
2017,8,16,11,27.2,82,1.6,160,0.85
2017,8,16,12,27.3,82,1.3,340,0.50
2017,8,16,13,26.8,89,2.8,200,0.57
2017,8,16,14,26.3,92,2.0,200,0.42
2017,8,16,15,25.8,94,1.7,340,6.00
2017,8,16,16,26.7,88,2.6,90,0.98
2017,8,16,17,26.4,87,2.3,140,0.36
2017,8,16,18,26.2,87,3.1,110,0.27
2017,8,17,8,26.3,76,1.6,90,0.93
2017,8,17,9,26.9,76,2.1,90,1.34
2017,8,17,10,27.6,73,2.5,140,1.23
2017,8,17,11,27.1,76,2.9,110,1.30
2017,8,17,12,28.4,74,2.4,110,1.32
2017,8,17,13,28.5,72,1.7,90,1.66
2017,8,17,14,28.0,75,4.1,110,2.05
2017,8,17,15,28.1,75,3.4,110,1.52
2017,8,17,16,27.4,75,3.6,110,1.22
2017,8,17,17,27.1,78,3.6,140,1.26
2017,8,17,18,26.1,80,2.8,110,0.37
2017,8,18,8,25.4,77,1.5,70,0.50
2017,8,18,9,26.0,75,1.2,90,0.69
2017,8,18,10,27.3,73,1.6,110,1.20
2017,8,18,11,28.0,73,2.5,140,1.88
2017,8,18,12,28.2,74,2.1,160,2.30
2017,8,18,13,27.7,77,3.6,110,1.39
2017,8,18,14,27.2,78,2.7,110,0.71
2017,8,18,15,27.0,79,2.3,110,0.62
2017,8,18,16,26.9,79,2.6,110,0.60
2017,8,18,17,26.7,80,2.5,110,0.52
2017,8,18,18,26.5,81,2.4,90,0.42
2017,8,19,8,26.3,75,1.9,70,0.78
2017,8,19,9,27.2,72,1.7,90,1.23
2017,8,19,10,27.9,74,3.4,110,1.23
2017,8,19,11,27.8,75,3.5,110,1.92
2017,8,19,12,27.8,75,4.1,110,1.33
2017,8,19,13,28.5,76,4.5,140,2.20
2017,8,19,14,28.3,75,3.3,110,1.91
2017,8,19,15,27.8,78,3.2,110,1.68
2017,8,19,16,27.6,75,3.0,110,1.18
2017,8,19,17,26.9,78,3.1,110,0.74
2017,8,19,18,26.6,79,1.7,90,0.37
2017,8,20,8,25.1,91,2.1,70,0.19
2017,8,20,9,26.1,83,2.7,70,0.77
2017,8,20,10,26.8,79,2.0,90,0.83
2017,8,20,11,27.5,76,2.2,70,0.99
2017,8,20,12,27.7,79,1.7,70,1.49
2017,8,20,13,27.8,77,2.3,90,1.34
2017,8,20,14,28.6,77,2.6,110,1.42
2017,8,20,15,28.2,78,3.1,110,1.63
2017,8,20,16,28.3,77,3.9,110,1.39
2017,8,20,17,28.1,77,2.4,110,1.09
2017,8,20,18,27.4,81,2.7,90,0.59
2017,8,21,8,27.5,85,3.6,180,0.46
2017,8,21,9,28.9,82,3.7,200,1.24
2017,8,21,10,28.8,83,3.8,200,1.19
2017,8,21,11,28.6,83,5.3,200,1.19
2017,8,21,12,28.9,77,6.3,200,1.30
2017,8,21,13,29.1,76,6.9,230,1.27
2017,8,21,14,28.6,80,7.2,200,1.01
2017,8,21,15,28.3,83,6.4,200,0.78
2017,8,21,16,27.8,80,6.4,230,0.71
2017,8,21,17,27.8,76,6.4,230,0.61
2017,8,21,18,27.3,81,3.9,250,0.38
2017,8,22,8,27.8,80,3.9,230,0.68
2017,8,22,9,28.3,81,2.7,200,0.63
2017,8,22,10,27.9,87,5.4,200,1.18
2017,8,22,11,25.8,93,5.9,270,1.03
2017,8,22,12,26.3,92,4.3,200,0.80
2017,8,22,13,28.3,82,3.9,200,1.49
2017,8,22,14,27.6,89,5.8,250,1.24
2017,8,22,15,27.8,87,6.6,230,0.82
2017,8,22,16,27.0,90,6.2,250,0.72
2017,8,22,17,25.8,95,5.1,270,0.60
2017,8,22,18,26.6,91,5.4,250,0.81
2017,8,23,8,28.3,81,2.9,270,0.65
2017,8,23,9,29.7,77,3.4,250,1.29
2017,8,23,10,30.7,77,6.0,200,2.25
2017,8,23,11,31.3,75,6.1,230,2.92
2017,8,23,12,30.4,81,5.4,230,1.93
2017,8,23,13,30.8,80,6.2,230,2.34
2017,8,23,14,31.1,78,6.3,200,2.11
2017,8,23,15,31.4,76,6.1,230,2.39
2017,8,23,16,30.8,75,7.1,230,1.98
2017,8,23,17,30.3,76,8.1,230,1.18
2017,8,23,18,29.3,81,6.5,230,0.77
2017,8,24,8,28.2,83,4.5,230,0.38
2017,8,24,9,28.3,86,7.3,270,0.87
2017,8,24,10,29.9,75,7.2,270,1.81
2017,8,24,11,31.1,68,6.1,250,2.30
2017,8,24,12,32.2,65,7.0,230,2.81
2017,8,24,13,32.3,63,7.8,230,3.14
2017,8,24,14,32.6,61,8.2,230,2.89
2017,8,24,15,31.4,66,9.1,230,2.10
2017,8,24,16,31.6,64,7.4,230,1.91
2017,8,24,17,30.6,68,7.1,230,1.32
2017,8,24,18,29.9,71,6.3,230,0.40
2017,8,25,8,28.8,80,3.6,270,0.78
2017,8,25,9,27.8,77,3.1,360,0.82
2017,8,25,10,28.7,71,1.5,90,1.54
2017,8,25,11,28.9,75,2.6,110,1.65
2017,8,25,12,27.0,80,2.1,90,0.88
2017,8,25,13,27.2,79,1.2,70,0.53
2017,8,25,14,29.0,73,1.9,110,2.02
2017,8,25,15,28.9,67,2.7,110,2.57
2017,8,25,16,28.6,65,2.1,110,1.73
2017,8,25,17,27.9,74,2.5,200,1.27
2017,8,25,18,26.5,79,2.4,200,0.59
2017,8,26,8,24.9,49,2.5,320,0.85
2017,8,26,9,26.2,46,2.9,320,1.52
2017,8,26,10,27.1,43,3.3,320,2.27
2017,8,26,11,28.5,38,2.6,360,2.59
2017,8,26,12,29.4,34,1.8,140,2.99
2017,8,26,13,28.9,45,2.6,110,3.09
2017,8,26,14,29.3,32,3.9,140,2.86
2017,8,26,15,28.8,37,3.7,110,2.67
2017,8,26,16,28.1,36,2.2,110,1.89
2017,8,26,17,27.4,35,2.2,90,0.94
2017,8,26,18,26.6,36,1.8,110,0.77
2017,8,27,8,25.5,58,2.2,50,0.81
2017,8,27,9,27.0,57,2.0,70,1.53
2017,8,27,10,27.9,49,2.8,90,2.17
2017,8,27,11,28.7,36,3.1,110,2.66
2017,8,27,12,29.0,38,2.4,90,3.08
2017,8,27,13,29.0,36,3.9,110,3.15
2017,8,27,14,28.3,41,4.8,110,2.97
2017,8,27,15,28.4,43,4.2,110,2.71
2017,8,27,16,28.2,47,2.3,110,2.09
2017,8,27,17,27.4,50,2.3,110,1.50
2017,8,27,18,26.0,57,2.6,110,0.74
2017,8,28,8,24.9,64,2.6,270,0.69
2017,8,28,9,26.5,62,3.1,270,1.33
2017,8,28,10,28.0,55,4.2,250,2.10
2017,8,28,11,29.0,57,4.0,270,2.58
2017,8,28,12,29.4,59,3.8,200,2.58
2017,8,28,13,28.6,60,5.3,200,2.10
2017,8,28,14,28.9,61,6.3,200,2.84
2017,8,28,15,28.4,62,7.2,200,2.47
2017,8,28,16,28.8,62,5.4,200,1.88
2017,8,28,17,28.7,62,5.7,230,1.31
2017,8,28,18,27.9,67,4.0,250,0.55
2017,8,29,8,28.1,75,1.7,320,0.62
2017,8,29,9,28.5,74,1.5,360,0.83
2017,8,29,10,26.0,81,3.2,110,0.61
2017,8,29,11,26.7,75,1.6,110,1.15
2017,8,29,12,27.1,70,2.7,110,1.95
2017,8,29,13,27.9,63,2.7,90,2.18
2017,8,29,14,28.0,63,3.8,110,2.77
2017,8,29,15,26.7,68,5.0,110,2.50
2017,8,29,16,26.7,64,2.8,110,1.93
2017,8,29,17,26.2,61,2.9,90,1.37
2017,8,29,18,25.3,59,2.6,90,0.70
2017,8,30,8,22.9,73,1.5,20,0.12
2017,8,30,9,23.0,68,1.6,340,0.29
2017,8,30,10,25.6,58,1.0,20,1.26
2017,8,30,11,26.1,60,2.7,340,1.69
2017,8,30,12,27.0,56,2.5,340,1.99
2017,8,30,13,28.1,47,2.3,140,2.26
2017,8,30,14,27.9,41,1.5,360,2.37
2017,8,30,15,27.0,63,3.7,140,2.08
2017,8,30,16,26.2,64,3.7,140,1.84
2017,8,30,17,25.1,66,2.6,140,0.84
2017,8,30,18,24.4,67,2.5,110,0.46
2017,8,31,8,23.0,50,3.3,50,0.72
2017,8,31,9,25.0,49,1.7,50,1.44
2017,8,31,10,27.1,41,2.8,50,2.19
2017,8,31,11,28.0,39,2.7,90,2.66
2017,8,31,12,28.4,45,2.4,90,2.71
2017,8,31,13,27.1,49,5.1,90,2.80
2017,8,31,14,26.9,53,4.5,90,2.44
2017,8,31,15,27.0,50,3.5,70,2.34
2017,8,31,16,25.4,47,3.7,90,1.56
2017,8,31,17,25.2,49,3.3,70,0.98
2017,8,31,18,24.3,52,3.1,50,0.58
2017,9,1,8,21.8,69,3.3,50,0.12
2017,9,1,9,22.7,63,3.2,50,0.56
2017,9,1,10,24.0,57,3.9,50,1.13
2017,9,1,11,24.6,50,4.4,50,1.75
2017,9,1,12,27.1,41,4.0,50,2.45
2017,9,1,13,28.4,41,2.4,70,3.13
2017,9,1,14,27.0,49,3.9,70,2.74
2017,9,1,15,26.3,51,4.1,90,2.60
2017,9,1,16,25.8,51,3.2,70,2.01
2017,9,1,17,25.1,53,3.1,70,1.34
2017,9,1,18,23.3,58,3.1,70,0.66
2017,9,2,8,22.4,61,4.0,50,0.71
2017,9,2,9,24.1,58,3.1,50,1.47
2017,9,2,10,26.2,47,3.8,50,2.11
2017,9,2,11,26.0,48,4.2,50,2.02
2017,9,2,12,26.6,45,2.9,70,2.33
2017,9,2,13,27.0,42,2.9,70,1.95
2017,9,2,14,26.0,48,3.0,70,1.42
2017,9,2,15,25.3,53,2.6,70,1.34
2017,9,2,16,25.2,51,2.3,70,1.30
2017,9,2,17,24.6,53,3.2,70,0.77
2017,9,2,18,23.6,54,2.8,50,0.30
2017,9,3,8,22.8,62,3.2,50,0.71
2017,9,3,9,24.2,57,3.8,50,1.43
2017,9,3,10,25.8,52,2.3,70,1.87
2017,9,3,11,25.2,53,2.7,50,1.52
2017,9,3,12,27.3,48,3.4,90,3.16
2017,9,3,13,27.2,47,3.5,90,2.93
2017,9,3,14,26.9,49,4.2,110,3.01
2017,9,3,15,26.4,55,4.1,90,2.52
2017,9,3,16,26.0,56,4.2,90,1.86
2017,9,3,17,25.1,59,3.4,70,1.35
2017,9,3,18,23.7,64,3.9,50,0.54
2017,9,4,8,22.0,71,2.9,50,0.01
2017,9,4,9,22.4,71,3.0,50,0.14
2017,9,4,10,23.6,68,2.6,50,0.41
2017,9,4,11,25.1,65,3.0,70,1.05
2017,9,4,12,26.4,58,4.1,70,1.64
2017,9,4,13,27.5,56,2.8,70,2.16
2017,9,4,14,27.3,58,3.5,70,2.20
2017,9,4,15,26.3,62,3.6,90,1.81
2017,9,4,16,26.0,62,3.1,90,1.21
2017,9,4,17,25.3,62,2.8,70,0.49
2017,9,4,18,24.5,63,3.6,50,0.13
2017,9,5,8,23.7,72,3.6,50,0.27
2017,9,5,9,24.3,73,2.9,50,0.52
2017,9,5,10,24.9,73,2.8,90,0.55
2017,9,5,11,24.9,76,2.5,90,0.40
2017,9,5,12,24.9,78,1.5,70,0.57
2017,9,5,13,26.3,72,1.5,70,1.06
2017,9,5,14,26.1,74,2.2,90,0.86
2017,9,5,15,25.7,74,2.3,90,0.41
2017,9,5,16,25.4,74,1.4,50,0.42
2017,9,5,17,24.9,76,2.6,50,0.16
2017,9,5,18,24.3,80,1.9,50,0.01
2017,9,6,8,22.3,96,0.0,0,0.01
2017,9,6,9,22.8,96,0.9,270,0.06
2017,9,6,10,23.6,94,1.0,270,0.40
2017,9,6,11,23.5,92,1.9,340,0.54
2017,9,6,12,23.7,87,1.9,320,0.50
2017,9,6,13,24.9,81,1.1,340,0.97
2017,9,6,14,25.4,80,2.3,270,0.81
2017,9,6,15,25.0,84,3.0,270,0.37
2017,9,6,16,24.1,87,3.0,250,0.13
2017,9,6,17,23.0,95,1.3,290,0.00
2017,9,6,18,23.0,96,0.0,0,0.00
2017,9,7,8,19.7,97,0.7,20,0.10
2017,9,7,9,19.3,95,3.0,340,0.31
2017,9,7,10,20.0,93,1.9,340,0.47
2017,9,7,11,21.9,81,0.8,50,1.08
2017,9,7,12,21.8,82,3.0,340,0.92
2017,9,7,13,22.4,82,2.1,20,0.95
2017,9,7,14,23.3,77,1.9,320,1.25
2017,9,7,15,23.9,74,1.8,320,1.24
2017,9,7,16,23.7,76,2.4,320,0.94
2017,9,7,17,24.2,71,1.6,290,0.76
2017,9,7,18,23.9,74,2.7,180,0.70
2017,9,8,8,22.4,72,1.9,270,0.71
2017,9,8,9,24.3,63,1.4,180,1.44
2017,9,8,10,25.8,60,1.7,270,2.15
2017,9,8,11,26.5,60,3.0,320,2.63
2017,9,8,12,27.9,55,3.2,320,2.99
2017,9,8,13,28.5,56,2.3,110,3.02
2017,9,8,14,28.7,56,3.0,160,2.71
2017,9,8,15,28.0,56,3.3,230,2.37
2017,9,8,16,27.5,55,2.1,160,1.74
2017,9,8,17,26.7,58,1.8,160,1.02
2017,9,8,18,25.5,60,1.6,200,0.30
2017,9,9,8,23.4,73,1.0,90,0.44
2017,9,9,9,25.3,64,0.5,90,1.12
2017,9,9,10,26.8,59,1.9,180,1.53
2017,9,9,11,28.4,56,2.5,180,2.10
2017,9,9,12,29.4,57,3.0,200,2.50
2017,9,9,13,28.9,61,4.2,200,2.65
2017,9,9,14,27.5,62,3.6,200,2.22
2017,9,9,15,27.3,63,3.6,180,1.74
2017,9,9,16,27.1,64,3.7,200,1.30
2017,9,9,17,25.9,68,3.8,230,0.82
2017,9,9,18,25.4,70,3.1,200,0.41
2017,9,10,8,23.2,74,0.7,90,0.33
2017,9,10,9,25.5,70,1.5,110,1.23
2017,9,10,10,26.8,67,2.1,110,1.62
2017,9,10,11,27.6,65,3.3,140,1.96
2017,9,10,12,27.2,68,2.7,110,2.40
2017,9,10,13,28.0,65,4.5,110,2.60
2017,9,10,14,27.7,63,3.9,110,2.35
2017,9,10,15,27.5,58,3.1,110,2.23
2017,9,10,16,27.2,50,2.8,90,1.83
2017,9,10,17,25.3,67,2.9,110,0.42
2017,9,10,18,24.8,65,2.1,70,0.06
2017,9,11,8,23.6,97,6.6,250,0.00
2017,9,11,9,23.3,97,2.3,250,0.00
2017,9,11,10,23.2,97,1.2,110,0.01
2017,9,11,11,23.2,97,0.8,140,0.01
2017,9,11,12,23.3,97,3.6,270,0.18
2017,9,11,13,24.8,97,4.1,290,1.24
2017,9,11,14,25.1,90,2.9,290,1.93
2017,9,11,15,23.6,95,2.7,320,0.57
2017,9,11,16,23.3,94,3.7,360,0.61
2017,9,11,17,22.6,92,3.5,340,0.28
2017,9,11,18,22.3,92,3.7,340,0.03
2017,9,12,8,23.2,68,1.6,160,0.62
2017,9,12,9,23.9,68,2.8,320,1.58
2017,9,12,10,25.1,65,3.4,290,2.17
2017,9,12,11,26.1,61,4.0,290,2.64
2017,9,12,12,27.7,58,1.5,110,3.04
2017,9,12,13,28.4,56,1.9,110,3.02
2017,9,12,14,27.8,59,3.8,180,2.94
2017,9,12,15,27.4,58,3.9,200,2.53
2017,9,12,16,26.4,64,2.2,200,1.58
2017,9,12,17,25.5,70,3.1,230,1.09
2017,9,12,18,24.4,69,2.2,180,0.47
2017,9,13,8,21.7,45,1.6,320,0.68
2017,9,13,9,22.1,46,5.4,340,1.44
2017,9,13,10,24.0,42,2.9,340,2.07
2017,9,13,11,26.2,37,1.3,50,2.54
2017,9,13,12,27.6,39,3.2,160,2.95
2017,9,13,13,27.0,42,3.7,200,2.98
2017,9,13,14,27.1,39,3.2,110,2.87
2017,9,13,15,27.3,37,3.8,140,2.50
2017,9,13,16,25.6,43,4.6,110,1.94
2017,9,13,17,24.6,52,3.7,110,1.19
2017,9,13,18,23.6,57,1.8,70,0.46
2017,9,14,8,22.5,66,3.8,50,0.64
2017,9,14,9,24.7,58,2.7,50,1.40
2017,9,14,10,25.8,56,3.0,90,2.09
2017,9,14,11,27.0,52,2.9,70,2.65
2017,9,14,12,26.8,51,3.8,90,3.00
2017,9,14,13,27.2,50,3.4,90,3.19
2017,9,14,14,26.1,52,4.1,90,2.90
2017,9,14,15,26.5,49,3.3,70,2.50
2017,9,14,16,25.9,48,3.3,70,1.95
2017,9,14,17,24.1,55,4.0,70,0.97
2017,9,14,18,22.9,59,3.7,50,0.21
2017,9,15,8,22.7,59,5.0,50,0.35
2017,9,15,9,23.1,54,5.7,70,0.71
2017,9,15,10,23.9,52,5.1,70,1.09
2017,9,15,11,24.2,48,5.3,70,1.46
2017,9,15,12,23.9,50,6.1,50,1.73
2017,9,15,13,23.5,50,6.3,50,1.57
2017,9,15,14,23.2,53,5.8,70,1.43
2017,9,15,15,23.1,51,6.0,50,1.20
2017,9,15,16,22.7,58,4.7,50,0.73
2017,9,15,17,22.2,56,4.8,50,0.38
2017,9,15,18,21.7,56,5.0,50,0.10
2017,9,16,8,21.9,71,4.0,50,0.09
2017,9,16,9,22.7,67,5.2,50,0.23
2017,9,16,10,22.8,67,5.2,50,0.54
2017,9,16,11,23.4,62,4.3,50,0.68
2017,9,16,12,23.1,64,5.7,50,0.65
2017,9,16,13,23.4,65,4.7,50,0.67
2017,9,16,14,24.3,62,4.8,50,1.00
2017,9,16,15,22.7,74,5.6,50,0.48
2017,9,16,16,22.2,75,4.6,50,0.23
2017,9,16,17,22.8,69,5.2,50,0.14
2017,9,16,18,22.6,68,4.1,50,0.02
2017,9,17,8,21.3,96,2.2,50,0.00
2017,9,17,9,21.5,94,3.8,50,0.05
2017,9,17,10,21.7,95,3.7,50,0.20
2017,9,17,11,21.4,95,3.8,20,0.12
2017,9,17,12,21.9,92,3.6,50,0.42
2017,9,17,13,21.9,90,5.2,50,0.56
2017,9,17,14,23.1,83,5.6,50,0.93
2017,9,17,15,23.2,81,5.5,20,1.72
2017,9,17,16,23.0,79,4.0,50,0.46
2017,9,17,17,22.4,86,3.5,20,0.46
2017,9,17,18,22.1,81,3.4,50,0.20
2017,9,18,8,21.8,71,0.9,250,0.64
2017,9,18,9,24.3,66,2.0,270,1.39
2017,9,18,10,25.1,63,3.8,250,1.99
2017,9,18,11,26.4,58,3.3,230,2.54
2017,9,18,12,25.9,68,5.9,200,2.52
2017,9,18,13,26.6,62,5.1,200,2.89
2017,9,18,14,26.6,63,5.0,200,2.89
2017,9,18,15,26.1,66,5.5,200,2.36
2017,9,18,16,25.4,63,6.0,200,1.81
2017,9,18,17,25.0,64,5.6,230,1.07
2017,9,18,18,24.1,69,4.3,250,0.38
2017,9,19,8,20.8,71,3.3,270,0.33
2017,9,19,9,22.7,69,3.8,250,0.97
2017,9,19,10,24.5,65,4.7,250,1.67
2017,9,19,11,25.1,66,4.3,250,1.76
2017,9,19,12,26.0,62,5.1,250,2.10
2017,9,19,13,26.3,61,4.1,270,2.06
2017,9,19,14,24.7,74,6.8,200,1.33
2017,9,19,15,25.8,68,5.2,230,1.24
2017,9,19,16,25.7,69,5.2,230,1.34
2017,9,19,17,24.9,72,4.1,230,0.36
2017,9,19,18,24.6,72,5.4,230,0.13
2017,9,20,8,23.1,74,3.8,270,0.46
2017,9,20,9,23.3,72,4.3,270,0.56
2017,9,20,10,23.7,72,3.5,250,0.65
2017,9,20,11,24.4,53,5.6,270,1.01
2017,9,20,12,24.3,47,4.4,290,1.04
2017,9,20,13,24.7,40,5.2,270,1.25
2017,9,20,14,25.3,35,4.6,290,1.20
2017,9,20,15,25.9,37,4.3,270,1.48
2017,9,20,16,25.3,37,3.0,290,0.99
2017,9,20,17,24.4,45,2.5,290,0.54
2017,9,20,18,23.1,51,2.1,320,0.19
2017,9,21,8,22.1,59,1.6,50,0.50
2017,9,21,9,23.1,60,2.6,70,1.05
2017,9,21,10,23.8,59,2.8,90,1.61
2017,9,21,11,25.4,56,2.1,90,2.19
2017,9,21,12,24.6,60,3.2,140,1.99
2017,9,21,13,24.9,61,2.2,90,2.01
2017,9,21,14,24.9,63,3.5,110,2.35
2017,9,21,15,24.9,53,3.3,140,1.99
2017,9,21,16,24.1,62,4.2,140,1.67
2017,9,21,17,22.7,66,3.9,110,0.99
2017,9,21,18,22.1,70,2.7,110,0.17
2017,9,22,8,20.8,71,2.5,50,0.24
2017,9,22,9,22.2,67,2.7,50,0.69
2017,9,22,10,23.1,66,2.1,50,1.07
2017,9,22,11,24.2,63,2.4,20,1.41
2017,9,22,12,25.7,58,1.9,110,2.27
2017,9,22,13,26.5,57,2.9,140,2.78
2017,9,22,14,26.1,58,4.0,140,2.42
2017,9,22,15,26.5,57,2.5,160,2.16
2017,9,22,16,25.4,56,3.0,200,1.69
2017,9,22,17,24.1,65,3.0,200,1.00
2017,9,22,18,22.9,75,2.2,200,0.27
2017,9,23,8,20.6,73,0.1,0,0.13
2017,9,23,9,21.4,69,4.8,360,0.60
2017,9,23,10,22.9,62,1.5,360,0.74
2017,9,23,11,25.3,57,2.9,200,1.60
2017,9,23,12,25.2,53,2.9,360,1.46
2017,9,23,13,25.4,49,1.9,320,1.47
2017,9,23,14,25.2,51,2.7,270,1.18
2017,9,23,15,26.5,41,1.3,50,1.46
2017,9,23,16,24.5,62,5.3,200,1.00
2017,9,23,17,24.2,62,2.1,230,0.52
2017,9,23,18,22.8,76,3.6,200,0.17
2017,9,24,8,19.8,74,1.1,90,0.13
2017,9,24,9,22.4,66,0.5,90,0.74
2017,9,24,10,25.7,52,1.6,110,1.65
2017,9,24,11,26.6,47,2.5,110,2.25
2017,9,24,12,27.6,49,3.6,200,2.55
2017,9,24,13,27.3,52,2.9,180,2.63
2017,9,24,14,25.9,63,4.6,230,2.49
2017,9,24,15,26.2,62,3.8,200,2.09
2017,9,24,16,25.4,64,2.7,200,1.52
2017,9,24,17,24.4,75,2.8,180,0.84
2017,9,24,18,23.3,70,1.7,230,0.19
2017,9,25,8,23.2,66,1.2,20,0.36
2017,9,25,9,25.3,61,1.1,250,1.03
2017,9,25,10,26.9,58,1.1,110,1.60
2017,9,25,11,27.8,58,2.9,200,2.01
2017,9,25,12,27.5,62,3.3,110,2.36
2017,9,25,13,27.7,55,3.6,110,2.52
2017,9,25,14,27.8,49,2.9,110,2.47
2017,9,25,15,27.1,50,2.6,90,2.15
2017,9,25,16,25.7,62,2.9,110,1.53
2017,9,25,17,24.6,70,2.8,90,0.75
2017,9,25,18,23.6,77,2.1,70,0.10
2017,9,26,8,23.0,74,2.2,50,0.47
2017,9,26,9,25.1,67,1.8,70,1.17
2017,9,26,10,25.6,61,3.4,90,1.67
2017,9,26,11,26.5,58,2.9,110,2.21
2017,9,26,12,26.4,54,3.6,110,2.61
2017,9,26,13,26.7,58,3.3,110,2.69
2017,9,26,14,26.3,60,3.8,110,2.60
2017,9,26,15,26.1,61,3.2,110,2.31
2017,9,26,16,24.8,66,3.9,110,1.46
2017,9,26,17,23.9,71,3.4,90,1.01
2017,9,26,18,22.8,74,3.1,110,0.33
2017,9,27,8,20.8,96,2.1,70,0.00
2017,9,27,9,20.7,97,2.9,70,0.00
2017,9,27,10,20.7,96,2.7,70,0.13
2017,9,27,11,20.1,95,3.7,50,0.11
2017,9,27,12,19.4,94,4.4,50,0.17
2017,9,27,13,19.5,93,4.8,20,0.14
2017,9,27,14,20.1,91,4.1,20,0.33
2017,9,27,15,20.0,93,4.3,360,0.24
2017,9,27,16,20.2,87,4.2,360,0.26
2017,9,27,17,20.1,88,1.8,340,0.08
2017,9,27,18,20.2,84,3.3,50,0.00
2017,9,28,8,21.1,71,4.0,50,0.36
2017,9,28,9,22.4,68,4.3,50,1.13
2017,9,28,10,22.9,64,3.1,50,1.26
2017,9,28,11,23.6,61,2.3,50,1.90
2017,9,28,12,24.2,58,1.8,50,1.79
2017,9,28,13,24.6,59,4.0,110,2.03
2017,9,28,14,24.3,59,3.8,110,1.88
2017,9,28,15,22.9,62,3.7,110,1.78
2017,9,28,16,22.9,61,2.8,90,1.53
2017,9,28,17,22.1,64,3.6,200,0.61
2017,9,28,18,21.5,68,4.4,200,0.22
2017,9,29,8,16.4,47,1.3,360,0.70
2017,9,29,9,17.5,39,3.5,340,1.43
2017,9,29,10,19.2,38,2.7,360,1.91
2017,9,29,11,21.2,33,1.9,20,2.15
2017,9,29,12,22.1,31,2.1,340,2.49
2017,9,29,13,22.1,40,2.9,90,2.61
2017,9,29,14,21.9,38,3.5,110,2.49
2017,9,29,15,22.0,40,2.6,140,2.17
2017,9,29,16,21.0,42,3.7,180,1.62
2017,9,29,17,19.9,45,2.7,200,0.88
2017,9,29,18,18.9,49,2.9,200,0.16
2017,9,30,8,18.2,49,1.2,140,0.65
2017,9,30,9,20.7,42,1.3,50,1.27
2017,9,30,10,23.1,35,1.1,90,1.73
2017,9,30,11,24.6,33,1.1,160,2.13
2017,9,30,12,25.5,41,2.9,160,2.51
2017,9,30,13,24.3,50,4.1,200,2.54
2017,9,30,14,24.8,45,4.0,200,2.45
2017,9,30,15,23.8,50,5.1,200,2.16
2017,9,30,16,23.7,43,2.9,200,1.58
2017,9,30,17,22.5,45,2.9,200,0.88
2017,9,30,18,21.4,49,3.0,200,0.18
2017,10,1,8,18.5,62,1.3,50,0.11
2017,10,1,9,20.9,61,1.6,50,0.46
2017,10,1,10,21.5,60,1.1,50,0.42
2017,10,1,11,22.7,64,1.3,70,0.67
2017,10,1,12,22.7,65,2.3,200,0.41
2017,10,1,13,22.5,66,2.0,200,0.31
2017,10,1,14,22.7,64,2.6,200,0.49
2017,10,1,15,22.9,64,3.1,160,0.35
2017,10,1,16,23.0,63,3.0,160,0.28
2017,10,1,17,22.8,62,3.0,180,0.00
2017,10,1,18,21.1,82,2.4,160,0.00
2017,10,2,8,20.7,97,1.3,50,0.00
2017,10,2,9,21.1,97,0.0,0,0.00
2017,10,2,10,21.2,97,3.4,340,0.21
2017,10,2,11,21.8,97,2.9,20,0.90
2017,10,2,12,22.2,94,4.4,360,0.82
2017,10,2,13,23.5,88,2.9,290,1.45
2017,10,2,14,23.7,86,2.6,340,1.22
2017,10,2,15,25.5,78,3.4,360,2.39
2017,10,2,16,24.0,80,2.4,360,0.52
2017,10,2,17,23.5,77,3.5,50,0.02
2017,10,2,18,22.6,80,3.3,50,0.00
2017,10,3,8,20.9,67,1.1,110,0.40
2017,10,3,9,22.8,65,2.7,70,1.16
2017,10,3,10,24.5,61,2.6,50,1.73
2017,10,3,11,24.8,62,2.7,50,1.99
2017,10,3,12,23.3,73,2.4,70,1.32
2017,10,3,13,23.8,68,3.0,70,1.53
2017,10,3,14,23.9,63,2.8,70,1.22
2017,10,3,15,23.7,63,3.4,70,2.00
2017,10,3,16,22.3,65,3.8,70,1.51
2017,10,3,17,21.1,71,3.5,70,0.48
2017,10,3,18,20.2,72,3.6,70,0.06
2017,10,4,8,18.5,77,3.3,50,0.20
2017,10,4,9,19.1,74,3.4,50,0.41
2017,10,4,10,20.2,70,3.6,50,1.07
2017,10,4,11,21.0,62,3.4,50,1.29
2017,10,4,12,23.5,54,3.0,70,2.31
2017,10,4,13,21.2,59,3.6,70,1.63
2017,10,4,14,22.2,56,3.9,70,2.11
2017,10,4,15,21.5,54,3.7,70,1.59
2017,10,4,16,20.0,58,4.7,70,0.84
2017,10,4,17,19.2,62,3.7,50,0.23
2017,10,4,18,18.7,63,3.4,50,0.00
2017,10,5,8,19.0,63,4.0,90,0.01
2017,10,5,9,19.1,65,4.0,70,0.06
2017,10,5,10,20.1,60,4.7,70,0.56
2017,10,5,11,21.2,55,4.1,70,1.67
2017,10,5,12,22.1,53,3.3,70,2.09
2017,10,5,13,21.3,57,3.6,70,1.28
2017,10,5,14,20.8,55,4.4,50,1.19
2017,10,5,15,20.0,62,3.2,50,0.41
2017,10,5,16,19.2,62,4.6,50,0.29
2017,10,5,17,18.7,61,3.7,50,0.04
2017,10,5,18,18.3,63,2.7,50,0.00
2017,10,6,8,17.1,95,2.9,50,0.00
2017,10,6,9,17.3,96,3.5,50,0.00
2017,10,6,10,17.7,97,3.8,50,0.08
2017,10,6,11,18.0,96,2.4,50,0.18
2017,10,6,12,18.6,96,1.9,50,0.21
2017,10,6,13,19.5,95,2.0,20,0.44
2017,10,6,14,19.7,95,1.3,320,0.62
2017,10,6,15,20.5,96,2.1,360,0.86
2017,10,6,16,20.6,91,1.5,340,1.48
2017,10,6,17,20.4,91,1.8,340,0.55
2017,10,6,18,20.2,88,1.3,50,0.06
2017,10,7,8,20.6,80,1.5,90,0.36
2017,10,7,9,22.6,75,2.3,50,1.20
2017,10,7,10,23.3,72,1.2,50,1.64
2017,10,7,11,25.2,68,1.5,90,2.33
2017,10,7,12,24.4,72,1.3,180,0.91
2017,10,7,13,23.9,72,1.5,20,0.81
2017,10,7,14,23.8,74,2.4,140,0.69
2017,10,7,15,24.0,74,1.7,90,1.06
2017,10,7,16,23.2,77,2.3,90,0.58
2017,10,7,17,22.4,78,1.9,90,0.20
2017,10,7,18,22.0,80,1.5,90,0.01
2017,10,8,8,21.5,74,1.9,70,0.46
2017,10,8,9,23.5,70,3.0,50,1.19
2017,10,8,10,25.1,68,2.8,90,1.79
2017,10,8,11,24.4,71,2.1,70,1.63
2017,10,8,12,25.5,66,3.8,110,2.25
2017,10,8,13,25.8,66,3.5,110,2.72
2017,10,8,14,26.2,68,4.0,140,2.63
2017,10,8,15,25.4,70,3.5,140,1.96
2017,10,8,16,24.5,71,1.8,110,1.54
2017,10,8,17,23.4,76,2.4,140,0.73
2017,10,8,18,22.5,79,2.0,110,0.13
2017,10,9,8,22.1,80,1.1,110,0.40
2017,10,9,9,24.6,74,1.5,140,1.09
2017,10,9,10,26.1,69,3.2,200,1.63
2017,10,9,11,26.5,64,3.1,180,2.08
2017,10,9,12,26.1,68,4.8,200,2.42
2017,10,9,13,25.7,64,4.9,200,2.45
2017,10,9,14,25.6,63,5.5,200,2.31
2017,10,9,15,25.4,67,5.0,200,1.96
2017,10,9,16,24.4,72,4.8,200,1.39
2017,10,9,17,23.6,75,3.6,200,0.72
2017,10,9,18,22.7,82,3.8,200,0.11
2017,10,10,8,22.4,76,3.9,360,0.37
2017,10,10,9,23.9,71,2.6,360,1.03
2017,10,10,10,25.2,68,3.0,340,1.61
2017,10,10,11,27.2,63,1.8,290,1.97
2017,10,10,12,27.6,65,2.6,110,2.42
2017,10,10,13,27.6,66,2.0,180,2.37
2017,10,10,14,26.8,71,4.0,200,2.26
2017,10,10,15,26.3,70,2.9,200,1.93
2017,10,10,16,25.2,74,2.1,180,1.36
2017,10,10,17,24.1,70,3.0,110,0.65
2017,10,10,18,23.2,75,2.1,110,0.04
2017,10,11,8,22.1,84,3.5,250,0.26
2017,10,11,9,22.8,83,4.0,270,0.54
2017,10,11,10,24.5,77,4.9,270,1.45
2017,10,11,11,25.3,72,3.7,270,1.59
2017,10,11,12,25.5,70,5.2,250,1.63
2017,10,11,13,25.1,69,3.7,270,0.87
2017,10,11,14,24.7,70,3.6,360,0.61
2017,10,11,15,24.9,70,3.4,270,0.55
2017,10,11,16,24.9,68,2.2,270,0.63
2017,10,11,17,23.4,79,3.3,110,0.08
2017,10,11,18,22.3,85,1.7,90,0.00
2017,10,12,8,18.7,69,3.0,50,0.00
2017,10,12,9,18.7,73,3.5,50,0.01
2017,10,12,10,17.9,82,2.6,50,0.07
2017,10,12,11,18.1,79,3.5,50,0.00
2017,10,12,12,17.8,86,3.1,20,0.08
2017,10,12,13,17.4,85,2.8,360,0.16
2017,10,12,14,16.9,85,5.1,340,6.00
2017,10,12,15,16.2,84,3.2,360,0.03
2017,10,12,16,14.3,90,4.4,360,0.00
2017,10,12,17,14.1,94,2.4,340,0.00
2017,10,12,18,13.8,96,1.7,340,0.00
2017,10,13,8,13.5,85,4.3,340,0.16
2017,10,13,9,15.9,75,2.6,340,0.98
2017,10,13,10,17.8,65,2.4,340,1.62
2017,10,13,11,19.9,57,2.4,50,2.22
2017,10,13,12,20.9,58,1.6,360,2.53
2017,10,13,13,21.4,54,2.0,340,2.53
2017,10,13,14,21.4,55,2.9,180,2.32
2017,10,13,15,21.4,48,2.1,200,2.01
2017,10,13,16,20.0,58,2.5,160,1.50
2017,10,13,17,18.8,63,1.6,110,0.67
2017,10,13,18,17.9,67,0.7,140,0.07
2017,10,14,8,15.3,55,2.8,50,0.01
2017,10,14,9,16.4,53,1.6,50,0.23
2017,10,14,10,17.2,57,3.9,50,0.48
2017,10,14,11,19.0,52,4.8,50,1.07
2017,10,14,12,20.4,52,3.9,50,2.09
2017,10,14,13,21.4,54,3.3,50,2.00
2017,10,14,14,21.4,52,3.6,50,1.59
2017,10,14,15,21.4,52,3.5,50,1.88
2017,10,14,16,19.9,57,2.8,70,0.82
2017,10,14,17,18.8,61,3.2,70,0.56
2017,10,14,18,17.8,63,3.9,50,0.00
2017,10,15,8,13.8,94,3.1,50,0.00
2017,10,15,9,13.9,94,4.1,20,0.00
2017,10,15,10,14.7,94,3.1,50,6.00
2017,10,15,11,15.6,90,2.9,50,0.45
2017,10,15,12,16.1,87,3.0,50,0.55
2017,10,15,13,17.0,80,2.9,50,0.61
2017,10,15,14,16.4,85,3.7,50,0.28
2017,10,15,15,16.2,86,3.3,50,0.12
2017,10,15,16,16.7,82,3.4,50,0.03
2017,10,15,17,16.5,76,3.5,50,0.00
2017,10,15,18,15.8,87,3.7,50,0.00
2017,10,16,8,17.1,71,2.7,20,0.00
2017,10,16,9,18.0,70,3.4,50,0.04
2017,10,16,10,18.6,70,4.0,70,0.18
2017,10,16,11,19.1,67,3.6,70,0.66
2017,10,16,12,19.9,59,4.4,50,0.85
2017,10,16,13,19.8,60,3.4,50,0.80
2017,10,16,14,19.6,58,2.9,50,0.69
2017,10,16,15,18.7,59,3.3,50,0.36
2017,10,16,16,18.5,54,3.9,50,6.00
2017,10,16,17,18.0,54,4.0,50,0.03
2017,10,16,18,17.5,57,2.4,50,0.00
2017,10,17,8,16.6,73,3.5,50,0.07
2017,10,17,9,16.7,75,2.9,50,0.18
2017,10,17,10,17.8,71,3.1,50,0.33
2017,10,17,11,18.5,68,2.9,50,0.26
2017,10,17,12,19.9,61,3.0,70,0.70
2017,10,17,13,19.8,62,2.9,50,0.65
2017,10,17,14,20.8,59,4.2,50,1.40
2017,10,17,15,20.1,61,4.1,50,0.83
2017,10,17,16,19.5,62,4.0,50,0.46
2017,10,17,17,18.9,66,2.7,50,0.13
2017,10,17,18,18.6,68,3.5,50,0.00
2017,10,18,8,17.8,55,3.5,50,0.01
2017,10,18,9,18.3,59,4.3,50,0.12
2017,10,18,10,18.5,63,4.5,50,0.20
2017,10,18,11,18.4,65,5.1,70,6.00
2017,10,18,12,18.6,63,5.1,50,0.49
2017,10,18,13,18.7,63,4.6,70,0.51
2017,10,18,14,18.2,64,4.5,50,0.55
2017,10,18,15,17.9,65,4.1,50,0.29
2017,10,18,16,17.9,64,4.1,50,0.19
2017,10,18,17,17.5,64,3.6,50,0.02
2017,10,18,18,17.2,64,3.4,50,0.00
2017,10,19,8,16.7,65,3.3,50,0.09
2017,10,19,9,18.1,61,3.0,50,0.51
2017,10,19,10,18.9,63,4.5,50,0.86
2017,10,19,11,21.0,59,2.3,70,1.48
2017,10,19,12,21.5,52,2.8,50,1.57
2017,10,19,13,22.0,50,3.3,50,1.90
2017,10,19,14,20.8,54,2.9,70,1.17
2017,10,19,15,20.4,55,3.3,70,1.22
2017,10,19,16,19.2,59,4.2,50,0.42
2017,10,19,17,18.5,64,3.3,50,0.24
2017,10,19,18,17.6,71,2.9,20,0.00
2017,10,20,8,17.2,69,3.3,50,0.20
2017,10,20,9,19.5,64,3.6,50,0.91
2017,10,20,10,20.2,63,3.7,50,1.06
2017,10,20,11,20.9,60,3.9,50,1.35
2017,10,20,12,22.2,55,4.0,50,1.33
2017,10,20,13,20.3,61,3.5,50,0.90
2017,10,20,14,22.6,44,3.4,70,1.95
2017,10,20,15,21.9,46,3.3,50,1.77
2017,10,20,16,20.4,56,3.9,50,1.15
2017,10,20,17,19.8,65,3.0,70,0.58
2017,10,20,18,18.4,67,3.2,50,0.02
2017,10,21,8,17.5,68,3.9,50,0.23
2017,10,21,9,19.4,63,3.8,50,0.87
2017,10,21,10,20.4,60,3.8,50,1.08
2017,10,21,11,20.6,59,4.8,50,1.41
2017,10,21,12,22.1,50,3.4,70,1.48
2017,10,21,13,22.3,53,3.7,50,1.67
2017,10,21,14,22.6,53,3.6,50,1.60
2017,10,21,15,21.7,52,5.1,50,1.67
2017,10,21,16,20.7,51,5.4,50,1.29
2017,10,21,17,19.6,58,5.3,50,0.59
2017,10,21,18,18.6,61,3.3,50,0.03
2017,10,22,8,17.8,64,5.9,50,0.00
2017,10,22,9,18.3,62,6.3,50,0.03
2017,10,22,10,19.5,57,6.3,50,0.60
2017,10,22,11,19.6,55,7.5,50,0.79
2017,10,22,12,20.6,50,6.9,50,1.09
2017,10,22,13,21.7,47,6.0,50,1.38
2017,10,22,14,21.7,49,6.8,50,1.97
2017,10,22,15,21.3,46,5.6,50,1.67
2017,10,22,16,20.0,50,6.6,50,0.97
2017,10,22,17,18.8,55,6.6,20,0.34
2017,10,22,18,18.2,55,6.4,50,0.00
2017,10,23,8,14.0,54,2.4,20,0.00
2017,10,23,9,14.7,52,3.0,20,0.23
2017,10,23,10,16.1,47,3.4,20,0.84
2017,10,23,11,17.7,43,4.8,50,1.75
2017,10,23,12,18.7,42,3.8,50,2.14
2017,10,23,13,19.4,41,2.6,50,2.21
2017,10,23,14,18.5,44,3.9,50,1.50
2017,10,23,15,17.7,45,3.2,70,1.51
2017,10,23,16,16.8,46,3.6,50,0.75
2017,10,23,17,15.8,48,3.0,50,0.15
2017,10,23,18,15.0,50,3.3,50,0.00
2017,10,24,8,14.5,62,1.9,50,0.17
2017,10,24,9,17.1,55,2.2,50,0.85
2017,10,24,10,16.6,57,2.5,20,1.06
2017,10,24,11,19.2,50,3.0,90,1.91
2017,10,24,12,18.3,52,2.8,110,1.37
2017,10,24,13,19.1,52,2.6,110,1.53
2017,10,24,14,16.7,56,2.3,90,0.18
2017,10,24,15,15.6,66,1.4,50,0.05
2017,10,24,16,13.6,86,2.6,50,0.03
2017,10,24,17,13.3,86,1.3,70,0.00
2017,10,24,18,12.7,89,1.9,50,0.00
2017,10,25,8,14.1,58,2.2,340,0.09
2017,10,25,9,15.5,53,3.6,360,0.72
2017,10,25,10,16.3,53,3.1,340,1.33
2017,10,25,11,18.4,49,2.0,270,1.76
2017,10,25,12,20.0,38,1.6,50,2.14
2017,10,25,13,20.2,41,3.6,200,2.31
2017,10,25,14,19.9,42,3.9,200,2.13
2017,10,25,15,18.9,41,3.6,200,1.71
2017,10,25,16,17.9,40,1.5,160,1.15
2017,10,25,17,16.8,44,1.3,140,0.51
2017,10,25,18,15.5,52,0.8,200,0.05
2017,10,26,8,14.2,69,0.3,0,0.17
2017,10,26,9,17.6,59,1.4,50,0.72
2017,10,26,10,19.6,52,1.7,70,1.45
2017,10,26,11,19.8,54,2.6,110,1.93
2017,10,26,12,20.4,56,3.5,140,1.52
2017,10,26,13,20.1,59,2.9,140,1.74
2017,10,26,14,20.9,56,3.5,140,1.74
2017,10,26,15,19.9,60,3.0,110,1.66
2017,10,26,16,18.6,63,3.4,140,0.97
2017,10,26,17,17.8,66,1.3,110,0.17
2017,10,26,18,17.2,68,1.8,90,0.01
2017,10,27,8,15.7,75,0.7,180,0.12
2017,10,27,9,18.6,63,1.8,70,0.68
2017,10,27,10,19.2,60,1.6,50,0.82
2017,10,27,11,20.9,59,2.3,110,1.58
2017,10,27,12,22.2,54,2.8,110,1.86
2017,10,27,13,21.9,58,3.3,90,2.08
2017,10,27,14,21.4,59,3.3,90,1.70
2017,10,27,15,21.3,55,1.6,70,1.09
2017,10,27,16,20.8,61,2.2,70,0.83
2017,10,27,17,19.6,66,3.2,50,0.38
2017,10,27,18,18.5,69,3.1,50,0.00
2017,10,28,8,16.9,78,2.7,50,0.03
2017,10,28,9,18.2,73,2.6,50,0.26
2017,10,28,10,19.2,67,3.5,50,0.53
2017,10,28,11,20.1,67,3.6,50,0.80
2017,10,28,12,20.3,68,3.3,50,0.70
2017,10,28,13,20.7,66,2.8,50,0.59
2017,10,28,14,19.9,71,3.2,50,0.32
2017,10,28,15,19.4,73,3.2,50,0.09
2017,10,28,16,19.1,73,3.1,50,0.07
2017,10,28,17,18.7,73,3.1,50,0.00
2017,10,28,18,18.4,71,3.4,70,0.00
2017,10,29,8,16.4,71,3.7,360,0.01
2017,10,29,9,18.7,57,3.1,20,0.63
2017,10,29,10,19.7,54,4.9,340,1.37
2017,10,29,11,21.5,51,2.6,360,1.82
2017,10,29,12,22.6,39,3.5,360,2.17
2017,10,29,13,23.0,34,4.7,360,2.06
2017,10,29,14,23.4,33,3.6,340,1.81
2017,10,29,15,22.2,37,3.3,50,1.34
2017,10,29,16,20.7,45,3.3,320,0.72
2017,10,29,17,19.5,47,4.1,290,0.19
2017,10,29,18,18.1,50,4.8,290,0.00
2017,10,30,8,8.2,45,6.2,340,0.35
2017,10,30,9,10.0,42,4.1,360,1.00
2017,10,30,10,11.8,39,4.4,340,1.58
2017,10,30,11,13.6,38,3.6,340,2.04
2017,10,30,12,15.4,37,2.6,340,2.10
2017,10,30,13,16.4,36,2.7,360,2.16
2017,10,30,14,17.2,34,1.4,320,2.01
2017,10,30,15,16.1,33,2.5,290,1.63
2017,10,30,16,15.1,33,3.1,290,1.02
2017,10,30,17,14.0,34,1.3,340,0.40
2017,10,30,18,12.2,35,1.5,320,0.02
2017,10,31,8,11.5,39,1.2,140,0.35
2017,10,31,9,14.2,32,1.1,140,1.00
2017,10,31,10,16.2,29,0.8,340,1.56
2017,10,31,11,17.2,26,2.5,290,2.09
2017,10,31,12,18.0,25,2.8,320,2.16
2017,10,31,13,18.2,25,2.7,340,2.13
2017,10,31,14,19.0,17,3.4,320,2.17
2017,10,31,15,18.5,23,3.0,290,1.82
2017,10,31,16,17.6,28,2.4,230,1.22
2017,10,31,17,16.3,31,4.1,270,0.36
2017,10,31,18,14.4,36,2.5,270,0.00
2017,11,1,8,12.2,51,2.6,290,0.14
2017,11,1,9,14.5,43,2.6,290,0.56
2017,11,1,10,16.2,39,2.9,320,1.29
2017,11,1,11,18.2,37,2.4,270,1.75
2017,11,1,12,19.0,36,1.9,340,2.09
2017,11,1,13,20.3,29,1.7,360,2.13
2017,11,1,14,20.7,29,4.8,250,2.03
2017,11,1,15,19.5,33,3.6,270,1.66
2017,11,1,16,18.2,28,4.1,270,0.98
2017,11,1,17,17.1,37,4.1,230,0.27
2017,11,1,18,16.0,42,3.7,250,0.00
2017,11,2,8,14.2,56,0.3,0,0.04
2017,11,2,9,17.2,50,0.8,90,0.61
2017,11,2,10,19.0,50,1.9,290,1.14
2017,11,2,11,20.7,48,1.6,250,1.63
2017,11,2,12,20.4,47,3.5,250,1.92
2017,11,2,13,21.2,46,3.1,200,1.79
2017,11,2,14,20.4,49,4.0,200,1.65
2017,11,2,15,19.9,50,4.5,200,1.25
2017,11,2,16,18.6,54,3.1,230,0.63
2017,11,2,17,17.8,59,2.8,230,0.08
2017,11,2,18,16.5,64,2.1,270,0.00
2017,11,3,8,16.1,61,2.2,340,0.05
2017,11,3,9,16.9,60,4.4,360,0.53
2017,11,3,10,18.8,55,2.6,360,1.17
2017,11,3,11,20.6,50,2.5,320,1.55
2017,11,3,12,22.5,45,1.7,320,1.79
2017,11,3,13,22.8,47,4.1,250,1.82
2017,11,3,14,22.6,46,5.4,250,1.67
2017,11,3,15,21.5,51,3.9,250,1.20
2017,11,3,16,20.4,56,3.6,200,0.67
2017,11,3,17,19.5,57,3.1,250,0.15
2017,11,3,18,18.5,56,2.4,340,0.00
2017,11,4,8,8.2,50,4.9,340,0.27
2017,11,4,9,10.1,48,4.8,360,0.89
2017,11,4,10,12.8,47,2.5,20,1.50
2017,11,4,11,13.6,49,2.5,50,1.47
2017,11,4,12,15.8,45,4.0,50,1.99
2017,11,4,13,15.9,45,4.1,50,2.10
2017,11,4,14,15.8,46,3.2,20,1.83
2017,11,4,15,14.8,46,2.7,20,1.33
2017,11,4,16,13.9,45,1.8,20,0.31
2017,11,4,17,12.8,55,1.5,20,0.16
2017,11,4,18,11.9,55,2.4,50,0.00
2017,11,5,8,8.9,49,1.1,360,0.05
2017,11,5,9,11.4,43,1.1,250,0.93
2017,11,5,10,14.0,36,1.4,250,1.30
2017,11,5,11,16.1,34,0.9,200,1.67
2017,11,5,12,16.8,45,3.2,180,1.83
2017,11,5,13,17.4,39,2.6,180,1.83
2017,11,5,14,18.0,29,2.3,230,1.67
2017,11,5,15,16.4,31,2.6,180,1.39
2017,11,5,16,15.1,26,3.9,200,1.00
2017,11,5,17,14.1,36,2.3,230,0.32
2017,11,5,18,12.0,45,1.5,270,0.00
2017,11,6,8,10.4,54,1.3,320,0.28
2017,11,6,9,12.8,47,2.6,320,0.82
2017,11,6,10,15.4,38,1.7,270,1.26
2017,11,6,11,16.5,37,4.2,270,1.45
2017,11,6,12,17.8,36,3.7,250,1.78
2017,11,6,13,18.1,34,4.0,270,1.70
2017,11,6,14,19.3,44,4.2,200,1.60
2017,11,6,15,17.7,51,5.2,200,1.29
2017,11,6,16,17.3,45,3.6,250,0.79
2017,11,6,17,16.2,53,4.0,270,0.21
2017,11,6,18,15.4,60,3.8,270,0.00
2017,11,7,8,13.6,66,1.6,290,0.11
2017,11,7,9,16.1,56,2.1,290,0.40
2017,11,7,10,16.0,57,1.1,340,0.54
2017,11,7,11,17.2,56,1.9,230,0.99
2017,11,7,12,17.9,59,4.3,230,1.11
2017,11,7,13,19.3,54,1.8,270,1.12
2017,11,7,14,18.7,55,3.6,250,0.49
2017,11,7,15,18.4,58,2.0,230,0.30
2017,11,7,16,17.8,63,3.7,230,0.03
2017,11,7,17,17.1,71,4.0,250,0.02
2017,11,7,18,16.8,74,3.5,270,0.01
2017,11,8,8,17.3,87,2.9,270,0.00
2017,11,8,9,19.0,77,1.9,250,0.28
2017,11,8,10,20.8,65,2.2,200,0.73
2017,11,8,11,20.3,62,4.5,320,1.03
2017,11,8,12,22.4,47,3.1,290,1.57
2017,11,8,13,23.4,44,3.0,290,2.05
2017,11,8,14,23.2,37,3.6,290,1.77
2017,11,8,15,22.2,33,3.6,320,1.36
2017,11,8,16,21.6,33,1.6,320,0.75
2017,11,8,17,20.2,33,2.5,340,0.17
2017,11,8,18,18.4,28,2.4,360,0.00
2017,11,9,8,13.6,47,2.6,50,0.00
2017,11,9,9,15.6,49,3.7,50,6.00
2017,11,9,10,17.1,46,3.0,50,0.78
2017,11,9,11,18.8,45,2.7,20,1.25
2017,11,9,12,19.7,43,3.6,140,1.65
2017,11,9,13,18.8,40,4.3,110,2.01
2017,11,9,14,18.9,40,3.4,110,1.84
2017,11,9,15,18.2,39,3.7,140,1.48
2017,11,9,16,17.2,46,2.4,140,0.82
2017,11,9,17,16.2,49,2.9,110,0.10
2017,11,9,18,15.5,54,1.2,70,0.00
2017,11,10,8,14.0,71,0.5,230,0.00
2017,11,10,9,17.3,63,1.8,230,6.00
2017,11,10,10,18.1,67,4.3,270,0.79
2017,11,10,11,20.0,61,4.4,250,1.19
2017,11,10,12,20.0,62,6.3,230,1.42
2017,11,10,13,20.3,63,5.1,250,1.15
2017,11,10,14,20.0,64,5.6,250,0.93
2017,11,10,15,19.7,66,6.7,270,0.59
2017,11,10,16,20.2,57,7.3,270,0.45
2017,11,10,17,19.4,57,5.2,270,0.08
2017,11,10,18,19.0,60,6.7,270,0.00
2017,11,11,8,7.8,33,2.5,340,0.21
2017,11,11,9,9.0,34,4.2,360,0.45
2017,11,11,10,9.8,32,6.3,290,1.00
2017,11,11,11,11.5,29,3.6,320,1.53
2017,11,11,12,12.5,27,5.0,290,1.68
2017,11,11,13,14.2,25,3.7,270,1.83
2017,11,11,14,14.7,28,2.5,110,1.60
2017,11,11,15,13.2,33,2.2,110,1.28
2017,11,11,16,12.1,37,3.9,110,0.75
2017,11,11,17,11.1,38,2.3,110,0.26
2017,11,11,18,10.5,43,2.0,70,0.00
2017,11,12,8,9.6,40,2.2,360,0.10
2017,11,12,9,12.1,39,1.4,360,0.27
2017,11,12,10,13.4,34,2.0,340,0.94
2017,11,12,11,14.1,37,2.6,340,0.99
2017,11,12,12,16.5,39,2.9,250,1.63
2017,11,12,13,17.2,41,2.9,270,1.63
2017,11,12,14,17.6,40,2.9,270,1.56
2017,11,12,15,15.5,46,4.5,230,1.02
2017,11,12,16,14.6,44,3.1,230,0.37
2017,11,12,17,13.5,47,3.8,250,0.08
2017,11,12,18,12.4,49,3.1,230,0.00
2017,11,13,8,12.4,59,5.6,270,0.10
2017,11,13,9,13.5,58,4.1,270,0.15
2017,11,13,10,14.8,51,2.8,360,1.16
2017,11,13,11,16.3,47,2.0,320,1.50
2017,11,13,12,16.9,51,5.1,290,1.63
2017,11,13,13,18.0,50,3.9,270,1.56
2017,11,13,14,17.9,48,5.1,200,1.25
2017,11,13,15,16.3,56,4.1,250,0.40
2017,11,13,16,15.9,59,4.2,270,0.31
2017,11,13,17,15.1,59,3.0,270,0.00
2017,11,13,18,14.3,63,3.0,270,0.00
2017,11,14,8,12.3,63,1.8,140,0.10
2017,11,14,9,14.4,38,3.8,360,0.46
2017,11,14,10,16.1,29,2.5,20,1.27
2017,11,14,11,16.7,25,2.5,320,1.60
2017,11,14,12,17.3,25,2.6,360,1.49
2017,11,14,13,18.0,25,2.0,360,1.47
2017,11,14,14,17.3,26,3.5,340,1.32
2017,11,14,15,17.0,27,2.2,360,0.94
2017,11,14,16,16.6,30,4.3,250,0.42
2017,11,14,17,15.5,29,3.5,320,0.02
2017,11,14,18,14.5,31,1.1,20,0.00
2017,11,15,8,7.7,45,2.7,270,0.19
2017,11,15,9,10.4,43,4.4,250,0.79
2017,11,15,10,11.8,41,4.7,270,1.35
2017,11,15,11,13.1,37,5.1,250,1.84
2017,11,15,12,14.1,37,3.6,250,1.92
2017,11,15,13,14.5,36,4.4,230,1.69
2017,11,15,14,13.7,38,5.8,250,1.15
2017,11,15,15,13.3,33,4.5,290,0.79
2017,11,15,16,12.5,30,6.8,290,0.36
2017,11,15,17,11.4,34,5.9,290,0.06
2017,11,15,18,10.2,37,3.0,290,0.00
2017,11,16,8,4.9,46,1.2,20,0.18
2017,11,16,9,7.1,44,2.1,50,0.77
2017,11,16,10,9.0,42,1.7,270,1.34
2017,11,16,11,9.5,42,2.9,290,1.78
2017,11,16,12,10.5,38,1.8,320,2.04
2017,11,16,13,10.9,32,2.4,340,1.90
2017,11,16,14,11.8,38,2.1,230,1.44
2017,11,16,15,10.6,28,1.7,340,1.19
2017,11,16,16,9.7,29,2.2,360,0.72
2017,11,16,17,8.9,36,3.0,250,0.22
2017,11,16,18,7.5,45,1.2,290,0.00
2017,11,17,8,6.3,54,0.9,90,0.13
2017,11,17,9,7.7,52,0.8,70,0.39
2017,11,17,10,10.0,44,0.4,0,0.72
2017,11,17,11,12.2,48,0.5,90,0.84
2017,11,17,12,12.9,52,0.8,50,1.03
2017,11,17,13,14.3,52,1.1,90,0.82
2017,11,17,14,15.1,55,2.5,230,1.01
2017,11,17,15,13.8,59,1.1,230,0.59
2017,11,17,16,13.9,58,0.8,230,0.46
2017,11,17,17,12.9,60,1.9,270,0.17
2017,11,17,18,11.9,62,0.0,0,0.00
2017,11,18,8,7.2,36,6.5,360,0.06
2017,11,18,9,8.5,28,2.8,360,0.70
2017,11,18,10,7.7,29,6.0,360,1.34
2017,11,18,11,9.2,29,3.2,360,1.83
2017,11,18,12,10.0,25,2.7,180,1.87
2017,11,18,13,8.4,23,7.2,360,1.86
2017,11,18,14,8.8,19,6.5,360,1.43
2017,11,18,15,8.0,19,7.9,360,1.09
2017,11,18,16,7.4,19,3.8,360,0.43
2017,11,18,17,6.1,18,2.3,360,0.01
2017,11,18,18,4.8,20,5.5,360,0.00
2017,11,19,8,0.4,32,3.5,360,0.19
2017,11,19,9,2.5,27,1.7,20,0.81
2017,11,19,10,4.1,23,3.3,290,1.40
2017,11,19,11,5.3,24,3.7,290,1.83
2017,11,19,12,6.4,25,3.3,340,2.04
2017,11,19,13,6.8,27,3.0,320,2.03
2017,11,19,14,7.2,27,2.8,360,1.87
2017,11,19,15,6.4,27,2.8,340,1.36
2017,11,19,16,6.2,29,2.7,290,0.74
2017,11,19,17,5.4,31,3.7,290,0.23
2017,11,19,18,4.8,33,2.7,290,0.00
2017,11,20,8,2.7,46,2.6,360,0.06
2017,11,20,9,5.3,39,1.7,290,0.67
2017,11,20,10,6.2,41,4.2,320,1.25
2017,11,20,11,7.7,37,3.4,360,1.73
2017,11,20,12,9.0,31,2.1,200,1.97
2017,11,20,13,10.1,26,4.0,340,2.00
2017,11,20,14,10.3,25,2.5,360,1.82
2017,11,20,15,9.6,25,2.7,340,1.41
2017,11,20,16,9.1,23,1.7,340,0.77
2017,11,20,17,8.0,27,1.7,320,0.30
2017,11,20,18,6.4,31,1.9,320,0.00
2017,11,21,8,6.0,53,1.6,70,0.15
2017,11,21,9,8.4,48,1.6,340,0.71
2017,11,21,10,10.6,41,1.0,180,1.29
2017,11,21,11,12.3,41,2.3,180,1.62
2017,11,21,12,12.3,40,3.5,250,1.90
2017,11,21,13,12.2,47,4.6,230,1.93
2017,11,21,14,12.2,52,4.3,230,1.61
2017,11,21,15,11.4,52,5.0,250,1.09
2017,11,21,16,11.3,54,3.2,250,0.69
2017,11,21,17,10.1,61,3.2,250,0.24
2017,11,21,18,9.5,60,3.4,250,0.00
2017,11,22,8,7.1,42,3.4,340,0.03
2017,11,22,9,7.9,38,1.5,340,0.27
2017,11,22,10,9.3,38,1.3,230,0.59
2017,11,22,11,10.6,37,2.4,270,0.73
2017,11,22,12,11.0,41,2.6,270,0.74
2017,11,22,13,10.8,43,4.8,250,0.75
2017,11,22,14,12.7,42,4.7,250,1.03
2017,11,22,15,11.6,48,4.3,250,0.48
2017,11,22,16,12.0,48,3.9,290,0.22
2017,11,22,17,11.3,53,3.3,270,0.08
2017,11,22,18,10.4,58,1.5,270,0.00
2017,11,23,8,4.0,41,1.9,290,0.14
2017,11,23,9,5.4,35,3.4,290,0.73
2017,11,23,10,6.8,32,2.9,360,1.30
2017,11,23,11,8.6,28,1.9,290,1.68
2017,11,23,12,9.9,30,3.5,270,1.93
2017,11,23,13,9.4,34,5.2,250,1.84
2017,11,23,14,8.5,37,3.8,290,1.10
2017,11,23,15,8.9,38,2.7,360,1.38
2017,11,23,16,6.7,45,3.7,360,0.82
2017,11,23,17,5.9,43,2.4,320,0.30
2017,11,23,18,5.1,45,2.9,290,0.00
2017,11,24,8,4.2,61,3.4,270,0.13
2017,11,24,9,6.5,45,4.7,290,0.70
2017,11,24,10,8.5,41,3.5,270,1.25
2017,11,24,11,8.4,40,6.5,270,1.69
2017,11,24,12,10.0,36,5.8,290,1.95
2017,11,24,13,10.2,34,6.5,290,1.99
2017,11,24,14,10.1,35,7.6,270,1.72
2017,11,24,15,9.7,32,5.3,290,1.15
2017,11,24,16,8.8,34,4.0,360,0.27
2017,11,24,17,7.5,42,3.8,360,0.14
2017,11,24,18,6.8,39,3.1,360,0.00
2017,11,25,8,2.5,52,0.6,50,0.06
2017,11,25,9,3.8,50,0.0,0,0.34
2017,11,25,10,6.6,46,1.1,160,0.76
2017,11,25,11,9.2,42,2.8,200,1.53
2017,11,25,12,9.9,43,4.0,200,1.87
2017,11,25,13,10.2,43,4.9,230,1.93
2017,11,25,14,11.6,42,3.2,230,1.71
2017,11,25,15,9.9,47,4.9,270,1.02
2017,11,25,16,9.7,53,3.2,270,0.61
2017,11,25,17,9.0,57,3.4,270,0.14
2017,11,25,18,9.1,62,5.5,270,0.00
2017,11,26,8,10.7,69,2.8,270,0.06
2017,11,26,9,12.0,63,4.4,270,0.36
2017,11,26,10,12.8,61,5.1,270,0.56
2017,11,26,11,13.9,56,3.7,270,0.86
2017,11,26,12,14.6,49,4.8,230,0.74
2017,11,26,13,15.6,45,5.0,250,0.82
2017,11,26,14,16.4,39,4.0,250,1.27
2017,11,26,15,16.0,38,4.0,250,0.95
2017,11,26,16,15.1,42,2.8,250,0.12
2017,11,26,17,14.1,47,1.4,270,0.07
2017,11,26,18,13.1,55,1.5,70,0.00
2017,11,27,8,9.4,68,3.1,50,0.09
2017,11,27,9,12.0,63,3.5,50,0.57
2017,11,27,10,14.5,57,3.0,50,1.09
2017,11,27,11,16.3,51,1.8,50,1.50
2017,11,27,12,16.9,51,2.4,90,1.51
2017,11,27,13,16.9,53,1.6,70,1.26
2017,11,27,14,16.5,54,1.2,70,1.30
2017,11,27,15,15.9,58,1.7,90,0.99
2017,11,27,16,15.3,60,2.1,110,0.54
2017,11,27,17,14.2,63,1.5,70,0.21
2017,11,27,18,13.3,66,1.1,50,0.00
2017,11,28,8,11.9,72,5.3,270,0.10
2017,11,28,9,13.9,62,4.1,270,0.59
2017,11,28,10,15.8,58,3.9,270,0.91
2017,11,28,11,17.3,59,4.0,270,1.10
2017,11,28,12,18.0,57,4.0,250,1.00
2017,11,28,13,19.2,57,5.0,250,1.65
2017,11,28,14,17.9,59,5.4,250,0.90
2017,11,28,15,16.8,63,4.4,250,0.01
2017,11,28,16,16.1,69,5.6,230,0.01
2017,11,28,17,16.2,65,4.9,270,0.01
2017,11,28,18,15.7,65,4.1,270,0.00
2017,11,29,8,12.1,59,5.0,340,0.00
2017,11,29,9,12.0,60,2.2,340,0.00
2017,11,29,10,15.3,54,2.0,290,0.51
2017,11,29,11,15.8,55,1.7,360,0.84
2017,11,29,12,16.2,49,1.7,20,0.95
2017,11,29,13,16.0,49,3.1,320,0.99
2017,11,29,14,16.4,46,0.9,70,0.45
2017,11,29,15,15.1,49,2.5,340,0.01
2017,11,29,16,14.4,50,2.7,340,0.00
2017,11,29,17,14.0,26,4.4,340,0.00
2017,11,29,18,13.6,25,1.5,20,0.00
2017,11,30,8,7.2,24,2.9,140,0.02
2017,11,30,9,8.7,17,3.1,360,0.47
2017,11,30,10,9.0,16,1.8,90,0.90
2017,11,30,11,10.3,16,2.9,20,1.05
2017,11,30,12,9.1,14,1.5,140,0.35
2017,11,30,13,9.3,15,1.9,340,0.63
2017,11,30,14,9.8,15,2.3,20,0.42
2017,11,30,15,10.2,16,3.2,20,1.14
2017,11,30,16,9.2,17,4.0,20,0.41
2017,11,30,17,7.9,17,6.0,340,0.09
2017,11,30,18,6.9,17,4.7,360,0.00
2017,12,1,8,-0.2,38,5.5,340,0.10
2017,12,1,9,1.6,36,5.8,140,0.64
2017,12,1,10,2.7,32,6.2,360,1.25
2017,12,1,11,4.2,24,5.5,360,1.70
2017,12,1,12,6.6,18,4.1,70,2.01
2017,12,1,13,7.3,17,3.1,20,2.03
2017,12,1,14,7.7,17,4.0,290,1.86
2017,12,1,15,6.6,17,3.5,290,1.47
2017,12,1,16,5.8,17,3.6,290,0.90
2017,12,1,17,4.2,19,2.0,340,0.28
2017,12,1,18,3.0,21,1.4,320,0.00
2017,12,2,8,2.8,49,1.4,360,0.09
2017,12,2,9,4.6,44,2.3,360,0.57
2017,12,2,10,5.2,39,4.2,320,0.99
2017,12,2,11,7.5,32,2.0,340,1.47
2017,12,2,12,9.3,29,2.5,290,1.94
2017,12,2,13,10.4,28,2.4,340,1.92
2017,12,2,14,9.6,30,2.6,360,1.43
2017,12,2,15,9.4,28,1.7,320,1.31
2017,12,2,16,7.9,34,3.4,270,0.58
2017,12,2,17,6.5,38,1.3,340,0.17
2017,12,2,18,5.5,41,2.4,340,0.00
2017,12,3,8,4.1,50,0.6,230,0.08
2017,12,3,9,7.8,39,2.3,340,0.56
2017,12,3,10,11.1,40,1.4,140,1.11
2017,12,3,11,12.0,37,2.3,250,1.53
2017,12,3,12,13.3,40,1.8,340,1.68
2017,12,3,13,13.7,39,2.6,230,1.61
2017,12,3,14,11.3,41,3.2,250,0.99
2017,12,3,15,10.9,47,3.2,250,0.81
2017,12,3,16,10.6,47,3.1,250,0.48
2017,12,3,17,9.8,52,3.2,270,0.19
2017,12,3,18,8.9,57,3.1,270,0.00
2017,12,4,8,7.9,60,3.1,360,0.03
2017,12,4,9,9.3,57,1.8,20,0.33
2017,12,4,10,10.7,53,1.2,140,0.90
2017,12,4,11,10.8,50,2.1,270,1.25
2017,12,4,12,11.4,45,2.3,140,1.43
2017,12,4,13,10.9,44,4.6,360,1.53
2017,12,4,14,11.3,33,4.8,270,1.31
2017,12,4,15,10.8,28,4.9,290,1.12
2017,12,4,16,9.1,25,3.5,320,0.60
2017,12,4,17,7.5,25,6.0,270,0.21
2017,12,4,18,6.3,28,4.4,320,0.00
2017,12,5,8,-1.8,49,3.4,290,0.08
2017,12,5,9,-0.6,29,3.9,320,0.59
2017,12,5,10,0.8,23,3.3,340,1.20
2017,12,5,11,1.6,23,3.9,290,1.66
2017,12,5,12,2.5,23,4.2,320,1.91
2017,12,5,13,2.9,23,4.8,290,1.96
2017,12,5,14,4.0,24,3.9,320,1.81
2017,12,5,15,4.0,24,2.6,320,1.42
2017,12,5,16,4.2,25,2.1,320,0.86
2017,12,5,17,2.9,29,2.3,290,0.26
2017,12,5,18,2.1,31,1.9,360,0.00
2017,12,6,8,1.0,56,1.9,270,0.07
2017,12,6,9,3.6,55,3.5,270,0.54
2017,12,6,10,4.6,49,4.1,250,1.09
2017,12,6,11,6.4,42,3.2,270,1.52
2017,12,6,12,7.9,35,2.5,320,1.78
2017,12,6,13,8.8,36,1.9,340,1.79
2017,12,6,14,9.2,36,1.9,360,1.64
2017,12,6,15,8.4,36,1.3,340,1.29
2017,12,6,16,7.7,37,1.1,340,0.74
2017,12,6,17,6.2,43,1.9,360,0.22
2017,12,6,18,5.2,44,2.7,340,0.00
2017,12,7,8,5.1,68,2.9,270,0.04
2017,12,7,9,7.6,54,4.7,290,0.54
2017,12,7,10,9.1,45,3.5,320,1.04
2017,12,7,11,9.4,45,2.1,340,1.04
2017,12,7,12,11.5,38,1.2,320,1.49
2017,12,7,13,10.6,42,1.4,360,1.25
2017,12,7,14,11.2,40,2.0,320,1.25
2017,12,7,15,10.2,42,2.5,360,1.07
2017,12,7,16,9.2,46,2.1,360,0.62
2017,12,7,17,8.0,49,4.7,360,6.00
2017,12,7,18,7.2,48,3.7,360,0.00
2017,12,8,8,-0.7,40,2.6,70,0.06
2017,12,8,9,0.4,35,3.2,50,0.55
2017,12,8,10,1.0,32,3.7,360,1.14
2017,12,8,11,2.2,30,4.1,320,1.64
2017,12,8,12,3.6,28,3.2,140,1.88
2017,12,8,13,3.8,26,3.7,160,1.93
2017,12,8,14,4.9,22,3.5,20,1.82
2017,12,8,15,4.8,21,3.1,160,1.45
2017,12,8,16,4.0,20,2.8,50,0.89
2017,12,8,17,2.8,22,2.8,20,0.26
2017,12,8,18,2.0,24,2.2,360,0.00
2017,12,9,8,-0.6,48,0.4,0,0.06
2017,12,9,9,2.6,47,1.6,290,0.51
2017,12,9,10,2.8,54,3.1,250,0.66
2017,12,9,11,5.6,52,3.6,270,1.04
2017,12,9,12,6.6,47,4.2,250,1.79
2017,12,9,13,7.9,48,4.4,290,1.84
2017,12,9,14,8.4,48,5.9,250,1.68
2017,12,9,15,7.2,52,5.4,250,0.94
2017,12,9,16,7.5,48,2.9,360,0.65
2017,12,9,17,6.6,49,2.3,250,0.17
2017,12,9,18,5.5,50,1.8,340,0.00
2017,12,10,8,5.5,65,1.1,270,0.01
2017,12,10,9,6.2,65,1.5,250,0.11
2017,12,10,10,7.6,61,2.5,290,0.28
2017,12,10,11,9.0,59,3.7,250,0.81
2017,12,10,12,7.4,77,3.3,250,0.38
2017,12,10,13,9.0,72,3.5,250,0.92
2017,12,10,14,10.2,70,6.2,250,1.27
2017,12,10,15,9.9,68,6.1,250,0.99
2017,12,10,16,9.6,67,4.8,270,0.44
2017,12,10,17,9.0,66,4.5,270,0.12
2017,12,10,18,8.7,61,5.4,290,0.00
2017,12,11,8,0.3,37,5.7,270,0.06
2017,12,11,9,1.4,36,6.1,290,0.52
2017,12,11,10,2.7,34,6.1,290,1.10
2017,12,11,11,3.4,33,8.1,290,1.55
2017,12,11,12,4.7,32,5.7,290,1.82
2017,12,11,13,5.4,31,6.5,270,1.87
2017,12,11,14,4.8,29,8.3,290,1.63
2017,12,11,15,4.0,29,8.8,290,1.40
2017,12,11,16,3.0,31,8.8,290,0.92
2017,12,11,17,1.8,34,7.0,290,0.33
2017,12,11,18,0.3,35,10.8,290,0.01
2017,12,12,8,-5.3,37,1.5,320,0.06
2017,12,12,9,-3.6,33,1.5,340,0.59
2017,12,12,10,-2.4,34,1.9,340,0.93
2017,12,12,11,-1.5,30,2.7,320,1.52
2017,12,12,12,0.0,25,2.2,320,1.84
2017,12,12,13,0.5,22,3.3,270,1.94
2017,12,12,14,0.6,19,4.4,270,1.82
2017,12,12,15,1.5,18,1.9,340,1.42
2017,12,12,16,0.7,19,2.1,340,0.90
2017,12,12,17,-0.7,20,2.9,320,0.27
2017,12,12,18,-1.5,21,2.1,340,0.00
2017,12,13,8,-4.9,27,1.7,360,0.06
2017,12,13,9,-2.5,23,2.0,20,0.52
2017,12,13,10,-1.7,20,3.2,360,1.12
2017,12,13,11,-0.2,20,2.9,320,1.58
2017,12,13,12,1.2,19,3.4,290,1.84
2017,12,13,13,2.7,19,3.8,320,1.92
2017,12,13,14,3.6,16,4.3,290,1.80
2017,12,13,15,3.9,11,3.9,360,1.47
2017,12,13,16,3.6,13,2.8,340,0.94
2017,12,13,17,1.6,14,4.1,360,0.30
2017,12,13,18,0.6,15,1.6,160,0.00
2017,12,14,8,-2.1,27,1.2,160,0.05
2017,12,14,9,1.3,24,0.8,160,0.52
2017,12,14,10,3.4,28,0.7,140,1.06
2017,12,14,11,5.8,17,1.3,200,1.51
2017,12,14,12,7.1,15,1.8,290,1.43
2017,12,14,13,8.8,14,1.1,160,1.70
2017,12,14,14,9.3,14,1.9,290,1.68
2017,12,14,15,8.7,14,1.5,320,1.10
2017,12,14,16,6.4,16,2.9,340,0.50
2017,12,14,17,5.3,16,2.6,340,0.12
2017,12,14,18,4.6,17,3.8,340,0.00
2017,12,15,8,2.5,21,5.8,340,0.05
2017,12,15,9,4.4,16,4.1,360,0.47
2017,12,15,10,7.0,14,2.3,320,1.03
2017,12,15,11,7.9,13,3.3,360,1.47
2017,12,15,12,7.7,15,3.4,320,1.76
2017,12,15,13,8.3,14,2.6,340,1.67
2017,12,15,14,9.3,11,3.4,270,1.55
2017,12,15,15,9.1,12,3.1,290,1.22
2017,12,15,16,8.0,15,3.4,270,0.65
2017,12,15,17,7.1,15,2.7,290,0.14
2017,12,15,18,6.2,16,2.2,320,0.00
2017,12,16,8,3.6,52,4.3,290,0.05
2017,12,16,9,3.5,53,2.1,90,0.36
2017,12,16,10,4.3,49,3.0,20,0.83
2017,12,16,11,4.5,45,2.9,360,1.04
2017,12,16,12,5.1,36,3.7,340,1.47
2017,12,16,13,4.1,29,3.6,360,1.30
2017,12,16,14,4.1,23,4.2,290,1.33
2017,12,16,15,3.8,24,2.8,340,1.17
2017,12,16,16,3.5,25,2.6,360,0.77
2017,12,16,17,1.8,27,2.6,360,0.22
2017,12,16,18,0.9,28,2.3,20,0.00
2017,12,17,8,-4.7,35,2.7,320,0.05
2017,12,17,9,-3.2,34,2.5,20,0.53
2017,12,17,10,-1.2,30,3.0,110,1.11
2017,12,17,11,-1.1,26,6.0,270,1.59
2017,12,17,12,0.8,23,2.9,140,1.85
2017,12,17,13,1.3,21,5.0,290,1.91
2017,12,17,14,1.9,21,3.9,270,1.80
2017,12,17,15,2.5,22,2.8,290,1.43
2017,12,17,16,2.1,23,2.9,290,0.92
2017,12,17,17,0.9,26,3.1,290,0.29
2017,12,17,18,0.2,28,2.3,320,0.00
2017,12,18,8,-2.3,48,2.2,340,0.05
2017,12,18,9,1.3,43,2.9,250,0.53
2017,12,18,10,2.8,51,5.0,270,1.07
2017,12,18,11,4.2,39,4.4,250,1.48
2017,12,18,12,5.4,38,4.2,250,1.73
2017,12,18,13,6.5,40,2.9,270,1.54
2017,12,18,14,7.4,36,3.2,250,1.68
2017,12,18,15,6.7,36,3.7,250,1.31
2017,12,18,16,6.4,38,4.4,250,0.82
2017,12,18,17,5.0,44,2.7,270,0.26
2017,12,18,18,4.1,47,2.6,270,0.00
2017,12,19,8,1.8,59,4.4,360,0.02
2017,12,19,9,3.8,42,2.0,320,0.42
2017,12,19,10,4.3,39,2.8,20,0.65
2017,12,19,11,5.8,35,2.5,360,1.50
2017,12,19,12,6.2,33,2.2,340,1.74
2017,12,19,13,6.7,31,3.5,20,1.81
2017,12,19,14,6.7,31,2.6,340,1.72
2017,12,19,15,7.3,29,2.7,270,1.38
2017,12,19,16,6.4,31,3.1,290,0.88
2017,12,19,17,4.4,33,2.0,270,0.27
2017,12,19,18,3.2,34,1.2,320,0.00
2017,12,20,8,-1.7,31,2.8,90,0.05
2017,12,20,9,-0.5,31,3.9,20,0.51
2017,12,20,10,0.6,31,4.5,340,1.10
2017,12,20,11,2.5,28,3.5,340,1.55
2017,12,20,12,4.9,24,2.4,320,1.82
2017,12,20,13,6.4,22,1.9,340,1.87
2017,12,20,14,7.6,22,2.3,360,1.77
2017,12,20,15,7.1,24,3.0,230,1.39
2017,12,20,16,6.3,26,2.3,230,0.88
2017,12,20,17,4.8,29,2.0,270,0.29
2017,12,20,18,3.2,35,1.7,290,0.00
2017,12,21,8,1.4,57,2.1,270,0.03
2017,12,21,9,3.3,53,2.4,290,0.45
2017,12,21,10,4.6,50,3.1,320,1.07
2017,12,21,11,6.1,43,3.7,320,1.55
2017,12,21,12,7.8,34,2.3,290,1.78
2017,12,21,13,8.8,32,2.5,290,1.83
2017,12,21,14,8.9,27,3.2,290,1.75
2017,12,21,15,9.4,26,2.6,320,1.42
2017,12,21,16,8.6,22,1.4,340,0.93
2017,12,21,17,6.9,24,2.4,320,0.29
2017,12,21,18,5.8,28,3.6,290,0.00
2017,12,22,8,1.8,46,1.6,250,0.04
2017,12,22,9,3.1,43,3.1,270,0.48
2017,12,22,10,5.9,40,1.3,360,1.05
2017,12,22,11,6.7,41,2.5,20,1.48
2017,12,22,12,8.1,40,2.7,290,1.75
2017,12,22,13,8.1,40,4.3,290,1.82
2017,12,22,14,10.1,36,2.5,290,1.69
2017,12,22,15,10.4,35,2.8,290,1.36
2017,12,22,16,9.3,38,2.6,250,0.84
2017,12,22,17,7.5,45,3.9,250,0.27
2017,12,22,18,6.3,49,2.5,290,0.00
2017,12,23,8,4.0,56,0.9,360,0.01
2017,12,23,9,5.4,51,1.1,360,0.31
2017,12,23,10,8.2,40,2.6,360,0.72
2017,12,23,11,8.9,39,3.3,320,1.18
2017,12,23,12,11.3,34,1.8,360,1.57
2017,12,23,13,13.1,29,1.7,200,1.79
2017,12,23,14,13.0,27,2.8,270,1.39
2017,12,23,15,13.0,31,3.0,270,1.19
2017,12,23,16,11.2,33,4.4,250,0.83
2017,12,23,17,9.4,45,2.5,230,0.23
2017,12,23,18,8.0,55,2.5,250,0.00
2017,12,24,8,8.8,69,1.1,50,0.00
2017,12,24,9,9.0,75,1.2,20,0.08
2017,12,24,10,12.2,86,4.8,180,0.07
2017,12,24,11,13.3,81,8.8,200,0.11
2017,12,24,12,10.5,94,4.2,250,0.06
2017,12,24,13,10.5,86,5.9,250,0.17
2017,12,24,14,11.0,79,5.0,230,0.20
2017,12,24,15,11.7,77,7.6,250,0.24
2017,12,24,16,12.3,77,3.6,270,0.68
2017,12,24,17,11.5,76,4.9,290,0.27
2017,12,24,18,11.0,66,3.9,290,0.01
2017,12,25,8,1.7,51,2.4,270,0.03
2017,12,25,9,3.4,44,2.1,320,0.47
2017,12,25,10,4.1,36,3.4,290,1.06
2017,12,25,11,5.1,34,2.9,360,1.59
2017,12,25,12,5.7,30,4.3,270,1.87
2017,12,25,13,6.9,27,2.3,320,1.91
2017,12,25,14,7.2,25,2.0,140,1.79
2017,12,25,15,7.0,23,3.3,320,1.45
2017,12,25,16,6.1,23,2.0,340,0.93
2017,12,25,17,4.9,25,3.8,290,0.32
2017,12,25,18,3.8,28,1.2,360,0.01
2017,12,26,8,0.3,54,0.7,290,0.03
2017,12,26,9,2.9,50,1.5,230,0.42
2017,12,26,10,4.3,52,3.6,250,0.98
2017,12,26,11,6.1,53,3.1,290,1.39
2017,12,26,12,5.5,53,4.9,290,1.31
2017,12,26,13,6.9,48,4.6,270,1.10
2017,12,26,14,7.8,44,5.5,270,1.61
2017,12,26,15,8.2,39,4.6,270,1.41
2017,12,26,16,6.7,35,4.3,270,0.72
2017,12,26,17,5.7,33,4.8,290,0.28
2017,12,26,18,4.3,34,2.9,290,0.01
2017,12,27,8,-3.9,26,1.3,90,0.04
2017,12,27,9,-2.3,26,2.0,20,0.50
2017,12,27,10,-1.5,23,4.3,290,1.11
2017,12,27,11,0.1,22,3.4,340,1.60
2017,12,27,12,1.6,20,3.6,290,1.89
2017,12,27,13,2.2,18,2.9,320,1.97
2017,12,27,14,3.0,17,4.3,290,1.85
2017,12,27,15,3.5,17,2.3,270,1.50
2017,12,27,16,3.0,18,3.3,290,0.97
2017,12,27,17,1.7,18,2.7,290,0.35
2017,12,27,18,0.8,19,2.4,250,0.00
2017,12,28,8,-0.7,39,2.0,20,0.03
2017,12,28,9,0.5,40,3.1,270,0.37
2017,12,28,10,2.3,38,2.6,340,0.95
2017,12,28,11,4.5,35,2.2,20,1.35
2017,12,28,12,4.8,35,4.1,360,1.49
2017,12,28,13,5.7,34,3.6,360,1.43
2017,12,28,14,5.7,35,1.8,340,1.09
2017,12,28,15,5.8,34,1.9,290,0.70
2017,12,28,16,4.7,36,2.7,340,0.40
2017,12,28,17,3.8,39,2.6,320,0.20
2017,12,28,18,2.9,41,4.2,340,0.00
2017,12,29,8,1.9,63,2.7,290,0.02
2017,12,29,9,4.0,56,1.0,270,0.38
2017,12,29,10,6.6,53,1.3,200,0.85
2017,12,29,11,8.6,49,1.2,270,1.27
2017,12,29,12,9.3,47,3.4,290,1.53
2017,12,29,13,9.9,43,3.5,320,1.58
2017,12,29,14,10.8,41,3.3,320,1.47
2017,12,29,15,11.2,40,2.8,290,1.12
2017,12,29,16,10.2,43,2.4,340,0.71
2017,12,29,17,9.1,46,3.5,290,6.00
2017,12,29,18,7.8,49,2.6,340,0.00
2017,12,30,8,3.6,69,0.4,0,0.00
2017,12,30,9,4.9,66,1.3,90,0.20
2017,12,30,10,6.8,59,0.7,200,0.58
2017,12,30,11,9.9,45,1.7,320,1.22
2017,12,30,12,10.6,45,3.0,360,1.54
2017,12,30,13,12.0,41,2.0,140,1.57
2017,12,30,14,11.9,42,1.6,160,1.39
2017,12,30,15,11.1,43,0.7,110,0.70
2017,12,30,16,10.3,48,2.3,110,0.54
2017,12,30,17,9.3,54,2.9,140,0.15
2017,12,30,18,8.9,58,0.5,50,0.00
2017,12,31,8,5.0,60,7.7,290,0.02
2017,12,31,9,5.5,60,2.8,140,0.30
2017,12,31,10,6.6,49,3.1,290,0.99
2017,12,31,11,6.9,39,4.2,360,1.47
2017,12,31,12,7.7,33,3.0,320,1.75
2017,12,31,13,8.2,29,3.8,320,1.84
2017,12,31,14,9.0,24,2.6,320,1.67
2017,12,31,15,8.5,24,3.9,340,1.35
2017,12,31,16,7.7,24,2.3,360,0.94
2017,12,31,17,6.4,26,2.8,320,0.33
2017,12,31,18,5.4,28,3.0,290,0.01
2018,1,1,8,-0.5,43,1.2,360,0.03
2018,1,1,9,1.7,39,2.1,20,0.46
2018,1,1,10,2.7,35,3.0,340,1.04
2018,1,1,11,4.5,29,2.9,50,1.53
2018,1,1,12,5.5,24,2.9,340,1.86
2018,1,1,13,5.6,19,7.6,360,1.98
2018,1,1,14,6.6,20,4.0,320,1.88
2018,1,1,15,7.1,19,2.4,360,1.51
2018,1,1,16,6.3,20,3.5,200,0.99
2018,1,1,17,5.1,23,2.4,90,0.37
2018,1,1,18,3.8,26,2.0,360,0.01
2018,1,2,8,0.1,41,2.9,340,0.02
2018,1,2,9,1.8,38,1.4,340,0.37
2018,1,2,10,4.2,34,1.6,200,0.90
2018,1,2,11,6.3,31,1.1,50,1.39
2018,1,2,12,7.2,28,2.0,340,1.70
2018,1,2,13,8.2,27,2.0,360,1.72
2018,1,2,14,9.2,28,2.4,270,1.57
2018,1,2,15,9.0,32,2.5,340,1.21
2018,1,2,16,8.0,34,3.9,250,0.74
2018,1,2,17,6.8,38,3.8,270,0.23
2018,1,2,18,5.8,37,2.6,270,0.02
2018,1,3,8,0.2,24,4.9,360,0.01
2018,1,3,9,2.4,24,3.1,70,0.44
2018,1,3,10,3.3,23,3.3,20,1.06
2018,1,3,11,5.0,21,3.6,20,1.57
2018,1,3,12,5.4,22,2.5,360,1.88
2018,1,3,13,6.1,21,4.4,270,2.00
2018,1,3,14,6.5,19,4.9,290,1.76
2018,1,3,15,6.2,20,5.4,290,1.45
2018,1,3,16,5.5,19,2.9,320,0.81
2018,1,3,17,4.5,18,2.3,360,0.40
2018,1,3,18,2.9,20,2.2,320,0.01
2018,1,4,8,-1.5,32,2.7,340,0.02
2018,1,4,9,-0.8,32,1.6,340,0.20
2018,1,4,10,0.6,32,2.1,340,0.53
2018,1,4,11,4.0,27,0.8,50,1.16
2018,1,4,12,5.2,26,1.4,140,1.29
2018,1,4,13,7.3,24,1.4,70,1.80
2018,1,4,14,6.7,27,1.7,110,1.35
2018,1,4,15,6.5,40,1.4,90,0.91
2018,1,4,16,5.7,43,1.7,50,0.41
2018,1,4,17,5.3,43,2.0,70,0.14
2018,1,4,18,4.8,46,1.5,50,0.01
2018,1,5,8,1.5,79,5.6,320,0.00
2018,1,5,9,2.1,65,4.8,290,0.11
2018,1,5,10,3.6,61,4.3,320,0.43
2018,1,5,11,4.6,49,4.0,290,0.80
2018,1,5,12,6.9,36,3.9,290,1.77
2018,1,5,13,8.4,26,2.3,360,1.87
2018,1,5,14,9.3,22,3.1,290,1.81
2018,1,5,15,9.5,24,2.6,290,1.47
2018,1,5,16,8.2,24,3.0,250,0.96
2018,1,5,17,6.8,24,1.2,180,0.37
2018,1,5,18,5.4,19,1.6,20,0.01
2018,1,6,8,-0.5,44,1.4,230,0.03
2018,1,6,9,0.1,42,2.4,360,0.29
2018,1,6,10,3.2,32,2.1,90,1.01
2018,1,6,11,4.3,30,2.0,290,1.53
2018,1,6,12,5.3,27,4.3,290,1.87
2018,1,6,13,6.0,26,6.3,290,2.02
2018,1,6,14,7.7,24,2.9,250,1.89
2018,1,6,15,7.9,24,5.5,290,1.56
2018,1,6,16,7.6,24,3.2,340,1.05
2018,1,6,17,6.6,25,1.6,360,0.42
2018,1,6,18,5.2,27,2.7,320,0.00
2018,1,7,8,0.8,40,0.6,70,0.02
2018,1,7,9,1.8,39,1.6,70,0.21
2018,1,7,10,4.7,35,0.4,0,0.64
2018,1,7,11,7.2,33,0.9,140,0.91
2018,1,7,12,6.6,34,0.5,360,0.60
2018,1,7,13,7.3,35,0.8,140,0.57
2018,1,7,14,8.2,45,1.4,50,0.47
2018,1,7,15,8.9,47,1.2,50,0.46
2018,1,7,16,8.7,52,1.6,50,0.44
2018,1,7,17,8.4,57,2.0,50,0.16
2018,1,7,18,7.8,58,2.0,50,0.00
2018,1,8,8,6.8,92,1.0,50,0.00
2018,1,8,9,7.0,93,0.2,0,0.01
2018,1,8,10,7.1,94,0.5,200,0.07
2018,1,8,11,7.1,95,2.9,360,0.15
2018,1,8,12,6.3,94,7.9,340,6.00
2018,1,8,13,6.8,91,4.5,320,0.38
2018,1,8,14,6.7,89,3.3,320,0.27
2018,1,8,15,6.1,91,5.2,290,0.15
2018,1,8,16,6.1,87,2.9,250,0.09
2018,1,8,17,5.5,89,4.3,360,0.10
2018,1,8,18,5.0,88,3.0,20,0.00
2018,1,9,8,0.3,46,6.6,290,0.01
2018,1,9,9,1.5,44,5.9,270,0.40
2018,1,9,10,2.3,47,7.6,270,1.04
2018,1,9,11,2.9,47,6.0,290,1.30
2018,1,9,12,3.4,40,8.2,290,1.85
2018,1,9,13,3.9,36,8.7,290,1.94
2018,1,9,14,4.3,34,10.1,270,1.81
2018,1,9,15,4.0,35,10.1,270,1.52
2018,1,9,16,3.5,35,9.8,270,1.00
2018,1,9,17,2.9,40,6.9,290,0.42
2018,1,9,18,1.8,44,6.3,290,0.02
2018,1,10,8,-0.1,62,2.1,320,0.02
2018,1,10,9,0.7,59,2.5,320,0.27
2018,1,10,10,-0.9,83,4.4,360,0.67
2018,1,10,11,0.6,72,2.8,360,1.36
2018,1,10,12,1.5,55,2.4,290,1.81
2018,1,10,13,1.1,50,4.8,340,1.38
2018,1,10,14,1.6,53,2.9,340,1.50
2018,1,10,15,1.6,46,3.9,290,1.54
2018,1,10,16,0.8,41,2.5,340,0.96
2018,1,10,17,-0.8,42,5.5,290,0.16
2018,1,10,18,-1.3,39,4.6,320,0.01
2018,1,11,8,-6.9,51,3.2,320,0.03
2018,1,11,9,-5.8,48,4.2,290,0.47
2018,1,11,10,-4.7,46,4.8,290,1.09
2018,1,11,11,-4.0,40,4.5,320,1.61
2018,1,11,12,-3.0,37,4.1,290,1.93
2018,1,11,13,-2.0,36,4.1,320,2.03
2018,1,11,14,-0.7,33,4.6,270,1.94
2018,1,11,15,-0.2,29,2.9,340,1.62
2018,1,11,16,-1.1,27,4.1,320,1.13
2018,1,11,17,-2.0,28,4.8,290,0.50
2018,1,11,18,-3.2,31,7.2,290,0.01
2018,1,12,8,-8.7,52,2.3,110,0.03
2018,1,12,9,-7.1,49,2.9,110,0.49
2018,1,12,10,-5.8,44,3.6,290,1.12
2018,1,12,11,-4.3,39,3.1,320,1.63
2018,1,12,12,-3.2,34,5.6,290,1.97
2018,1,12,13,-2.2,32,3.9,290,2.07
2018,1,12,14,-0.4,27,3.3,270,1.99
2018,1,12,15,-0.7,24,3.6,290,1.68
2018,1,12,16,-0.8,23,3.1,290,1.15
2018,1,12,17,-1.2,22,2.5,340,0.52
2018,1,12,18,-2.6,20,1.9,340,0.02
2018,1,13,8,-4.4,51,2.5,270,0.03
2018,1,13,9,-3.4,52,1.7,340,0.22
2018,1,13,10,-2.4,51,2.6,290,0.39
2018,1,13,11,1.7,43,0.9,250,1.33
2018,1,13,12,3.2,41,2.9,250,1.80
2018,1,13,13,4.0,41,2.4,320,1.88
2018,1,13,14,4.9,40,2.0,180,1.80
2018,1,13,15,5.1,39,2.0,360,1.44
2018,1,13,16,4.2,40,3.4,360,0.99
2018,1,13,17,3.6,43,3.1,360,0.44
2018,1,13,18,2.4,45,2.0,340,0.02
2018,1,14,8,-0.2,62,1.1,360,0.02
2018,1,14,9,0.1,60,0.2,0,6.00
2018,1,14,10,1.6,55,0.7,230,0.58
2018,1,14,11,3.9,47,0.1,0,0.79
2018,1,14,12,5.8,48,1.4,200,1.08
2018,1,14,13,8.1,45,2.9,200,1.57
2018,1,14,14,8.8,43,2.4,180,1.77
2018,1,14,15,8.5,49,2.9,230,1.38
2018,1,14,16,7.6,54,2.8,200,0.74
2018,1,14,17,7.0,58,2.1,270,0.44
2018,1,14,18,5.4,63,2.6,290,0.02
2018,1,15,8,7.0,82,4.9,270,0.02
2018,1,15,9,8.3,75,6.5,270,0.42
2018,1,15,10,9.6,68,4.6,270,1.05
2018,1,15,11,10.7,62,4.8,250,1.55
2018,1,15,12,11.4,54,5.6,250,1.83
2018,1,15,13,12.2,47,5.5,250,1.92
2018,1,15,14,13.6,43,3.3,250,1.85
2018,1,15,15,13.6,42,4.2,250,1.54
2018,1,15,16,13.5,41,2.5,230,1.04
2018,1,15,17,11.7,50,2.8,180,0.47
2018,1,15,18,9.8,57,1.7,290,0.03
2018,1,16,8,10.4,72,3.1,270,0.00
2018,1,16,9,10.6,75,1.8,250,0.06
2018,1,16,10,10.9,75,1.0,200,0.12
2018,1,16,11,10.3,90,0.8,250,0.09
2018,1,16,12,10.6,94,2.3,270,0.18
2018,1,16,13,10.3,95,1.1,110,0.17
2018,1,16,14,10.5,96,2.9,360,0.23
2018,1,16,15,10.1,96,1.4,200,0.12
2018,1,16,16,9.9,96,0.9,90,0.11
2018,1,16,17,9.6,96,0.9,70,0.04
2018,1,16,18,9.3,96,1.5,20,0.00
2018,1,17,8,5.9,95,1.8,340,0.00
2018,1,17,9,6.1,95,1.0,290,0.05
2018,1,17,10,5.9,95,3.6,340,0.14
2018,1,17,11,5.4,95,5.4,340,6.00
2018,1,17,12,5.9,95,3.4,340,0.34
2018,1,17,13,7.0,95,0.8,360,0.38
2018,1,17,14,7.6,92,2.8,340,0.73
2018,1,17,15,7.3,89,3.9,360,0.69
2018,1,17,16,7.3,87,4.4,340,0.37
2018,1,17,17,7.9,85,4.0,340,0.47
2018,1,17,18,6.6,87,0.8,50,0.05
2018,1,18,8,4.5,77,3.3,360,0.02
2018,1,18,9,5.4,72,4.1,340,0.30
2018,1,18,10,7.8,68,1.9,360,0.84
2018,1,18,11,8.9,62,2.2,320,1.32
2018,1,18,12,10.5,60,3.2,290,1.73
2018,1,18,13,10.9,62,3.7,290,1.82
2018,1,18,14,11.3,54,3.5,290,1.69
2018,1,18,15,11.0,51,4.0,290,1.19
2018,1,18,16,10.2,51,4.7,290,0.84
2018,1,18,17,9.2,59,3.8,290,0.39
2018,1,18,18,8.1,57,1.9,340,0.00
2018,1,19,8,2.1,48,2.1,360,0.02
2018,1,19,9,4.1,46,1.2,360,0.43
2018,1,19,10,6.7,40,1.4,200,1.05
2018,1,19,11,8.3,38,2.4,290,1.43
2018,1,19,12,10.7,27,1.1,230,1.74
2018,1,19,13,11.4,26,2.0,270,1.96
2018,1,19,14,11.3,23,3.1,360,1.94
2018,1,19,15,11.1,22,2.8,360,1.55
2018,1,19,16,10.6,19,2.4,290,0.99
2018,1,19,17,9.3,25,4.1,270,0.43
2018,1,19,18,7.8,32,2.5,270,0.04
2018,1,20,8,1.5,31,4.0,360,0.02
2018,1,20,9,3.6,29,3.0,360,0.44
2018,1,20,10,4.2,33,7.1,360,1.01
2018,1,20,11,6.9,32,3.0,340,1.51
2018,1,20,12,7.6,37,3.8,320,1.84
2018,1,20,13,9.6,35,2.4,340,1.92
2018,1,20,14,9.9,35,2.5,360,1.81
2018,1,20,15,10.4,34,2.4,320,1.50
2018,1,20,16,9.2,33,2.1,290,0.77
2018,1,20,17,7.9,37,2.1,320,0.23
2018,1,20,18,6.6,39,2.2,340,0.02
2018,1,21,8,2.2,37,1.1,360,0.02
2018,1,21,9,4.2,37,0.7,200,0.42
2018,1,21,10,7.4,33,1.2,160,0.95
2018,1,21,11,9.4,21,1.9,50,1.48
2018,1,21,12,10.9,20,3.1,50,1.57
2018,1,21,13,10.4,22,2.5,140,1.38
2018,1,21,14,10.7,30,3.6,140,1.20
2018,1,21,15,10.2,31,3.3,140,1.01
2018,1,21,16,9.2,32,2.5,110,0.74
2018,1,21,17,8.0,34,2.3,70,0.28
2018,1,21,18,7.1,37,2.0,50,0.03
2018,1,22,8,4.7,67,3.4,360,0.01
2018,1,22,9,5.1,66,3.9,360,0.14
2018,1,22,10,5.7,63,1.8,340,0.45
2018,1,22,11,7.1,56,3.2,360,0.89
2018,1,22,12,7.4,58,1.2,250,0.93
2018,1,22,13,5.3,77,1.2,160,0.57
2018,1,22,14,5.2,82,3.2,270,0.59
2018,1,22,15,7.2,70,2.8,270,0.79
2018,1,22,16,7.4,66,3.3,270,0.57
2018,1,22,17,6.5,66,5.9,250,0.40
2018,1,22,18,5.5,71,2.2,270,0.06
2018,1,23,8,-0.9,46,4.8,270,0.03
2018,1,23,9,-0.5,42,6.2,270,0.44
2018,1,23,10,0.3,40,4.4,290,1.05
2018,1,23,11,0.3,32,4.3,360,1.57
2018,1,23,12,0.9,29,3.3,360,1.94
2018,1,23,13,0.8,25,3.2,340,2.06
2018,1,23,14,0.5,22,4.1,360,2.01
2018,1,23,15,0.1,23,4.3,340,1.77
2018,1,23,16,-0.9,21,3.3,360,1.21
2018,1,23,17,-1.8,24,2.1,110,0.63
2018,1,23,18,-3.8,27,3.9,360,0.08
2018,1,24,8,-9.6,28,3.3,340,0.04
2018,1,24,9,-8.6,24,3.9,290,0.54
2018,1,24,10,-7.9,25,4.5,290,1.22
2018,1,24,11,-6.5,24,3.4,320,1.76
2018,1,24,12,-5.5,25,6.0,290,2.09
2018,1,24,13,-4.2,24,4.3,290,2.18
2018,1,24,14,-3.2,23,2.9,360,1.77
2018,1,24,15,-2.9,24,4.9,360,1.61
2018,1,24,16,-3.0,22,4.2,360,1.27
2018,1,24,17,-4.1,23,3.0,340,0.56
2018,1,24,18,-5.4,24,2.4,20,0.11
2018,1,25,8,-8.8,29,4.5,110,0.06
2018,1,25,9,-7.3,27,2.6,230,0.59
2018,1,25,10,-5.9,24,2.1,320,1.21
2018,1,25,11,-4.9,23,3.8,290,1.76
2018,1,25,12,-3.1,19,4.1,320,2.12
2018,1,25,13,-1.9,19,4.7,290,2.24
2018,1,25,14,-0.6,18,3.9,320,2.20
2018,1,25,15,0.0,17,3.6,290,1.77
2018,1,25,16,0.0,18,2.3,290,1.31
2018,1,25,17,-1.7,17,2.8,360,0.56
2018,1,25,18,-2.6,18,1.5,110,0.05
2018,1,26,8,-9.5,28,2.6,360,0.05
2018,1,26,9,-8.1,29,2.6,230,0.56
2018,1,26,10,-6.7,27,2.1,110,1.23
2018,1,26,11,-5.8,24,2.8,290,1.77
2018,1,26,12,-3.8,21,3.2,320,2.11
2018,1,26,13,-2.4,19,3.3,270,2.24
2018,1,26,14,-0.6,18,2.8,290,2.17
2018,1,26,15,-0.2,17,2.5,340,1.88
2018,1,26,16,0.1,15,3.3,290,1.35
2018,1,26,17,-0.7,15,3.3,340,0.70
2018,1,26,18,-2.7,17,3.1,360,0.10
2018,1,27,8,-7.3,33,0.9,320,0.05
2018,1,27,9,-4.3,28,0.7,360,0.56
2018,1,27,10,-1.3,26,0.9,270,1.22
2018,1,27,11,1.2,26,1.4,180,1.75
2018,1,27,12,3.2,19,2.1,270,2.09
2018,1,27,13,4.1,18,1.9,270,2.20
2018,1,27,14,5.1,17,1.7,250,2.10
2018,1,27,15,4.9,17,4.1,200,1.79
2018,1,27,16,4.6,15,1.4,360,1.27
2018,1,27,17,3.4,19,1.6,230,0.65
2018,1,27,18,0.9,21,2.0,320,0.09
2018,1,28,8,-0.8,41,1.9,180,0.00
2018,1,28,9,-0.9,42,3.1,360,0.15
2018,1,28,10,0.0,35,3.5,360,0.48
2018,1,28,11,2.6,28,3.5,20,1.35
2018,1,28,12,3.7,26,1.9,20,1.95
2018,1,28,13,3.6,25,5.4,290,2.07
2018,1,28,14,5.1,25,3.6,290,1.89
2018,1,28,15,5.2,26,2.9,290,1.62
2018,1,28,16,4.6,27,2.3,340,1.18
2018,1,28,17,4.2,29,2.6,290,0.63
2018,1,28,18,2.9,31,2.2,320,0.10
2018,1,29,8,-5.6,44,0.8,230,0.05
2018,1,29,9,-3.9,44,2.3,270,0.51
2018,1,29,10,-2.6,41,3.5,270,1.14
2018,1,29,11,-1.3,38,3.0,320,1.61
2018,1,29,12,0.7,32,2.5,270,2.06
2018,1,29,13,0.8,31,3.8,340,2.17
2018,1,29,14,1.8,30,2.7,340,2.09
2018,1,29,15,2.4,28,4.1,360,1.77
2018,1,29,16,2.0,26,3.5,320,1.29
2018,1,29,17,1.2,27,3.1,340,0.68
2018,1,29,18,-0.8,28,2.9,320,0.11
2018,1,30,8,-5.0,43,3.8,140,0.06
2018,1,30,9,-3.8,38,4.8,20,0.58
2018,1,30,10,-2.4,35,3.6,270,1.26
2018,1,30,11,-0.6,31,3.8,160,1.80
2018,1,30,12,0.4,26,2.5,110,2.04
2018,1,30,13,2.5,21,2.3,20,2.17
2018,1,30,14,2.1,23,6.0,290,2.19
2018,1,30,15,1.9,23,4.5,320,1.75
2018,1,30,16,2.2,23,2.7,270,0.90
2018,1,30,17,1.5,24,1.4,250,0.49
2018,1,30,18,0.3,26,1.3,270,0.09
2018,1,31,8,-2.0,49,2.7,270,0.04
2018,1,31,9,0.1,50,2.9,270,0.48
2018,1,31,10,1.8,47,3.3,320,0.95
2018,1,31,11,3.1,40,2.9,340,1.46
2018,1,31,12,4.5,37,3.3,290,1.68
2018,1,31,13,5.7,32,1.6,360,1.54
2018,1,31,14,6.3,31,2.4,320,1.33
2018,1,31,15,6.2,30,1.6,320,0.91
2018,1,31,16,5.4,33,0.8,230,0.37
2018,1,31,17,4.4,38,2.8,270,0.19
2018,1,31,18,3.8,38,2.8,270,0.01
2018,2,1,8,-0.2,41,2.7,360,0.03
2018,2,1,9,1.8,36,1.8,340,0.49
2018,2,1,10,3.7,35,1.5,340,1.12
2018,2,1,11,5.3,32,2.7,290,1.67
2018,2,1,12,6.3,28,2.6,290,2.05
2018,2,1,13,8.4,24,1.4,360,2.14
2018,2,1,14,8.9,23,1.2,360,2.03
2018,2,1,15,9.3,21,1.8,320,1.62
2018,2,1,16,8.2,19,1.6,340,1.18
2018,2,1,17,6.0,35,3.3,110,0.59
2018,2,1,18,4.5,37,1.6,110,0.12
2018,2,2,8,0.5,31,5.6,340,0.05
2018,2,2,9,1.0,30,5.9,340,0.44
2018,2,2,10,3.6,25,2.9,340,0.91
2018,2,2,11,4.9,23,3.9,360,1.36
2018,2,2,12,6.6,22,3.9,360,1.90
2018,2,2,13,6.7,19,2.1,270,1.62
2018,2,2,14,7.1,20,2.1,360,1.38
2018,2,2,15,6.8,17,1.7,200,1.14
2018,2,2,16,5.6,18,2.8,270,0.62
2018,2,2,17,4.9,19,1.4,200,0.30
2018,2,2,18,4.0,18,2.4,340,0.05
2018,2,3,8,-1.2,35,2.0,230,0.04
2018,2,3,9,-0.1,38,3.3,270,0.50
2018,2,3,10,0.8,43,4.2,290,1.17
2018,2,3,11,1.3,42,4.0,290,1.71
2018,2,3,12,1.9,34,4.0,290,2.12
2018,2,3,13,3.0,31,4.3,290,2.27
2018,2,3,14,3.5,27,3.4,320,2.24
2018,2,3,15,3.5,24,4.0,320,1.95
2018,2,3,16,2.8,19,4.1,320,1.42
2018,2,3,17,1.7,21,3.5,320,0.78
2018,2,3,18,0.1,23,4.4,290,0.16
2018,2,4,8,-7.5,44,6.1,290,0.08
2018,2,4,9,-6.5,43,4.9,290,0.63
2018,2,4,10,-5.2,36,4.8,290,1.30
2018,2,4,11,-3.9,31,3.5,320,1.86
2018,2,4,12,-3.0,27,4.2,290,2.24
2018,2,4,13,-2.4,26,5.7,290,2.35
2018,2,4,14,-1.3,23,4.7,320,2.28
2018,2,4,15,-0.9,21,5.7,290,1.97
2018,2,4,16,-0.6,20,4.3,290,1.44
2018,2,4,17,-1.3,20,3.4,340,0.79
2018,2,4,18,-2.7,23,2.8,340,0.15
2018,2,5,8,-7.2,37,3.7,290,0.08
2018,2,5,9,-5.8,36,4.2,290,0.63
2018,2,5,10,-4.2,33,3.2,320,1.30
2018,2,5,11,-2.9,29,3.1,290,1.86
2018,2,5,12,-2.1,27,4.3,290,2.23
2018,2,5,13,-1.3,24,3.7,320,2.35
2018,2,5,14,0.3,21,2.8,360,2.25
2018,2,5,15,0.7,19,3.6,320,1.93
2018,2,5,16,0.0,19,4.6,340,1.31
2018,2,5,17,-1.1,22,6.1,290,0.65
2018,2,5,18,-2.4,25,6.9,290,0.12
2018,2,6,8,-8.2,37,3.2,270,0.09
2018,2,6,9,-7.0,34,4.3,290,0.65
2018,2,6,10,-5.8,34,3.6,320,1.30
2018,2,6,11,-4.8,28,4.2,290,1.88
2018,2,6,12,-3.1,25,4.4,320,2.27
2018,2,6,13,-2.2,21,4.8,290,2.41
2018,2,6,14,-0.4,20,2.4,360,2.32
2018,2,6,15,-0.3,18,3.8,340,1.98
2018,2,6,16,-0.3,17,3.1,360,1.46
2018,2,6,17,-1.3,18,2.1,340,0.82
2018,2,6,18,-2.8,20,2.2,320,0.17
2018,2,7,8,-8.9,54,2.7,360,0.09
2018,2,7,9,-7.7,46,7.8,290,0.68
2018,2,7,10,-6.3,35,7.7,290,1.37
2018,2,7,11,-4.5,31,7.7,290,1.92
2018,2,7,12,-1.4,25,2.5,340,2.30
2018,2,7,13,0.5,20,3.3,290,2.41
2018,2,7,14,2.1,18,2.0,320,2.31
2018,2,7,15,2.5,17,3.6,270,1.99
2018,2,7,16,2.0,16,2.9,290,1.46
2018,2,7,17,1.5,16,2.4,290,0.83
2018,2,7,18,-0.1,23,3.2,270,0.18
2018,2,8,8,-3.6,30,2.4,340,0.07
2018,2,8,9,-1.5,27,3.4,20,0.57
2018,2,8,10,0.9,24,1.8,340,1.21
2018,2,8,11,3.6,27,1.9,110,1.72
2018,2,8,12,5.6,20,2.2,290,2.08
2018,2,8,13,6.6,23,3.4,200,2.19
2018,2,8,14,6.2,26,3.0,200,2.01
2018,2,8,15,5.9,29,3.2,180,1.61
2018,2,8,16,5.0,32,3.6,200,1.14
2018,2,8,17,4.1,32,3.0,200,0.64
2018,2,8,18,2.9,36,1.6,200,0.16
2018,2,9,8,2.7,83,1.3,20,0.00
2018,2,9,9,3.0,79,1.7,110,0.24
2018,2,9,10,6.0,69,0.9,70,0.89
2018,2,9,11,9.1,57,1.0,160,1.66
2018,2,9,12,9.7,56,3.4,200,1.75
2018,2,9,13,10.8,49,3.9,200,2.12
2018,2,9,14,9.1,52,3.6,270,0.96
2018,2,9,15,10.4,50,4.7,270,1.37
2018,2,9,16,9.3,52,4.4,270,0.73
2018,2,9,17,8.4,56,5.0,270,0.37
2018,2,9,18,7.7,58,4.4,270,0.09
2018,2,10,8,5.1,55,4.2,290,0.01
2018,2,10,9,5.3,56,3.3,340,0.12
2018,2,10,10,5.8,55,1.2,320,0.23
2018,2,10,11,6.1,54,2.0,320,0.41
2018,2,10,12,7.4,39,2.7,290,0.92
2018,2,10,13,9.0,35,4.7,290,1.45
2018,2,10,14,10.9,33,2.0,290,1.73
2018,2,10,15,11.3,31,3.6,290,1.54
2018,2,10,16,9.8,33,3.3,340,1.08
2018,2,10,17,9.3,34,1.4,320,0.38
2018,2,10,18,8.3,33,2.7,290,0.01
2018,2,11,8,-3.9,41,2.2,270,0.10
2018,2,11,9,-1.8,39,2.9,250,0.67
2018,2,11,10,-0.7,36,5.7,250,1.33
2018,2,11,11,0.1,36,4.5,270,1.60
2018,2,11,12,0.4,39,7.7,250,1.85
2018,2,11,13,1.5,36,7.1,250,2.08
2018,2,11,14,2.4,25,9.1,270,2.05
2018,2,11,15,2.4,25,6.6,270,1.85
2018,2,11,16,3.3,23,3.8,290,1.37
2018,2,11,17,1.0,27,7.7,290,0.62
2018,2,11,18,0.1,30,4.7,290,0.11
2018,2,12,8,-3.5,56,3.9,290,0.10
2018,2,12,9,-2.4,50,4.0,270,0.69
2018,2,12,10,-1.3,42,4.0,290,1.41
2018,2,12,11,0.0,37,5.4,250,1.87
2018,2,12,12,0.8,37,5.5,270,2.29
2018,2,12,13,1.3,34,7.2,250,2.43
2018,2,12,14,3.3,33,4.9,270,2.37
2018,2,12,15,2.7,38,7.2,250,2.11
2018,2,12,16,2.9,36,7.7,250,1.55
2018,2,12,17,2.0,38,5.3,290,0.79
2018,2,12,18,0.9,34,4.8,270,0.14
2018,2,13,8,-2.1,55,1.9,250,0.09
2018,2,13,9,-0.3,52,2.2,290,0.63
2018,2,13,10,1.5,44,1.7,320,1.30
2018,2,13,11,3.5,33,2.7,270,1.89
2018,2,13,12,4.6,27,2.4,320,2.30
2018,2,13,13,5.3,28,3.7,250,2.42
2018,2,13,14,5.8,25,4.8,250,2.36
2018,2,13,15,5.8,23,6.1,230,2.05
2018,2,13,16,5.2,37,5.6,230,1.52
2018,2,13,17,4.6,34,6.2,230,0.86
2018,2,13,18,3.5,37,6.3,230,0.22
2018,2,14,8,4.7,61,6.7,270,0.09
2018,2,14,9,6.8,58,7.9,270,0.63
2018,2,14,10,8.4,55,6.2,250,1.29
2018,2,14,11,9.9,51,6.1,250,1.76
2018,2,14,12,10.9,53,8.3,270,2.04
2018,2,14,13,11.7,54,10.1,270,2.08
2018,2,14,14,12.4,54,11.0,270,1.98
2018,2,14,15,12.7,52,7.9,250,1.37
2018,2,14,16,12.2,58,10.4,230,1.04
2018,2,14,17,11.6,64,10.0,230,0.40
2018,2,14,18,11.2,67,8.2,250,0.02
2018,2,15,8,6.8,63,0.9,340,0.05
2018,2,15,9,7.2,46,1.8,340,0.34
2018,2,15,10,8.3,42,1.7,340,0.65
2018,2,15,11,8.9,36,1.9,20,0.85
2018,2,15,12,11.3,37,3.0,140,1.48
2018,2,15,13,11.0,36,3.7,140,2.15
2018,2,15,14,10.9,39,3.0,110,1.81
2018,2,15,15,10.3,49,3.7,140,1.33
2018,2,15,16,8.9,54,2.9,110,0.77
2018,2,15,17,8.3,57,2.4,110,0.59
2018,2,15,18,7.4,60,2.4,90,0.16
2018,2,16,8,4.2,68,1.1,50,0.05
2018,2,16,9,5.8,65,0.9,160,0.39
2018,2,16,10,8.3,54,1.3,110,0.90
2018,2,16,11,10.2,50,1.3,160,1.48
2018,2,16,12,11.2,49,1.7,270,1.60
2018,2,16,13,10.9,53,2.6,250,1.24
2018,2,16,14,10.6,51,4.8,250,0.94
2018,2,16,15,9.7,54,6.1,270,0.60
2018,2,16,16,9.4,52,5.3,250,0.54
2018,2,16,17,9.1,54,3.1,250,0.35
2018,2,16,18,8.4,61,3.1,250,0.11
2018,2,17,8,1.0,23,3.8,360,0.15
2018,2,17,9,2.4,18,3.3,340,0.82
2018,2,17,10,4.4,15,1.9,340,1.52
2018,2,17,11,5.4,14,3.9,340,2.07
2018,2,17,12,6.5,13,4.0,290,2.44
2018,2,17,13,8.5,12,3.5,340,2.51
2018,2,17,14,9.4,12,3.2,340,2.24
2018,2,17,15,8.9,12,4.6,290,2.19
2018,2,17,16,8.9,12,3.3,340,1.50
2018,2,17,17,8.4,13,1.8,320,0.79
2018,2,17,18,5.7,25,3.9,270,0.14
2018,2,18,8,0.8,20,3.2,360,0.13
2018,2,18,9,4.1,16,0.7,340,0.75
2018,2,18,10,4.9,16,2.9,320,1.42
2018,2,18,11,6.7,15,2.7,340,1.91
2018,2,18,12,9.1,15,2.3,140,2.25
2018,2,18,13,8.2,23,3.3,180,1.93
2018,2,18,14,7.9,30,3.2,200,1.36
2018,2,18,15,7.5,34,2.1,160,0.74
2018,2,18,16,7.1,36,1.7,160,0.53
2018,2,18,17,6.6,37,2.0,110,0.31
2018,2,18,18,5.9,37,2.3,110,0.13
2018,2,19,8,4.5,33,0.6,250,0.07
2018,2,19,9,6.3,29,0.6,320,0.45
2018,2,19,10,8.2,28,0.3,0,0.94
2018,2,19,11,9.9,27,2.2,140,1.42
2018,2,19,12,10.9,30,2.9,180,1.53
2018,2,19,13,10.5,35,2.8,200,1.59
2018,2,19,14,11.1,34,2.3,160,1.39
2018,2,19,15,9.8,40,2.9,140,0.95
2018,2,19,16,9.1,41,2.2,110,0.54
2018,2,19,17,8.4,46,2.8,110,0.34
2018,2,19,18,8.0,45,2.0,90,0.08
2018,2,20,8,5.4,33,1.4,90,0.15
2018,2,20,9,7.7,22,1.8,70,0.73
2018,2,20,10,9.2,21,3.2,360,1.39
2018,2,20,11,9.9,24,4.4,360,1.83
2018,2,20,12,11.9,24,1.9,340,2.15
2018,2,20,13,12.2,24,3.3,290,2.13
2018,2,20,14,13.3,23,3.1,290,1.88
2018,2,20,15,13.3,22,2.5,290,1.67
2018,2,20,16,13.1,23,1.9,110,1.27
2018,2,20,17,11.9,23,1.7,360,0.48
2018,2,20,18,10.3,29,3.0,270,0.10
2018,2,21,8,2.9,20,1.7,340,0.09
2018,2,21,9,4.3,21,2.1,360,0.46
2018,2,21,10,6.8,19,2.0,360,1.39
2018,2,21,11,7.4,20,1.2,70,1.47
2018,2,21,12,8.9,21,2.2,290,1.55
2018,2,21,13,7.9,30,3.7,200,1.60
2018,2,21,14,8.5,33,3.6,180,1.85
2018,2,21,15,7.8,36,3.3,180,1.19
2018,2,21,16,7.8,38,2.7,140,0.98
2018,2,21,17,6.4,36,1.7,180,0.44
2018,2,21,18,5.3,49,2.3,140,0.12
2018,2,22,8,0.8,24,3.9,20,0.17
2018,2,22,9,2.4,24,2.4,340,0.65
2018,2,22,10,3.8,25,2.8,50,1.28
2018,2,22,11,5.3,24,4.4,290,1.92
2018,2,22,12,6.7,22,3.4,290,2.19
2018,2,22,13,8.8,20,1.8,180,2.38
2018,2,22,14,7.8,27,4.7,180,1.98
2018,2,22,15,8.2,27,4.5,200,1.82
2018,2,22,16,7.3,27,5.7,200,1.49
2018,2,22,17,7.3,23,3.7,230,0.87
2018,2,22,18,5.8,32,4.9,230,0.19
2018,2,23,8,2.7,48,4.5,270,0.14
2018,2,23,9,4.5,47,6.0,270,0.68
2018,2,23,10,6.0,45,5.7,270,1.25
2018,2,23,11,8.2,41,4.8,290,1.77
2018,2,23,12,9.1,41,5.2,250,2.26
2018,2,23,13,10.3,37,4.2,250,2.32
2018,2,23,14,12.1,32,3.7,270,2.32
2018,2,23,15,11.0,40,4.6,180,1.89
2018,2,23,16,10.0,52,4.5,200,1.24
2018,2,23,17,10.2,41,5.1,230,0.59
2018,2,23,18,9.4,50,6.1,230,0.14
2018,2,24,8,6.0,47,1.0,140,0.13
2018,2,24,9,8.4,38,2.5,230,0.67
2018,2,24,10,10.1,31,3.2,250,1.29
2018,2,24,11,12.0,26,2.2,320,1.91
2018,2,24,12,13.0,25,2.8,360,1.99
2018,2,24,13,14.4,29,2.6,200,2.13
2018,2,24,14,13.0,33,4.5,200,2.15
2018,2,24,15,12.8,27,4.7,200,1.63
2018,2,24,16,12.6,30,2.7,200,1.48
2018,2,24,17,10.8,36,3.9,110,0.70
2018,2,24,18,9.1,64,2.6,70,0.15
2018,2,25,8,7.0,74,2.4,50,0.09
2018,2,25,9,8.2,70,1.7,50,0.37
2018,2,25,10,10.6,62,1.3,50,0.89
2018,2,25,11,12.5,58,1.7,70,1.54
2018,2,25,12,13.3,62,3.0,110,1.97
2018,2,25,13,11.6,65,3.7,140,1.61
2018,2,25,14,12.0,66,3.0,110,1.14
2018,2,25,15,10.4,72,2.2,110,0.70
2018,2,25,16,10.0,75,1.5,110,0.22
2018,2,25,17,10.2,75,1.4,110,0.29
2018,2,25,18,9.4,76,1.9,110,0.01
2018,2,26,8,5.2,40,2.4,70,0.20
2018,2,26,9,7.5,33,3.3,50,0.87
2018,2,26,10,10.2,28,1.8,70,1.56
2018,2,26,11,10.8,37,2.7,140,1.99
2018,2,26,12,10.8,51,4.5,140,2.11
2018,2,26,13,11.6,47,3.6,110,2.28
2018,2,26,14,11.5,50,3.9,110,2.27
2018,2,26,15,11.1,52,4.7,110,1.78
2018,2,26,16,10.1,55,4.1,110,1.46
2018,2,26,17,9.3,60,2.6,110,0.77
2018,2,26,18,7.8,63,2.9,110,0.20
2018,2,27,8,6.0,73,0.1,0,0.18
2018,2,27,9,9.6,65,2.7,250,0.77
2018,2,27,10,11.6,54,3.0,250,1.27
2018,2,27,11,12.0,53,5.6,250,1.85
2018,2,27,12,12.7,50,4.2,250,1.90
2018,2,27,13,13.8,44,4.6,270,2.23
2018,2,27,14,14.0,46,4.4,230,1.76
2018,2,27,15,13.0,57,5.4,200,1.25
2018,2,27,16,13.0,47,6.0,200,0.75
2018,2,27,17,12.6,48,4.7,230,0.55
2018,2,27,18,11.6,45,4.7,230,0.20
2018,2,28,8,8.5,72,2.5,50,0.00
2018,2,28,9,9.6,75,3.8,50,0.01
2018,2,28,10,11.4,67,4.0,70,0.54
2018,2,28,11,12.1,61,3.5,70,0.35
2018,2,28,12,11.9,64,4.4,90,0.02
2018,2,28,13,10.3,83,5.2,110,0.00
2018,2,28,14,9.1,87,5.1,70,0.08
2018,2,28,15,8.6,91,5.6,90,0.04
2018,2,28,16,9.1,94,5.7,70,0.00
2018,2,28,17,10.4,95,7.0,110,0.00
2018,2,28,18,10.6,96,5.4,90,0.00
2018,3,1,8,7.1,70,6.5,270,0.00
2018,3,1,9,8.0,71,6.4,270,0.10
2018,3,1,10,8.7,63,7.5,270,0.05
2018,3,1,11,10.8,36,10.9,290,1.06
2018,3,1,12,11.7,35,6.6,290,1.38
2018,3,1,13,11.4,24,9.2,270,2.57
2018,3,1,14,11.1,21,10.4,270,2.60
2018,3,1,15,10.9,20,10.2,270,2.27
2018,3,1,16,10.9,20,7.2,290,1.74
2018,3,1,17,10.1,22,5.0,290,0.97
2018,3,1,18,7.9,25,5.1,290,0.29
2018,3,2,8,0.6,34,3.0,360,0.24
2018,3,2,9,3.6,31,1.5,290,0.95
2018,3,2,10,6.5,28,0.8,90,1.40
2018,3,2,11,8.4,33,2.4,200,1.87
2018,3,2,12,8.8,34,3.7,180,2.23
2018,3,2,13,9.0,29,3.5,230,2.61
2018,3,2,14,9.4,26,3.8,180,2.20
2018,3,2,15,8.7,32,6.7,200,1.82
2018,3,2,16,9.0,35,5.1,200,1.40
2018,3,2,17,7.8,42,6.4,200,0.81
2018,3,2,18,6.9,45,5.1,230,6.00
2018,3,3,8,5.7,46,1.0,340,0.05
2018,3,3,9,7.7,32,1.2,270,0.32
2018,3,3,10,9.0,34,1.1,230,0.11
2018,3,3,11,10.6,35,2.5,230,0.82
2018,3,3,12,11.5,37,2.9,230,0.96
2018,3,3,13,12.1,44,3.3,230,1.02
2018,3,3,14,14.6,45,3.1,250,2.18
2018,3,3,15,15.1,60,4.3,200,1.93
2018,3,3,16,14.5,64,3.6,200,1.23
2018,3,3,17,12.8,72,3.6,200,0.68
2018,3,3,18,11.9,74,2.4,230,0.09
2018,3,4,8,11.8,76,1.2,230,0.05
2018,3,4,9,12.6,75,1.2,250,0.15
2018,3,4,10,13.5,74,2.7,200,0.27
2018,3,4,11,14.2,74,4.6,200,0.60
2018,3,4,12,14.5,74,2.3,200,0.59
2018,3,4,13,13.5,79,3.2,200,0.29
2018,3,4,14,14.8,74,0.6,340,0.34
2018,3,4,15,14.7,81,2.1,90,0.49
2018,3,4,16,14.1,82,1.9,90,0.23
2018,3,4,17,14.3,78,1.5,90,0.18
2018,3,4,18,14.3,75,1.8,70,0.03
2018,3,5,8,7.1,92,4.6,50,0.00
2018,3,5,9,6.7,88,5.3,50,0.00
2018,3,5,10,5.9,91,5.3,50,0.01
2018,3,5,11,5.4,90,6.0,50,0.11
2018,3,5,12,5.4,87,6.7,50,0.29
2018,3,5,13,5.4,86,6.3,50,0.04
2018,3,5,14,5.4,83,4.6,50,0.00
2018,3,5,15,5.4,81,4.6,50,0.00
2018,3,5,16,5.5,79,3.5,50,0.00
2018,3,5,17,5.8,73,6.3,50,0.01
2018,3,5,18,5.5,76,3.5,50,0.00
2018,3,6,8,4.3,63,3.9,20,0.36
2018,3,6,9,5.3,62,4.1,50,0.53
2018,3,6,10,7.7,53,4.3,50,1.01
2018,3,6,11,9.7,51,4.0,50,1.56
2018,3,6,12,10.7,49,2.6,50,1.37
2018,3,6,13,9.9,51,3.2,90,2.47
2018,3,6,14,10.6,50,3.1,70,1.91
2018,3,6,15,10.4,51,3.5,70,1.45
2018,3,6,16,9.2,53,3.9,90,0.91
2018,3,6,17,7.9,56,3.8,70,0.83
2018,3,6,18,6.2,57,3.8,70,0.26
2018,3,7,8,7.0,63,3.2,50,0.00
2018,3,7,9,7.6,64,3.9,70,0.00
2018,3,7,10,8.1,64,5.5,50,0.19
2018,3,7,11,8.4,64,3.7,70,0.00
2018,3,7,12,8.8,62,4.8,70,0.11
2018,3,7,13,8.1,65,4.7,70,0.14
2018,3,7,14,8.7,62,4.1,70,0.01
2018,3,7,15,8.9,60,4.2,70,0.78
2018,3,7,16,8.6,62,5.4,50,0.21
2018,3,7,17,8.1,65,4.5,50,0.03
2018,3,7,18,7.6,68,4.3,50,0.01
2018,3,8,8,5.5,90,2.7,340,0.00
2018,3,8,9,5.6,92,2.5,50,0.02
2018,3,8,10,5.4,90,2.7,360,0.07
2018,3,8,11,5.5,89,4.0,20,0.11
2018,3,8,12,5.5,88,2.4,50,0.26
2018,3,8,13,5.5,88,1.7,70,0.47
2018,3,8,14,6.3,90,1.7,50,0.51
2018,3,8,15,5.4,90,1.9,340,0.08
2018,3,8,16,4.5,89,4.1,340,0.00
2018,3,8,17,4.5,86,3.3,340,0.00
2018,3,8,18,4.5,83,2.2,360,0.00
2018,3,9,8,3.3,72,2.0,20,0.29
2018,3,9,9,4.5,71,2.8,20,0.45
2018,3,9,10,5.8,69,3.1,20,0.92
2018,3,9,11,6.6,63,3.3,20,0.56
2018,3,9,12,9.2,52,2.5,70,1.54
2018,3,9,13,8.0,64,2.7,140,0.62
2018,3,9,14,6.9,69,2.1,90,6.00
2018,3,9,15,6.1,68,2.3,70,0.01
2018,3,9,16,6.1,66,1.6,70,0.00
2018,3,9,17,6.0,68,2.9,70,0.02
2018,3,9,18,5.4,68,2.3,70,0.00
2018,3,10,8,5.3,71,0.6,70,0.29
2018,3,10,9,7.8,65,0.9,90,0.81
2018,3,10,10,8.9,59,1.2,140,0.20
2018,3,10,11,10.2,60,2.9,180,0.91
2018,3,10,12,10.0,59,3.2,200,0.73
2018,3,10,13,10.1,60,5.4,200,0.87
2018,3,10,14,11.2,59,6.3,200,1.77
2018,3,10,15,11.0,62,5.6,200,1.51
2018,3,10,16,10.7,62,7.0,200,0.72
2018,3,10,17,10.1,58,5.8,230,0.31
2018,3,10,18,9.5,52,4.7,250,0.03
2018,3,11,8,5.2,56,5.6,340,0.40
2018,3,11,9,7.4,51,3.1,320,1.03
2018,3,11,10,9.6,46,2.8,340,1.47
2018,3,11,11,12.2,41,2.7,320,2.10
2018,3,11,12,13.9,30,2.7,270,2.45
2018,3,11,13,14.9,27,2.0,340,2.33
2018,3,11,14,15.2,30,4.3,230,2.19
2018,3,11,15,14.0,22,7.0,200,2.13
2018,3,11,16,12.9,36,6.7,200,1.36
2018,3,11,17,12.8,37,4.3,250,0.90
2018,3,11,18,11.6,36,4.1,250,0.17
2018,3,12,8,8.1,50,0.8,90,0.36
2018,3,12,9,11.4,43,0.9,180,0.48
2018,3,12,10,14.2,36,1.6,160,1.38
2018,3,12,11,14.8,43,3.1,200,1.66
2018,3,12,12,14.7,44,3.6,200,2.30
2018,3,12,13,14.7,52,4.3,200,2.07
2018,3,12,14,15.1,50,5.0,200,2.29
2018,3,12,15,14.9,50,5.1,200,2.24
2018,3,12,16,14.9,45,6.2,230,1.71
2018,3,12,17,13.9,62,5.3,250,0.70
2018,3,12,18,12.3,70,7.3,250,0.11
2018,3,13,8,11.4,75,3.8,270,0.14
2018,3,13,9,13.2,69,4.6,250,0.67
2018,3,13,10,15.1,63,4.8,200,1.26
2018,3,13,11,14.8,64,7.7,230,1.66
2018,3,13,12,15.5,64,7.7,230,2.46
2018,3,13,13,15.6,63,8.3,230,2.14
2018,3,13,14,16.2,58,8.6,230,1.67
2018,3,13,15,16.7,55,7.8,230,1.62
2018,3,13,16,16.5,59,6.8,230,1.11
2018,3,13,17,15.8,60,8.7,230,0.53
2018,3,13,18,14.6,70,6.1,230,0.09
2018,3,14,8,13.9,74,3.9,270,0.20
2018,3,14,9,16.0,67,3.9,270,0.80
2018,3,14,10,16.6,67,3.4,200,1.02
2018,3,14,11,16.9,76,4.5,200,1.84
2018,3,14,12,15.9,76,3.7,230,2.19
2018,3,14,13,16.5,77,4.8,200,2.23
2018,3,14,14,17.4,68,6.0,230,1.76
2018,3,14,15,18.6,60,5.4,230,1.76
2018,3,14,16,18.3,63,5.5,230,1.21
2018,3,14,17,17.2,67,5.6,230,0.73
2018,3,14,18,16.0,72,5.1,250,0.26
2018,3,15,8,14.9,92,6.9,250,0.06
2018,3,15,9,14.9,92,5.7,250,0.31
2018,3,15,10,14.7,94,7.0,230,6.00
2018,3,15,11,14.4,94,4.2,230,0.22
2018,3,15,12,14.2,96,5.1,230,0.05
2018,3,15,13,14.2,96,5.7,230,0.07
2018,3,15,14,14.2,96,6.5,230,0.08
2018,3,15,15,14.8,96,8.4,250,0.11
2018,3,15,16,15.2,95,5.8,230,0.19
2018,3,15,17,15.5,94,6.2,250,0.13
2018,3,15,18,15.1,94,3.1,250,0.05
2018,3,16,8,4.6,71,6.8,50,0.09
2018,3,16,9,4.7,67,6.9,50,0.27
2018,3,16,10,5.3,61,6.4,50,0.43
2018,3,16,11,5.6,59,7.0,50,0.80
2018,3,16,12,7.4,49,7.0,50,0.86
2018,3,16,13,9.9,47,5.6,50,1.95
2018,3,16,14,9.6,43,5.4,50,2.15
2018,3,16,15,9.4,44,5.9,50,1.33
2018,3,16,16,8.4,45,6.0,50,0.34
2018,3,16,17,7.0,48,5.2,50,0.63
2018,3,16,18,4.9,50,4.9,50,0.27
2018,3,17,8,3.8,60,3.0,20,0.24
2018,3,17,9,6.7,54,2.7,50,0.88
2018,3,17,10,8.5,55,3.9,50,0.94
2018,3,17,11,9.6,54,3.6,70,1.69
2018,3,17,12,9.8,53,4.2,90,2.02
2018,3,17,13,9.6,57,4.9,110,2.84
2018,3,17,14,10.1,57,4.2,110,2.87
2018,3,17,15,10.7,55,3.8,140,2.53
2018,3,17,16,10.0,59,3.5,140,2.01
2018,3,17,17,8.8,60,3.1,110,0.83
2018,3,17,18,8.1,64,2.0,110,0.02
2018,3,18,8,7.7,78,1.2,110,0.01
2018,3,18,9,9.1,69,0.5,70,0.08
2018,3,18,10,11.7,65,0.7,110,1.20
2018,3,18,11,12.6,66,0.9,200,1.17
2018,3,18,12,14.1,63,4.3,270,1.73
2018,3,18,13,14.9,61,4.3,270,1.08
2018,3,18,14,15.7,60,3.0,250,1.49
2018,3,18,15,15.2,62,2.7,270,0.90
2018,3,18,16,14.9,67,3.4,270,0.79
2018,3,18,17,14.8,69,1.9,230,0.57
2018,3,18,18,13.6,74,1.9,200,0.11
2018,3,19,8,12.2,97,2.3,50,0.00
2018,3,19,9,12.5,97,3.0,50,0.07
2018,3,19,10,12.7,97,3.4,50,0.12
2018,3,19,11,12.4,97,4.8,50,0.13
2018,3,19,12,11.2,95,4.6,50,0.16
2018,3,19,13,10.5,93,5.0,50,0.23
2018,3,19,14,9.5,93,5.8,50,0.24
2018,3,19,15,9.0,92,5.7,50,0.22
2018,3,19,16,8.7,87,6.6,50,0.14
2018,3,19,17,8.6,86,5.5,50,0.03
2018,3,19,18,8.1,85,5.9,50,0.01
2018,3,20,8,6.5,61,4.5,50,0.00
2018,3,20,9,7.0,55,5.0,50,0.00
2018,3,20,10,7.4,52,7.9,50,0.23
2018,3,20,11,7.7,51,8.5,50,0.84
2018,3,20,12,7.8,52,8.0,50,1.04
2018,3,20,13,7.9,51,8.1,50,1.08
2018,3,20,14,6.8,55,7.8,50,0.47
2018,3,20,15,6.2,57,7.0,50,0.00
2018,3,20,16,5.8,59,7.4,50,0.00
2018,3,20,17,5.4,60,6.8,50,0.00
2018,3,20,18,5.2,62,6.6,50,0.00
2018,3,21,8,1.8,94,4.8,50,0.11
2018,3,21,9,2.3,92,4.9,20,0.16
2018,3,21,10,2.3,92,5.1,20,0.16
2018,3,21,11,1.9,94,4.5,20,0.26
2018,3,21,12,2.9,94,4.2,50,0.23
2018,3,21,13,3.9,92,4.3,50,0.16
2018,3,21,14,3.4,89,5.5,20,0.44
2018,3,21,15,4.0,88,4.3,20,0.59
2018,3,21,16,4.2,88,3.8,20,0.59
2018,3,21,17,4.2,85,3.9,20,0.54
2018,3,21,18,3.8,84,3.1,20,0.26
2018,3,22,8,3.2,74,4.4,340,0.34
2018,3,22,9,3.5,71,4.7,340,0.50
2018,3,22,10,5.5,64,4.4,320,0.32
2018,3,22,11,8.3,54,4.1,290,1.03
2018,3,22,12,10.4,48,4.4,290,2.28
2018,3,22,13,11.9,42,3.9,290,2.16
2018,3,22,14,13.5,35,2.8,290,2.26
2018,3,22,15,13.8,31,3.1,290,2.44
2018,3,22,16,13.8,30,3.1,290,1.52
2018,3,22,17,11.0,42,4.2,230,0.50
2018,3,22,18,9.3,50,3.0,200,6.00
2018,3,23,8,8.2,57,1.0,140,0.20
2018,3,23,9,10.7,49,1.4,140,0.55
2018,3,23,10,13.0,35,1.2,250,1.17
2018,3,23,11,14.4,35,3.5,200,2.22
2018,3,23,12,14.3,37,3.0,230,2.43
2018,3,23,13,13.0,45,5.7,200,2.39
2018,3,23,14,12.1,54,5.8,200,2.53
2018,3,23,15,12.3,55,5.6,200,1.97
2018,3,23,16,12.0,47,5.8,200,1.35
2018,3,23,17,11.1,47,5.9,230,0.44
2018,3,23,18,10.4,44,5.5,230,0.01
2018,3,24,8,9.0,47,1.3,250,0.00
2018,3,24,9,11.8,38,1.8,290,0.31
2018,3,24,10,13.8,34,2.1,290,1.20
2018,3,24,11,15.1,35,1.7,340,2.17
2018,3,24,12,17.7,32,3.6,290,2.70
2018,3,24,13,16.0,33,4.9,230,2.13
2018,3,24,14,15.1,43,6.3,200,2.13
2018,3,24,15,15.9,35,6.4,230,1.88
2018,3,24,16,15.3,38,6.2,200,1.31
2018,3,24,17,14.1,39,6.8,250,0.64
2018,3,24,18,13.3,50,4.0,230,0.30
2018,3,25,8,12.6,50,1.5,230,0.02
2018,3,25,9,14.9,41,2.4,270,0.56
2018,3,25,10,17.6,31,2.1,270,1.37
2018,3,25,11,17.2,35,4.6,250,1.62
2018,3,25,12,17.8,30,4.9,250,2.53
2018,3,25,13,19.2,28,4.4,250,2.29
2018,3,25,14,18.1,34,6.0,200,1.91
2018,3,25,15,18.2,33,6.3,200,1.27
2018,3,25,16,17.7,35,6.4,200,1.13
2018,3,25,17,16.7,43,6.0,230,1.02
2018,3,25,18,15.4,53,6.0,250,0.35
2018,3,26,8,13.4,30,3.1,340,0.12
2018,3,26,9,15.7,27,1.3,270,0.89
2018,3,26,10,17.9,27,1.8,180,1.61
2018,3,26,11,18.9,25,4.2,290,2.18
2018,3,26,12,19.9,25,3.5,340,2.33
2018,3,26,13,20.4,33,3.9,180,2.83
2018,3,26,14,19.6,34,5.8,200,2.65
2018,3,26,15,19.7,30,5.6,200,1.68
2018,3,26,16,18.4,31,6.3,230,1.28
2018,3,26,17,15.6,59,4.5,180,0.43
2018,3,26,18,15.5,55,1.8,200,0.53
2018,3,27,8,14.1,41,1.6,320,0.06
2018,3,27,9,16.5,37,1.8,320,0.64
2018,3,27,10,18.2,32,4.4,250,1.68
2018,3,27,11,19.8,28,5.8,250,1.93
2018,3,27,12,20.8,30,5.7,200,2.62
2018,3,27,13,18.7,45,5.7,200,2.58
2018,3,27,14,18.2,51,5.9,200,2.01
2018,3,27,15,18.9,44,5.5,230,1.92
2018,3,27,16,18.7,40,6.4,230,1.44
2018,3,27,17,18.0,35,6.1,250,0.35
2018,3,27,18,16.5,45,5.8,230,0.01
2018,3,28,8,15.5,46,4.8,270,0.05
2018,3,28,9,17.2,38,5.5,270,0.55
2018,3,28,10,16.1,57,4.3,200,1.23
2018,3,28,11,17.1,60,5.2,200,1.96
2018,3,28,12,18.1,54,6.4,200,2.11
2018,3,28,13,17.9,49,5.8,230,2.81
2018,3,28,14,19.2,42,5.3,230,2.61
2018,3,28,15,18.9,43,4.8,230,2.07
2018,3,28,16,18.8,44,5.1,250,0.94
2018,3,28,17,17.3,56,5.6,230,0.56
2018,3,28,18,15.7,67,5.7,230,0.01
2018,3,29,8,14.8,65,1.2,270,0.45
2018,3,29,9,16.9,60,0.5,90,0.61
2018,3,29,10,18.4,53,2.8,320,0.78
2018,3,29,11,20.8,50,2.7,110,1.41
2018,3,29,12,21.2,47,2.2,230,1.90
2018,3,29,13,20.7,47,3.6,140,2.05
2018,3,29,14,19.4,46,4.6,90,2.01
2018,3,29,15,18.2,54,4.0,90,1.64
2018,3,29,16,17.2,54,4.3,90,1.10
2018,3,29,17,15.8,59,4.1,90,0.35
2018,3,29,18,14.7,59,2.6,70,0.01
2018,3,30,8,12.8,56,3.4,50,0.57
2018,3,30,9,14.8,48,3.5,70,1.31
2018,3,30,10,15.7,44,4.3,70,1.29
2018,3,30,11,16.0,46,4.6,90,1.99
2018,3,30,12,16.8,41,4.0,70,2.55
2018,3,30,13,17.0,40,3.4,70,2.24
2018,3,30,14,16.4,41,4.0,70,2.13
2018,3,30,15,15.5,44,5.7,90,1.85
2018,3,30,16,14.6,46,5.7,90,1.34
2018,3,30,17,13.6,48,4.0,90,1.23
2018,3,30,18,12.7,50,3.8,50,0.58
2018,3,31,8,11.8,53,0.7,90,0.55
2018,3,31,9,14.9,46,1.7,110,1.23
2018,3,31,10,16.9,38,1.6,140,1.84
2018,3,31,11,17.7,38,3.4,200,1.68
2018,3,31,12,18.0,41,3.4,200,2.30
2018,3,31,13,18.2,37,3.9,200,2.20
2018,3,31,14,17.5,45,5.0,200,2.08
2018,3,31,15,17.5,46,4.4,200,1.76
2018,3,31,16,17.1,48,4.6,230,1.23
2018,3,31,17,16.7,47,2.3,200,0.54
2018,3,31,18,15.2,48,4.0,200,0.16
2018,4,1,8,15.5,46,3.9,270,0.50
2018,4,1,9,17.5,44,3.9,270,1.15
2018,4,1,10,18.7,45,4.7,250,1.42
2018,4,1,11,19.3,49,5.4,250,1.48
2018,4,1,12,19.0,50,4.8,200,1.71
2018,4,1,13,17.6,76,4.3,200,1.68
2018,4,1,14,18.6,71,4.8,230,1.41
2018,4,1,15,17.1,82,6.5,230,0.75
2018,4,1,16,18.1,76,5.8,230,0.66
2018,4,1,17,17.8,77,5.1,250,0.12
2018,4,1,18,17.0,79,6.0,250,0.00
2018,4,2,8,17.3,77,3.6,270,0.17
2018,4,2,9,19.0,70,4.0,250,0.88
2018,4,2,10,19.8,68,4.0,230,1.30
2018,4,2,11,20.0,67,2.6,230,1.84
2018,4,2,12,19.1,77,5.5,200,2.27
2018,4,2,13,20.0,71,5.2,200,2.41
2018,4,2,14,21.0,66,6.0,230,2.31
2018,4,2,15,21.0,64,6.2,230,1.96
2018,4,2,16,20.5,67,5.8,230,1.47
2018,4,2,17,19.6,71,6.6,230,0.79
2018,4,2,18,18.6,74,7.4,230,0.07
2018,4,3,8,17.8,79,3.3,270,0.07
2018,4,3,9,19.0,75,3.2,200,0.68
2018,4,3,10,20.0,72,3.9,200,1.35
2018,4,3,11,20.1,73,6.3,200,1.80
2018,4,3,12,20.0,72,5.9,230,2.33
2018,4,3,13,19.4,73,8.0,230,2.47
2018,4,3,14,21.0,69,6.0,230,2.37
2018,4,3,15,20.5,71,6.6,200,2.13
2018,4,3,16,20.3,70,6.1,230,1.60
2018,4,3,17,19.7,71,6.9,230,0.90
2018,4,3,18,19.1,74,7.2,250,0.15
2018,4,4,8,12.6,79,3.0,110,0.00
2018,4,4,9,12.8,77,2.6,90,0.00
2018,4,4,10,13.4,76,1.6,70,0.00
2018,4,4,11,12.5,79,3.2,90,0.00
2018,4,4,12,11.5,90,2.3,70,0.07
2018,4,4,13,10.6,91,2.6,70,0.12
2018,4,4,14,10.1,91,4.0,70,0.19
2018,4,4,15,9.7,89,5.2,50,0.26
2018,4,4,16,9.6,89,5.0,50,0.18
2018,4,4,17,9.0,90,4.9,50,0.14
2018,4,4,18,8.8,90,4.8,50,0.04
2018,4,5,8,9.5,79,4.1,50,0.05
2018,4,5,9,9.9,77,4.0,50,0.20
2018,4,5,10,10.3,75,3.3,50,0.18
2018,4,5,11,10.8,69,4.0,70,0.49
2018,4,5,12,11.5,62,5.0,50,0.45
2018,4,5,13,11.0,71,3.8,50,6.00
2018,4,5,14,11.4,67,3.8,50,0.38
2018,4,5,15,11.6,65,2.2,50,0.81
2018,4,5,16,11.8,63,2.7,70,0.60
2018,4,5,17,11.4,66,2.4,90,0.33
2018,4,5,18,11.0,70,1.9,70,0.08
2018,4,6,8,9.5,91,1.9,140,0.07
2018,4,6,9,9.3,94,1.5,360,0.14
2018,4,6,10,9.4,91,2.3,50,0.02
2018,4,6,11,9.9,89,2.9,360,0.00
2018,4,6,12,10.6,81,2.5,50,0.04
2018,4,6,13,13.2,69,3.0,290,1.96
2018,4,6,14,15.5,54,2.5,290,2.43
2018,4,6,15,16.1,42,3.6,270,2.20
2018,4,6,16,16.0,43,5.6,230,1.13
2018,4,6,17,15.5,32,5.2,290,0.86
2018,4,6,18,13.8,23,8.7,290,0.12
2018,4,7,8,4.6,46,4.5,360,0.70
2018,4,7,9,5.9,41,4.2,340,1.56
2018,4,7,10,5.7,41,7.5,270,1.56
2018,4,7,11,6.8,37,8.0,270,1.69
2018,4,7,12,7.7,35,6.1,270,2.34
2018,4,7,13,8.8,33,9.2,290,2.79
2018,4,7,14,9.1,30,9.5,270,2.44
2018,4,7,15,10.1,29,6.9,290,1.85
2018,4,7,16,9.3,28,5.8,270,0.92
2018,4,7,17,9.1,28,6.0,320,0.83
2018,4,7,18,8.1,30,3.1,320,0.66
2018,4,8,8,5.8,48,3.3,270,0.97
2018,4,8,9,7.0,43,2.9,270,1.79
2018,4,8,10,8.1,38,3.8,250,2.46
2018,4,8,11,9.7,36,3.5,270,2.89
2018,4,8,12,10.5,40,4.3,250,2.99
2018,4,8,13,10.4,40,7.0,200,2.57
2018,4,8,14,10.6,43,6.9,230,2.14
2018,4,8,15,11.1,46,9.3,200,1.74
2018,4,8,16,10.8,54,8.7,250,1.13
2018,4,8,17,11.5,56,6.7,230,0.36
2018,4,8,18,11.5,58,7.2,250,0.58
2018,4,9,8,12.2,65,2.1,270,0.64
2018,4,9,9,13.9,59,4.3,270,1.34
2018,4,9,10,14.4,53,3.9,250,1.44
2018,4,9,11,16.3,47,3.1,250,1.92
2018,4,9,12,18.1,42,2.5,270,2.37
2018,4,9,13,18.0,45,3.9,230,2.48
2018,4,9,14,16.3,56,6.3,200,2.24
2018,4,9,15,16.1,52,5.9,200,1.86
2018,4,9,16,15.6,55,5.5,230,1.57
2018,4,9,17,15.8,55,4.0,230,0.82
2018,4,9,18,14.4,53,3.4,230,0.06
2018,4,10,8,14.0,79,4.8,250,0.50
2018,4,10,9,15.2,76,4.9,230,0.70
2018,4,10,10,16.3,77,6.5,230,0.94
2018,4,10,11,16.1,78,5.8,230,1.23
2018,4,10,12,16.8,76,5.2,230,1.61
2018,4,10,13,17.8,77,7.8,250,1.47
2018,4,10,14,17.0,81,7.3,230,1.77
2018,4,10,15,16.0,86,7.4,230,0.56
2018,4,10,16,17.4,74,8.5,200,0.85
2018,4,10,17,17.5,73,7.1,230,0.92
2018,4,10,18,16.8,72,11.3,230,0.09
2018,4,11,8,17.4,78,7.3,270,0.01
2018,4,11,9,18.4,75,6.8,270,0.64
2018,4,11,10,20.1,67,4.3,270,1.60
2018,4,11,11,20.3,62,6.7,250,2.23
2018,4,11,12,21.1,60,5.3,250,2.40
2018,4,11,13,21.2,56,5.5,200,2.22
2018,4,11,14,21.4,49,8.0,230,2.74
2018,4,11,15,21.5,46,7.8,230,2.46
2018,4,11,16,21.5,45,7.6,230,1.89
2018,4,11,17,21.2,40,7.0,230,1.07
2018,4,11,18,20.5,39,5.3,230,0.20
2018,4,12,8,16.5,20,1.0,340,0.18
2018,4,12,9,17.1,21,2.1,340,0.50
2018,4,12,10,18.0,21,1.6,340,0.48
2018,4,12,11,20.0,20,1.6,290,1.31
2018,4,12,12,21.1,18,3.7,270,1.97
2018,4,12,13,20.8,18,5.2,230,1.91
2018,4,12,14,20.9,20,4.7,230,1.37
2018,4,12,15,19.1,24,5.3,250,1.08
2018,4,12,16,18.2,31,5.7,230,0.59
2018,4,12,17,18.0,37,5.1,200,0.14
2018,4,12,18,16.5,45,4.9,230,0.00
2018,4,13,8,15.5,26,3.1,70,0.58
2018,4,13,9,16.5,33,3.1,70,0.58
2018,4,13,10,17.1,30,3.8,70,1.17
2018,4,13,11,16.4,31,4.1,70,1.17
2018,4,13,12,16.6,38,3.5,70,1.38
2018,4,13,13,16.0,42,3.1,70,1.04
2018,4,13,14,14.7,46,4.9,90,0.40
2018,4,13,15,14.5,46,3.7,70,0.15
2018,4,13,16,14.5,52,4.3,70,0.46
2018,4,13,17,13.9,44,3.9,70,0.02
2018,4,13,18,13.6,43,3.5,70,0.00
2018,4,14,8,11.1,87,2.1,70,0.03
2018,4,14,9,11.2,94,2.0,50,0.10
2018,4,14,10,11.3,95,2.2,50,0.07
2018,4,14,11,11.6,96,2.0,70,0.10
2018,4,14,12,11.9,96,1.7,50,0.09
2018,4,14,13,12.5,96,1.6,50,0.12
2018,4,14,14,15.2,97,4.4,270,0.07
2018,4,14,15,16.4,96,8.4,230,0.00
2018,4,14,16,16.2,96,5.0,270,0.00
2018,4,14,17,13.4,95,3.9,360,0.05
2018,4,14,18,12.9,95,3.4,360,0.07
2018,4,15,8,11.5,59,2.0,230,0.92
2018,4,15,9,13.0,51,2.5,50,1.02
2018,4,15,10,14.1,45,2.9,320,1.68
2018,4,15,11,14.9,37,3.6,320,2.19
2018,4,15,12,16.6,35,2.8,290,2.47
2018,4,15,13,18.1,37,2.3,270,2.57
2018,4,15,14,19.0,33,3.6,320,2.37
2018,4,15,15,19.5,34,3.3,290,1.96
2018,4,15,16,16.9,43,5.9,230,1.45
2018,4,15,17,15.9,52,5.0,230,0.71
2018,4,15,18,15.2,56,3.0,230,0.05
2018,4,16,8,12.2,52,3.2,50,0.31
2018,4,16,9,14.3,48,3.5,50,0.97
2018,4,16,10,16.1,48,2.9,50,1.68
2018,4,16,11,16.1,50,3.5,110,1.57
2018,4,16,12,16.1,46,3.6,90,1.61
2018,4,16,13,16.5,43,3.9,90,2.08
2018,4,16,14,15.1,44,5.2,90,1.80
2018,4,16,15,15.6,42,4.2,90,1.54
2018,4,16,16,15.6,48,3.4,70,1.26
2018,4,16,17,14.6,55,3.4,90,0.55
2018,4,16,18,13.6,60,2.8,90,0.01
2018,4,17,8,12.7,72,1.8,20,0.07
2018,4,17,9,14.1,64,2.1,50,0.27
2018,4,17,10,16.3,57,1.7,50,0.80
2018,4,17,11,16.8,54,2.3,140,1.26
2018,4,17,12,17.5,48,3.6,140,1.65
2018,4,17,13,16.1,54,3.2,110,1.22
2018,4,17,14,17.3,50,3.9,140,2.07
2018,4,17,15,16.8,55,3.4,110,2.07
2018,4,17,16,16.5,60,3.8,110,1.64
2018,4,17,17,15.5,66,2.9,110,0.86
2018,4,17,18,14.2,74,2.4,90,0.16
2018,4,18,8,15.2,60,1.4,160,0.11
2018,4,18,9,17.3,55,1.5,110,0.97
2018,4,18,10,18.0,54,3.3,200,1.67
2018,4,18,11,18.4,58,3.5,200,2.17
2018,4,18,12,19.0,51,3.9,200,2.58
2018,4,18,13,18.7,55,5.0,200,2.66
2018,4,18,14,18.1,58,4.9,200,2.59
2018,4,18,15,17.7,53,6.7,230,2.24
2018,4,18,16,17.7,46,6.5,230,1.68
2018,4,18,17,17.3,48,5.7,200,0.97
2018,4,18,18,16.3,42,4.7,250,0.17
2018,4,19,8,15.2,53,3.2,270,0.58
2018,4,19,9,16.9,45,3.2,250,0.95
2018,4,19,10,17.8,58,4.7,200,1.75
2018,4,19,11,16.9,68,5.3,200,2.18
2018,4,19,12,16.8,63,6.9,200,2.53
2018,4,19,13,17.3,59,6.2,200,2.65
2018,4,19,14,18.7,50,5.9,180,2.53
2018,4,19,15,18.0,53,5.4,180,2.22
2018,4,19,16,18.6,45,5.1,180,1.68
2018,4,19,17,19.0,38,5.5,250,0.96
2018,4,19,18,18.1,41,4.5,230,0.17
2018,4,20,8,17.0,56,1.3,250,0.60
2018,4,20,9,19.1,48,1.2,230,0.94
2018,4,20,10,19.8,43,2.0,230,1.77
2018,4,20,11,22.4,36,1.9,230,2.30
2018,4,20,12,22.7,39,3.1,200,2.64
2018,4,20,13,22.7,37,2.6,230,2.80
2018,4,20,14,23.4,36,2.4,200,2.68
2018,4,20,15,23.1,36,2.8,200,2.38
2018,4,20,16,23.3,35,2.3,230,1.84
2018,4,20,17,22.2,34,2.8,230,1.03
2018,4,20,18,20.4,37,2.7,230,0.17
2018,4,21,8,16.8,62,3.6,200,0.41
2018,4,21,9,18.9,57,2.6,200,1.23
2018,4,21,10,19.7,53,4.5,200,2.65
2018,4,21,11,19.7,64,5.1,200,3.20
2018,4,21,12,21.0,47,4.6,180,3.51
2018,4,21,13,23.0,37,3.5,230,3.32
2018,4,21,14,22.1,43,5.6,230,2.77
2018,4,21,15,22.8,39,4.7,230,2.32
2018,4,21,16,22.7,39,4.9,230,1.77
2018,4,21,17,21.7,35,5.2,230,1.00
2018,4,21,18,20.4,51,4.1,230,0.63
2018,4,22,8,18.2,85,2.5,230,0.26
2018,4,22,9,18.8,83,3.5,230,0.68
2018,4,22,10,20.1,75,4.2,230,1.04
2018,4,22,11,21.3,69,3.3,200,1.32
2018,4,22,12,21.2,68,2.4,160,1.62
2018,4,22,13,19.9,76,1.4,160,0.79
2018,4,22,14,16.8,68,3.4,90,0.38
2018,4,22,15,18.0,61,3.3,110,1.28
2018,4,22,16,18.1,60,3.4,90,2.07
2018,4,22,17,16.7,64,3.9,90,1.24
2018,4,22,18,15.5,67,3.5,90,0.33
2018,4,23,8,11.3,91,3.6,50,0.04
2018,4,23,9,11.5,90,3.9,50,0.10
2018,4,23,10,11.9,88,3.7,50,0.10
2018,4,23,11,12.1,89,3.8,50,0.14
2018,4,23,12,11.8,92,4.4,50,0.19
2018,4,23,13,11.9,93,4.3,50,0.30
2018,4,23,14,11.6,93,4.0,50,0.23
2018,4,23,15,11.7,94,4.6,50,0.18
2018,4,23,16,11.9,93,4.2,50,0.19
2018,4,23,17,11.8,92,5.1,50,0.09
2018,4,23,18,11.9,94,3.8,50,0.04
2018,4,24,8,10.9,94,5.3,50,0.08
2018,4,24,9,11.4,94,4.2,50,0.31
2018,4,24,10,11.9,92,4.1,50,0.64
2018,4,24,11,12.2,90,5.0,50,0.74
2018,4,24,12,13.8,84,4.1,50,1.33
2018,4,24,13,14.1,78,4.8,50,1.28
2018,4,24,14,14.2,77,4.6,50,1.44
2018,4,24,15,14.2,74,5.7,50,1.13
2018,4,24,16,13.6,78,6.3,50,1.12
2018,4,24,17,12.8,79,4.6,50,0.43
2018,4,24,18,12.4,79,5.0,50,0.22
2018,4,25,8,12.8,31,3.1,50,1.17
2018,4,25,9,14.8,30,3.0,50,2.03
2018,4,25,10,16.5,25,2.7,50,2.64
2018,4,25,11,17.9,22,2.9,70,2.61
2018,4,25,12,16.7,46,4.2,110,3.03
2018,4,25,13,17.4,48,3.7,110,2.83
2018,4,25,14,18.2,45,3.1,90,2.71
2018,4,25,15,18.4,43,2.8,110,2.43
2018,4,25,16,17.8,47,3.4,110,1.87
2018,4,25,17,16.8,46,3.6,110,1.16
2018,4,25,18,15.3,48,2.4,110,0.19
2018,4,26,8,13.1,56,0.5,270,0.91
2018,4,26,9,14.9,55,2.3,200,1.38
2018,4,26,10,16.8,51,2.4,200,1.65
2018,4,26,11,16.8,53,4.3,200,2.60
2018,4,26,12,17.1,61,4.0,200,2.65
2018,4,26,13,17.6,59,4.3,200,2.40
2018,4,26,14,17.1,60,5.2,200,2.01
2018,4,26,15,17.2,59,5.2,200,1.91
2018,4,26,16,17.5,53,4.3,200,1.65
2018,4,26,17,17.1,58,3.9,200,1.04
2018,4,26,18,16.5,65,3.1,230,0.15
2018,4,27,8,15.4,53,2.7,360,0.78
2018,4,27,9,17.2,39,2.1,20,1.23
2018,4,27,10,16.9,42,1.4,360,0.80
2018,4,27,11,20.5,37,2.8,290,2.01
2018,4,27,12,21.9,35,3.1,340,2.52
2018,4,27,13,22.7,32,4.1,290,2.57
2018,4,27,14,22.0,41,3.2,90,2.52
2018,4,27,15,19.0,53,3.2,70,1.88
2018,4,27,16,17.8,54,3.4,90,1.41
2018,4,27,17,16.3,58,3.9,110,0.63
2018,4,27,18,14.9,58,3.9,110,0.18
2018,4,28,8,15.7,35,1.5,320,1.10
2018,4,28,9,18.0,42,3.5,250,1.90
2018,4,28,10,18.6,47,3.9,250,2.41
2018,4,28,11,19.3,52,4.9,230,3.14
2018,4,28,12,19.8,57,4.6,180,2.84
2018,4,28,13,18.3,64,6.1,200,2.69
2018,4,28,14,19.9,60,5.7,230,2.57
2018,4,28,15,20.2,61,5.6,230,2.26
2018,4,28,16,20.3,59,5.0,230,1.75
2018,4,28,17,19.9,60,5.5,230,1.64
2018,4,28,18,18.2,70,5.7,230,0.29
2018,4,29,8,16.7,67,4.7,270,1.22
2018,4,29,9,18.2,53,4.6,270,1.91
2018,4,29,10,19.8,46,5.9,250,1.73
2018,4,29,11,21.0,50,6.1,200,3.06
2018,4,29,12,19.3,56,7.8,230,2.74
2018,4,29,13,19.6,51,7.0,230,2.74
2018,4,29,14,20.7,48,5.9,230,2.62
2018,4,29,15,20.6,43,6.5,230,2.36
2018,4,29,16,19.6,49,5.7,230,1.53
2018,4,29,17,18.5,65,8.7,250,0.90
2018,4,29,18,17.6,66,9.3,230,0.80
2018,4,30,8,18.4,69,5.4,270,0.83
2018,4,30,9,20.1,65,5.4,250,1.68
2018,4,30,10,21.4,60,4.5,250,2.51
2018,4,30,11,20.7,66,6.3,200,2.85
2018,4,30,12,20.8,69,6.9,230,2.35
2018,4,30,13,21.4,67,5.7,230,1.32
2018,4,30,14,21.8,66,5.1,230,1.46
2018,4,30,15,21.0,70,6.6,230,1.71
2018,4,30,16,21.8,65,5.9,230,1.16
2018,4,30,17,21.8,65,5.2,230,0.84
2018,4,30,18,20.5,70,5.0,230,0.16
2018,5,1,8,18.1,62,1.2,90,0.90
2018,5,1,9,16.4,73,2.1,70,0.47
2018,5,1,10,17.6,68,2.1,90,0.65
2018,5,1,11,19.3,62,2.8,110,0.81
2018,5,1,12,19.7,56,1.3,70,0.98
2018,5,1,13,21.1,55,1.8,90,1.50
2018,5,1,14,22.4,55,1.9,90,2.33
2018,5,1,15,21.4,63,1.9,200,0.88
2018,5,1,16,20.4,65,1.8,160,0.01
2018,5,1,17,20.5,65,0.8,140,6.00
2018,5,1,18,19.5,63,1.8,200,0.00
2018,5,2,8,16.2,97,2.1,90,0.03
2018,5,2,9,15.8,97,2.2,90,0.05
2018,5,2,10,15.7,97,2.4,90,0.17
2018,5,2,11,15.5,96,2.2,90,0.18
2018,5,2,12,15.5,96,2.4,90,0.27
2018,5,2,13,15.5,93,2.4,90,0.08
2018,5,2,14,15.5,92,2.2,110,0.05
2018,5,2,15,15.1,93,2.1,90,0.03
2018,5,2,16,15.1,93,1.3,70,0.01
2018,5,2,17,14.4,95,2.3,90,0.12
2018,5,2,18,14.3,96,0.9,70,0.15
2018,5,3,8,13.5,58,7.0,270,1.28
2018,5,3,9,14.8,55,5.8,270,1.42
2018,5,3,10,16.2,47,6.6,250,1.86
2018,5,3,11,17.6,39,6.2,270,2.43
2018,5,3,12,18.4,28,10.5,270,2.79
2018,5,3,13,19.0,27,8.3,290,2.68
2018,5,3,14,18.5,30,6.6,290,1.16
2018,5,3,15,17.9,34,10.4,250,1.09
2018,5,3,16,16.5,39,11.2,250,1.08
2018,5,3,17,14.8,45,5.3,290,0.02
2018,5,3,18,14.9,47,5.8,270,0.43
2018,5,4,8,12.6,54,6.2,250,1.20
2018,5,4,9,14.4,46,4.7,250,1.41
2018,5,4,10,15.9,39,7.2,270,2.44
2018,5,4,11,17.1,34,7.1,250,3.26
2018,5,4,12,17.2,44,8.4,230,3.20
2018,5,4,13,17.6,45,8.7,230,3.39
2018,5,4,14,18.0,46,8.1,230,3.33
2018,5,4,15,17.3,47,10.5,230,3.09
2018,5,4,16,17.1,45,12.4,230,2.53
2018,5,4,17,17.4,47,8.8,230,1.80
2018,5,4,18,17.1,46,8.6,230,1.03
2018,5,5,8,16.2,42,6.1,270,1.28
2018,5,5,9,17.8,37,6.9,250,2.10
2018,5,5,10,19.1,31,6.9,270,2.74
2018,5,5,11,17.7,59,8.0,200,3.08
2018,5,5,12,18.2,57,5.9,230,2.97
2018,5,5,13,18.8,61,5.9,200,2.91
2018,5,5,14,19.6,60,4.5,200,2.47
2018,5,5,15,18.5,67,6.0,250,2.01
2018,5,5,16,19.1,69,5.8,230,2.11
2018,5,5,17,18.3,74,7.3,250,1.75
2018,5,5,18,18.2,69,5.6,230,0.92
2018,5,6,8,15.6,95,5.0,230,0.02
2018,5,6,9,15.2,95,4.2,230,0.13
2018,5,6,10,15.1,96,3.2,200,0.09
2018,5,6,11,15.3,96,3.5,230,0.09
2018,5,6,12,15.5,96,3.2,230,0.11
2018,5,6,13,16.0,96,6.8,230,0.13
2018,5,6,14,16.0,96,6.4,250,0.11
2018,5,6,15,16.0,96,8.3,230,0.06
2018,5,6,16,17.0,96,9.0,230,0.09
2018,5,6,17,17.6,96,6.0,230,0.11
2018,5,6,18,17.5,96,3.5,270,0.13
2018,5,7,8,13.9,96,2.6,50,0.06
2018,5,7,9,14.1,96,2.3,50,0.14
2018,5,7,10,14.7,96,3.3,50,0.47
2018,5,7,11,15.3,94,3.0,50,0.63
2018,5,7,12,15.0,92,3.1,50,0.36
2018,5,7,13,15.7,91,3.0,50,0.54
2018,5,7,14,15.7,88,1.9,20,0.71
2018,5,7,15,16.0,86,2.0,70,0.38
2018,5,7,16,16.7,83,2.3,90,0.55
2018,5,7,17,16.3,87,1.6,70,0.50
2018,5,7,18,16.1,87,1.4,90,0.57
2018,5,8,8,14.3,75,5.6,50,0.27
2018,5,8,9,14.6,74,5.7,50,0.45
2018,5,8,10,15.5,70,4.7,50,0.77
2018,5,8,11,15.2,71,4.6,50,0.70
2018,5,8,12,15.3,72,4.3,70,0.56
2018,5,8,13,15.4,72,4.6,70,0.55
2018,5,8,14,15.3,71,5.7,50,0.54
2018,5,8,15,15.3,66,6.2,50,0.55
2018,5,8,16,15.0,66,5.3,50,0.37
2018,5,8,17,14.5,65,4.9,50,0.15
2018,5,8,18,14.4,66,4.6,50,0.39
2018,5,9,8,12.2,63,4.2,50,0.34
2018,5,9,9,12.7,63,3.8,50,0.65
2018,5,9,10,13.7,57,4.4,50,1.03
2018,5,9,11,14.6,57,2.6,50,1.03
2018,5,9,12,16.2,52,2.8,70,1.62
2018,5,9,13,16.2,60,2.0,70,2.22
2018,5,9,14,15.9,61,3.5,90,2.18
2018,5,9,15,16.2,61,3.3,90,2.81
2018,5,9,16,15.3,62,4.0,90,2.17
2018,5,9,17,14.1,65,4.6,90,1.27
2018,5,9,18,13.3,66,2.7,50,0.16
2018,5,10,8,13.9,65,1.3,320,1.21
2018,5,10,9,15.7,63,2.4,230,2.06
2018,5,10,10,16.0,65,5.0,200,2.71
2018,5,10,11,16.4,62,3.5,200,2.95
2018,5,10,12,16.8,63,4.4,200,2.75
2018,5,10,13,18.0,61,4.2,180,2.87
2018,5,10,14,16.8,69,6.2,200,2.79
2018,5,10,15,16.3,71,5.7,200,2.41
2018,5,10,16,16.2,71,5.4,200,1.88
2018,5,10,17,16.1,71,4.4,200,1.10
2018,5,10,18,15.7,74,3.7,200,0.32
2018,5,11,8,16.8,60,1.2,250,0.50
2018,5,11,9,18.9,59,2.8,200,1.27
2018,5,11,10,20.5,53,3.7,200,1.98
2018,5,11,11,20.4,58,4.3,200,2.39
2018,5,11,12,20.5,53,6.9,200,2.49
2018,5,11,13,20.5,47,5.8,230,2.49
2018,5,11,14,20.5,42,5.8,230,2.12
2018,5,11,15,21.0,34,6.1,230,2.52
2018,5,11,16,19.8,48,6.0,230,1.34
2018,5,11,17,18.5,57,5.6,230,0.31
2018,5,11,18,17.5,53,5.8,230,0.22
2018,5,12,8,17.1,84,2.8,230,0.00
2018,5,12,9,17.8,86,4.0,230,0.01
2018,5,12,10,18.2,86,4.0,230,0.10
2018,5,12,11,18.4,87,5.1,230,0.05
2018,5,12,12,18.5,87,7.2,230,0.00
2018,5,12,13,18.4,86,7.8,230,0.00
2018,5,12,14,18.8,85,6.8,230,0.06
2018,5,12,15,18.2,89,6.3,230,0.00
2018,5,12,16,18.1,92,6.8,250,0.00
2018,5,12,17,18.1,87,6.6,230,0.00
2018,5,12,18,18.3,79,6.6,250,0.00
2018,5,13,8,17.0,96,2.3,200,0.74
2018,5,13,9,18.0,96,1.4,250,1.21
2018,5,13,10,18.4,96,4.7,270,1.83
2018,5,13,11,19.1,93,4.3,270,2.48
2018,5,13,12,19.9,88,4.1,270,1.90
2018,5,13,13,20.8,81,4.6,250,1.85
2018,5,13,14,22.7,72,4.0,250,3.17
2018,5,13,15,22.7,73,5.1,200,3.81
2018,5,13,16,22.1,75,4.0,200,3.36
2018,5,13,17,21.2,75,3.5,230,2.51
2018,5,13,18,20.7,78,2.0,200,1.40
2018,5,14,8,21.1,56,1.6,160,0.73
2018,5,14,9,20.7,58,1.9,200,1.57
2018,5,14,10,21.2,57,3.0,230,2.31
2018,5,14,11,20.9,63,5.4,200,2.78
2018,5,14,12,22.0,62,5.4,200,3.08
2018,5,14,13,21.6,61,5.2,200,3.23
2018,5,14,14,22.0,59,5.4,200,3.14
2018,5,14,15,22.7,51,4.7,200,2.86
2018,5,14,16,22.7,48,4.6,230,2.33
2018,5,14,17,22.3,50,2.5,180,1.50
2018,5,14,18,21.6,51,4.0,200,0.60
2018,5,15,8,21.9,53,3.5,250,0.37
2018,5,15,9,22.6,54,4.9,270,0.90
2018,5,15,10,23.8,43,6.3,250,1.57
2018,5,15,11,24.2,45,4.9,230,2.31
2018,5,15,12,24.8,52,4.8,200,2.74
2018,5,15,13,23.7,59,4.3,200,2.88
2018,5,15,14,23.5,57,5.7,200,2.80
2018,5,15,15,22.2,68,6.4,200,2.29
2018,5,15,16,21.7,70,7.7,200,1.72
2018,5,15,17,20.7,75,6.9,200,0.53
2018,5,15,18,20.6,77,4.4,200,0.04
2018,5,16,8,20.1,94,7.7,250,0.00
2018,5,16,9,19.9,95,8.3,250,0.00
2018,5,16,10,19.9,96,9.5,250,0.00
2018,5,16,11,19.6,96,7.2,230,0.00
2018,5,16,12,20.7,96,10.6,230,0.10
2018,5,16,13,20.7,96,11.0,230,0.39
2018,5,16,14,20.8,96,10.3,230,0.18
2018,5,16,15,21.3,96,11.7,230,0.56
2018,5,16,16,21.1,96,10.1,250,0.17
2018,5,16,17,21.0,96,9.9,250,0.19
2018,5,16,18,20.3,96,7.3,230,0.26
2018,5,17,8,21.0,79.6,4.0,230,0.63
2018,5,17,9,21.1,77.5,4.5,230,0.82
2018,5,17,10,21.2,72,4.5,230,1.46
2018,5,17,11,21.5,71.5,3.8,230,1.56
2018,5,17,12,22.2,71.2,4.3,200,1.77
2018,5,17,13,21.9,71.5,3.9,200,1.77
2018,5,17,14,21.5,73.8,3.9,200,1.62
2018,5,17,15,21.1,74.2,3.9,200,1.38
2018,5,17,16,21.0,76.1,3.8,200,1.01
2018,5,17,17,21.1,78.6,3.6,200,0.75
2018,5,17,18,20.7,78.8,3.2,230,0.48
2018,5,18,8,19.5,79.6,2.9,180,0.44
2018,5,18,9,19.2,80.2,2.9,200,0.60
2018,5,18,10,19.9,81.9,2.7,200,0.49
2018,5,18,11,20.0,81.6,3.4,200,0.51
2018,5,18,12,19.5,84,4.1,200,0.46
2018,5,18,13,19.4,80,4.1,200,0.63
2018,5,18,14,19.0,79.3,4.2,200,0.87
2018,5,18,15,18.3,81.6,4.2,200,0.47
2018,5,18,16,18.3,82.2,3.2,200,0.52
2018,5,18,17,17.9,80.9,3.4,200,0.48
2018,5,18,18,17.2,79.1,3.3,180,0.38
2018,5,19,8,18.1,74.2,4.1,200,0.68
2018,5,19,9,18.7,68.2,3.9,200,1.24
2018,5,19,10,19.3,65.1,4.1,200,1.56
2018,5,19,11,19.9,61.9,3.5,180,1.24
2018,5,19,12,20.7,64.1,4.3,200,1.17
2018,5,19,13,20.5,58.9,4.0,200,1.76
2018,5,19,14,21.1,57.3,4.3,200,2.29
2018,5,19,15,21.4,58.1,3.9,200,2.45
2018,5,19,16,20.9,57,3.5,200,2.09
2018,5,19,17,20.8,56,3.4,200,1.51
2018,5,19,18,20.3,58.2,3.7,200,0.88
2018,5,20,8,18.5,54.5,3.7,200,1.02
2018,5,20,9,19.7,52.7,3.3,200,1.64
2018,5,20,10,19.9,48,3.5,200,2.34
2018,5,20,11,19.8,48.6,4.3,180,2.29
2018,5,20,12,20.0,47.3,4.7,200,2.57
2018,5,20,13,20.3,45.6,5.0,200,2.53
2018,5,20,14,20.4,47.9,5.1,200,2.09
2018,5,20,15,20.5,49.3,5.2,200,2.04
2018,5,20,16,20.4,52.8,5.0,200,1.35
2018,5,20,17,19.7,54.7,4.1,230,0.87
2018,5,20,18,19.7,56.7,3.5,200,0.78
2018,5,21,8,18.0,66.5,2.9,200,1.14
2018,5,21,9,18.0,69,3.5,200,1.46
2018,5,21,10,19.0,62.1,3.4,200,1.39
2018,5,21,11,19.8,63.6,3.9,180,1.72
2018,5,21,12,20.6,62.5,3.5,180,1.66
2018,5,21,13,20.4,63.7,3.9,200,2.05
2018,5,21,14,20.6,61.2,3.8,200,1.90
2018,5,21,15,20.2,60.2,3.3,200,2.07
2018,5,21,16,19.9,62,3.0,200,1.62
2018,5,21,17,19.9,66,3.2,200,0.84
2018,5,21,18,19.5,66.9,3.1,200,0.47
2018,5,22,8,19.0,68.3,2.6,200,0.96
2018,5,22,9,20.4,64.4,2.8,200,1.52
2018,5,22,10,20.1,62.9,2.8,200,1.77
2018,5,22,11,20.7,62.7,3.8,200,2.16
2018,5,22,12,22.1,60.3,3.7,180,2.41
2018,5,22,13,21.8,59.5,4.1,200,2.37
2018,5,22,14,22.0,62.3,3.8,200,1.91
2018,5,22,15,21.7,63.7,3.6,200,1.49
2018,5,22,16,21.5,66.3,3.2,200,0.78
2018,5,22,17,20.7,70.9,2.8,200,0.47
2018,5,22,18,20.7,72.3,2.2,180,0.37
2018,5,23,8,20.3,77,2.7,270,0.63
2018,5,23,9,21.5,74.2,3.3,250,1.20
2018,5,23,10,21.3,67.8,3.4,180,1.97
2018,5,23,11,21.4,58.7,4.1,200,2.50
2018,5,23,12,22.1,54,4.5,200,2.75
2018,5,23,13,22.7,46,4.5,200,2.85
2018,5,23,14,22.2,42.5,4.6,200,2.89
2018,5,23,15,22.6,40.3,4.5,200,2.60
2018,5,23,16,22.3,42.3,4.0,200,2.22
2018,5,23,17,22.0,43.7,3.7,200,1.61
2018,5,23,18,21.5,47.5,3.6,230,0.89
2018,5,24,8,19.2,52.5,3.4,230,1.10
2018,5,24,9,19.9,50,4.1,230,1.65
2018,5,24,10,20.6,46.2,3.8,200,2.41
2018,5,24,11,22.1,44.5,4.4,200,2.64
2018,5,24,12,22.7,43,4.7,200,2.86
2018,5,24,13,23.0,42.6,5.1,200,3.04
2018,5,24,14,23.5,41.7,5.0,200,3.03
2018,5,24,15,23.1,42.5,4.6,200,2.68
2018,5,24,16,23.2,43.5,4.4,200,2.15
2018,5,24,17,22.8,44.9,4.1,200,1.48
2018,5,24,18,22.0,47,3.6,200,0.89
2018,5,25,8,21.1,50.4,3.0,250,1.21
2018,5,25,9,21.5,49.1,3.2,230,1.76
2018,5,25,10,22.2,45.1,3.5,200,2.30
2018,5,25,11,22.6,43.7,3.9,200,2.64
2018,5,25,12,22.6,43.4,4.2,200,2.81
2018,5,25,13,23.2,43.2,4.0,200,3.12
2018,5,25,14,22.9,45.8,4.0,200,2.73
2018,5,25,15,22.8,46.1,3.7,200,2.30
2018,5,25,16,22.5,44.4,3.8,200,1.70
2018,5,25,17,22.3,46.3,3.4,200,1.31
2018,5,25,18,21.5,49.6,3.2,200,0.68
2018,5,26,8,20.7,53.7,2.7,250,1.07
2018,5,26,9,21.2,54.3,2.9,200,1.60
2018,5,26,10,22.6,50.5,3.3,200,2.34
2018,5,26,11,22.5,47.8,3.9,200,2.66
2018,5,26,12,23.0,45.3,4.0,200,2.96
2018,5,26,13,23.7,42.9,4.0,180,3.09
2018,5,26,14,23.8,43,3.9,200,3.07
2018,5,26,15,23.3,42.7,4.1,180,2.76
2018,5,26,16,23.1,44.3,3.9,200,2.30
2018,5,26,17,22.8,46.5,3.7,180,1.63
2018,5,26,18,23.3,49.3,3.3,200,1.25
2018,5,27,8,20.6,60.3,3.1,200,0.81
2018,5,27,9,20.7,60.6,2.8,230,1.43
2018,5,27,10,21.1,59.2,3.0,230,1.68
2018,5,27,11,22.4,61.6,3.4,180,1.88
2018,5,27,12,22.7,60.6,3.9,180,2.45
2018,5,27,13,23.6,59.6,3.4,180,2.31
2018,5,27,14,23.2,59.1,3.7,200,1.78
2018,5,27,15,23.1,59.2,3.5,200,2.07
2018,5,27,16,22.3,58.9,3.8,200,1.59
2018,5,27,17,21.9,61.8,3.5,200,1.03
2018,5,27,18,22.3,65.3,3.1,230,0.82
2018,5,28,8,21.4,65,2.2,180,1.07
2018,5,28,9,21.6,58.7,2.2,180,1.52
2018,5,28,10,22.3,56.7,3.0,180,2.06
2018,5,28,11,22.6,56.5,3.6,180,2.35
2018,5,28,12,22.9,52.4,3.7,180,2.66
2018,5,28,13,23.5,49.8,3.6,180,2.89
2018,5,28,14,23.3,52.1,4.1,180,2.55
2018,5,28,15,22.8,53.4,3.9,200,2.21
2018,5,28,16,22.5,55,3.9,200,1.96
2018,5,28,17,22.2,59.7,3.7,200,1.38
2018,5,28,18,21.9,66,3.5,200,0.79
2018,5,29,8,21.1,69.4,2.6,230,0.75
2018,5,29,9,21.9,66.6,2.7,230,1.22
2018,5,29,10,22.5,62.6,2.9,200,1.95
2018,5,29,11,22.9,61,3.6,200,2.47
2018,5,29,12,23.4,59.9,3.9,200,2.78
2018,5,29,13,23.9,59,4.0,180,2.72
2018,5,29,14,24.1,60.8,3.6,180,2.44
2018,5,29,15,23.8,62.8,3.5,180,2.23
2018,5,29,16,23.2,64.8,3.4,180,1.86
2018,5,29,17,23.0,67,3.2,180,1.55
2018,5,29,18,22.1,68.5,3.3,200,0.83
2018,5,30,8,21.9,76,1.3,50,0.77
2018,5,30,9,24.0,67,2.0,180,1.54
2018,5,30,10,25.0,66,4.1,200,2.52
2018,5,30,11,24.7,67,2.3,230,3.15
2018,5,30,12,24.7,72,5.0,180,3.48
2018,5,30,13,23.9,73,5.6,200,3.56
2018,5,30,14,24.2,71,5.0,200,3.39
2018,5,30,15,24.0,72,3.9,160,2.64
2018,5,30,16,24.6,71,5.4,200,2.22
2018,5,30,17,24.5,73,3.7,270,1.22
2018,5,30,18,23.5,72,2.8,250,0.34
2018,5,31,8,20.7,54,3.3,360,1.02
2018,5,31,9,21.2,50,2.9,360,1.46
2018,5,31,10,21.8,45,2.2,360,1.73
2018,5,31,11,22.3,49,2.4,360,1.94
2018,5,31,12,23.3,48,1.9,70,2.21
2018,5,31,13,23.4,43,3.0,140,2.37
2018,5,31,14,22.5,51,4.2,110,2.44
2018,5,31,15,21.9,60,3.0,110,1.95
2018,5,31,16,21.9,59,3.1,110,2.15
2018,5,31,17,21.2,64,3.3,110,1.81
2018,5,31,18,20.2,72,3.7,110,1.08
2018,6,1,8,22.6,55,1.2,140,1.38
2018,6,1,9,24.9,50,2.0,140,2.12
2018,6,1,10,24.8,50,1.7,110,2.71
2018,6,1,11,24.8,53,4.0,110,3.23
2018,6,1,12,24.5,46,4.1,110,3.55
2018,6,1,13,24.5,47,4.0,110,3.65
2018,6,1,14,24.7,48,4.0,110,3.53
2018,6,1,15,24.8,45,3.9,140,3.18
2018,6,1,16,24.9,42,2.6,110,2.64
2018,6,1,17,23.5,54,2.8,200,1.89
2018,6,1,18,22.2,59,2.0,200,1.11
2018,6,2,8,24.3,52,2.7,360,1.28
2018,6,2,9,27.2,45,2.0,160,2.04
2018,6,2,10,26.0,52,3.5,200,2.68
2018,6,2,11,26.0,50,2.2,160,3.17
2018,6,2,12,26.7,50,4.0,200,3.48
2018,6,2,13,24.0,64,6.4,200,3.55
2018,6,2,14,24.0,62,5.3,200,3.41
2018,6,2,15,24.3,65,4.6,200,3.04
2018,6,2,16,23.6,68,3.9,200,2.48
2018,6,2,17,24.1,63,3.2,200,1.75
2018,6,2,18,23.0,66,3.0,230,0.91
2018,6,3,8,20.3,78,2.1,230,1.05
2018,6,3,9,21.6,69,3.3,250,1.16
2018,6,3,10,23.5,64,4.2,200,1.45
2018,6,3,11,23.3,67,3.4,200,2.11
2018,6,3,12,24.1,65,4.6,200,3.35
2018,6,3,13,23.7,71,5.2,200,3.58
2018,6,3,14,23.6,68,6.0,200,3.39
2018,6,3,15,24.7,59,4.9,200,3.05
2018,6,3,16,23.6,57,7.4,230,2.54
2018,6,3,17,23.1,65,5.4,200,1.84
2018,6,3,18,22.5,66,4.6,200,1.08
2018,6,4,8,19.6,81,3.2,250,0.57
2018,6,4,9,22.9,61,3.2,250,1.69
2018,6,4,10,24.0,56,4.8,230,2.62
2018,6,4,11,25.2,57,4.2,200,3.03
2018,6,4,12,25.7,53,4.5,200,3.55
2018,6,4,13,24.4,59,5.8,200,3.15
2018,6,4,14,25.2,51,5.3,230,2.91
2018,6,4,15,25.5,54,5.3,230,2.67
2018,6,4,16,25.5,53,6.0,230,2.60
2018,6,4,17,24.3,60,5.1,200,1.82
2018,6,4,18,23.9,60,6.2,250,1.04
2018,6,5,8,19.8,92,0.0,0,0.18
2018,6,5,9,19.5,94,1.9,230,0.28
2018,6,5,10,19.0,95,1.6,200,0.36
2018,6,5,11,19.0,96,0.1,0,0.42
2018,6,5,12,19.2,93,1.9,110,0.59
2018,6,5,13,19.3,92,1.5,90,0.70
2018,6,5,14,19.9,88,1.8,70,0.71
2018,6,5,15,20.2,84,2.0,90,0.66
2018,6,5,16,20.4,81,1.9,110,0.71
2018,6,5,17,20.8,76,1.7,110,0.87
2018,6,5,18,20.6,76,1.8,90,0.77
2018,6,6,8,21.2,76,2.8,360,0.98
2018,6,6,9,24.0,65,1.4,140,1.61
2018,6,6,10,25.6,60,2.6,180,2.71
2018,6,6,11,24.8,68,3.4,200,2.90
2018,6,6,12,24.8,68,4.2,200,3.12
2018,6,6,13,24.8,70,3.4,200,3.23
2018,6,6,14,23.6,73,3.2,200,2.95
2018,6,6,15,24.5,71,3.8,200,2.83
2018,6,6,16,23.8,68,3.9,200,2.49
2018,6,6,17,22.5,78,4.5,230,1.71
2018,6,6,18,22.2,81,2.2,200,0.92
2018,6,7,8,22.3,72,1.7,230,1.24
2018,6,7,9,25.0,64,2.2,290,2.04
2018,6,7,10,24.4,70,3.1,230,2.68
2018,6,7,11,23.6,74,4.7,200,3.16
2018,6,7,12,22.5,81,7.6,200,3.49
2018,6,7,13,23.3,77,6.1,200,3.59
2018,6,7,14,23.5,76,5.5,200,3.45
2018,6,7,15,24.1,74,4.6,200,3.08
2018,6,7,16,23.7,75,5.1,200,2.55
2018,6,7,17,23.1,75,4.6,200,1.87
2018,6,7,18,22.9,75,3.0,230,1.09
2018,6,8,8,23.4,67,2.4,290,1.18
2018,6,8,9,22.9,72,3.9,200,1.75
2018,6,8,10,23.3,67,2.4,230,1.83
2018,6,8,11,25.8,58,1.5,230,3.06
2018,6,8,12,26.3,61,3.0,200,2.80
2018,6,8,13,24.1,66,3.4,230,2.62
2018,6,8,14,25.4,66,2.6,230,2.52
2018,6,8,15,23.7,76,3.0,230,1.94
2018,6,8,16,24.5,73,3.6,200,1.72
2018,6,8,17,24.6,72,2.4,230,1.60
2018,6,8,18,23.7,77,2.4,230,0.85
2018,6,9,8,20.7,70,5.1,70,0.92
2018,6,9,9,21.5,66,3.7,50,1.33
2018,6,9,10,21.5,66,4.3,50,1.22
2018,6,9,11,22.2,63,5.1,50,1.52
2018,6,9,12,23.3,60,3.3,70,2.36
2018,6,9,13,23.8,59,4.1,90,3.17
2018,6,9,14,23.9,58,4.1,70,3.23
2018,6,9,15,24.3,55,3.2,70,3.07
2018,6,9,16,23.8,57,4.0,70,2.62
2018,6,9,17,23.3,60,4.6,50,1.97
2018,6,9,18,21.9,61,3.6,50,1.25
2018,6,10,8,19.1,74,4.1,50,0.38
2018,6,10,9,20.1,72,3.4,50,0.82
2018,6,10,10,21.5,67,3.7,50,1.53
2018,6,10,11,22.2,65,4.1,50,2.04
2018,6,10,12,23.5,61,3.9,50,2.22
2018,6,10,13,23.1,63,4.4,50,2.31
2018,6,10,14,21.5,66,4.1,50,0.90
2018,6,10,15,20.7,71,4.4,50,0.68
2018,6,10,16,20.1,71,4.9,50,0.48
2018,6,10,17,20.1,69,3.7,50,0.45
2018,6,10,18,19.0,77,5.1,50,0.06
2018,6,11,8,15.6,96,3.4,50,0.03
2018,6,11,9,15.9,96,2.8,50,0.21
2018,6,11,10,16.0,96,2.3,20,0.38
2018,6,11,11,16.6,95,1.5,50,0.72
2018,6,11,12,16.9,94,2.6,50,0.82
2018,6,11,13,17.7,87,4.0,50,1.16
2018,6,11,14,18.7,83,2.5,50,1.48
2018,6,11,15,19.0,82,2.9,50,1.34
2018,6,11,16,21.1,68,2.1,70,1.89
2018,6,11,17,20.2,74,2.4,50,1.24
2018,6,11,18,18.9,76,2.9,50,0.48
2018,6,12,8,17.2,73,1.0,20,0.40
2018,6,12,9,18.1,70,2.0,110,0.70
2018,6,12,10,18.7,67,1.5,110,0.92
2018,6,12,11,19.6,67,2.5,110,1.26
2018,6,12,12,20.2,66,2.2,140,2.23
2018,6,12,13,21.0,63,2.8,180,1.83
2018,6,12,14,20.1,72,2.4,160,1.08
2018,6,12,15,20.5,69,2.3,110,1.19
2018,6,12,16,19.2,74,3.3,110,0.86
2018,6,12,17,19.3,73,2.8,110,0.60
2018,6,12,18,18.9,77,2.3,110,0.57
2018,6,13,8,19.3,67,1.4,90,0.72
2018,6,13,9,19.9,68,2.4,90,1.10
2018,6,13,10,21.2,68,3.2,110,1.67
2018,6,13,11,21.4,70,3.5,110,1.81
2018,6,13,12,22.2,68,2.7,90,2.47
2018,6,13,13,22.7,69,2.5,90,2.12
2018,6,13,14,22.2,69,2.7,110,2.13
2018,6,13,15,22.4,66,3.0,110,2.84
2018,6,13,16,22.4,67,3.2,90,2.11
2018,6,13,17,21.3,71,3.1,90,2.07
2018,6,13,18,20.2,75,2.7,70,0.88
2018,6,14,8,20.2,75,2.4,70,0.66
2018,6,14,9,20.7,72,3.5,70,1.11
2018,6,14,10,21.3,69,3.4,90,1.73
2018,6,14,11,21.6,68,2.7,70,1.61
2018,6,14,12,22.5,66,3.2,70,2.63
2018,6,14,13,23.3,60,3.2,90,3.52
2018,6,14,14,22.9,61,4.4,90,3.68
2018,6,14,15,22.9,65,3.8,70,3.28
2018,6,14,16,22.7,62,3.6,70,2.64
2018,6,14,17,21.9,63,3.8,70,1.76
2018,6,14,18,20.9,66,3.6,50,1.19
2018,6,15,8,19.9,64,4.6,50,1.23
2018,6,15,9,20.2,63,5.2,50,1.58
2018,6,15,10,20.5,62,4.2,50,1.55
2018,6,15,11,21.6,57,3.8,70,1.95
2018,6,15,12,23.0,55,2.6,70,2.46
2018,6,15,13,22.3,61,3.2,70,2.16
2018,6,15,14,23.0,56,3.1,70,2.41
2018,6,15,15,21.7,62,3.4,70,1.66
2018,6,15,16,21.4,60,3.2,50,1.66
2018,6,15,17,21.0,64,2.7,70,1.52
2018,6,15,18,19.8,64,3.9,50,0.77
2018,6,16,8,17.8,67,3.2,50,0.57
2018,6,16,9,18.0,69,3.8,50,0.56
2018,6,16,10,18.8,65,3.5,50,0.83
2018,6,16,11,19.9,64,1.9,70,1.36
2018,6,16,12,20.2,62,3.0,50,1.37
2018,6,16,13,21.9,58,2.7,70,2.27
2018,6,16,14,22.7,57,2.4,50,3.26
2018,6,16,15,22.7,57,3.3,70,2.95
2018,6,16,16,21.5,60,4.2,90,2.64
2018,6,16,17,20.6,63,3.8,90,2.00
2018,6,16,18,19.6,66,3.1,90,1.27
2018,6,17,8,19.4,70,2.2,70,1.22
2018,6,17,9,21.7,63,1.5,90,2.09
2018,6,17,10,23.4,63,3.0,140,2.78
2018,6,17,11,23.2,66,3.1,110,3.32
2018,6,17,12,23.6,66,3.8,110,3.45
2018,6,17,13,23.8,64,2.4,110,2.42
2018,6,17,14,24.1,57,2.8,90,1.71
2018,6,17,15,25.0,57,2.7,90,2.51
2018,6,17,16,24.5,59,1.7,90,1.01
2018,6,17,17,24.6,59,1.6,140,0.64
2018,6,17,18,24.3,56,1.2,70,0.69
2018,6,18,8,23.0,64,2.3,90,0.72
2018,6,18,9,24.5,61,2.5,110,1.62
2018,6,18,10,24.8,60,4.0,110,1.73
2018,6,18,11,24.1,64,3.5,110,2.14
2018,6,18,12,25.4,64,2.9,110,3.24
2018,6,18,13,24.6,71,4.4,110,3.66
2018,6,18,14,25.2,69,2.5,110,2.79
2018,6,18,15,25.7,69,2.2,110,2.77
2018,6,18,16,26.0,67,1.1,140,1.68
2018,6,18,17,25.7,68,1.7,180,1.65
2018,6,18,18,24.1,74,2.5,200,0.91
2018,6,19,8,21.5,84,2.9,180,0.54
2018,6,19,9,22.8,76,2.0,200,0.84
2018,6,19,10,22.2,83,3.5,180,0.94
2018,6,19,11,23.2,77,3.6,200,1.37
2018,6,19,12,23.2,75,2.8,200,1.28
2018,6,19,13,23.0,74,4.9,200,1.00
2018,6,19,14,25.3,62,4.3,200,2.97
2018,6,19,15,24.5,72,4.6,200,2.78
2018,6,19,16,22.8,77,3.5,230,0.69
2018,6,19,17,22.4,85,1.2,200,0.26
2018,6,19,18,21.2,91,3.7,200,0.13
2018,6,20,8,22.4,75,2.0,340,1.17
2018,6,20,9,24.2,66,1.4,340,1.95
2018,6,20,10,26.3,62,3.1,140,2.60
2018,6,20,11,25.2,62,4.0,200,2.91
2018,6,20,12,25.9,57,3.5,200,3.58
2018,6,20,13,25.7,58,3.1,200,3.21
2018,6,20,14,26.1,57,3.3,200,2.93
2018,6,20,15,25.2,60,3.6,200,2.39
2018,6,20,16,25.7,56,1.9,230,2.01
2018,6,20,17,24.3,62,3.0,200,1.03
2018,6,20,18,23.6,71,2.6,180,0.50
2018,6,21,8,22.8,63,2.1,360,0.71
2018,6,21,9,25.8,45,3.1,340,1.94
2018,6,21,10,27.6,41,2.8,320,2.69
2018,6,21,11,28.5,39,3.2,290,3.33
2018,6,21,12,29.2,35,2.7,290,3.58
2018,6,21,13,29.9,37,2.6,360,3.59
2018,6,21,14,28.8,48,5.8,200,3.34
2018,6,21,15,27.8,39,4.1,230,2.48
2018,6,21,16,28.8,41,4.8,230,2.62
2018,6,21,17,27.8,43,5.4,250,1.78
2018,6,21,18,26.8,44,5.3,250,1.23
2018,6,22,8,24.3,49,0.8,230,0.90
2018,6,22,9,25.5,46,0.9,250,1.41
2018,6,22,10,26.3,50,1.8,200,2.11
2018,6,22,11,26.4,46,2.3,200,2.48
2018,6,22,12,26.7,45,4.0,200,3.16
2018,6,22,13,26.8,57,3.9,200,3.28
2018,6,22,14,27.2,44,1.5,160,2.84
2018,6,22,15,26.9,58,2.8,200,2.05
2018,6,22,16,27.1,53,2.3,200,2.14
2018,6,22,17,26.0,51,2.0,200,1.35
2018,6,22,18,25.3,48,1.2,110,0.48
2018,6,23,8,21.0,83,2.9,230,0.10
2018,6,23,9,21.1,84,2.7,250,0.49
2018,6,23,10,21.8,76,4.0,250,0.60
2018,6,23,11,22.4,75,5.5,290,0.81
2018,6,23,12,23.9,69,4.4,290,1.34
2018,6,23,13,24.7,62,3.7,270,1.41
2018,6,23,14,26.3,60,4.2,200,3.04
2018,6,23,15,26.2,53,5.4,230,2.95
2018,6,23,16,26.7,45,5.1,230,1.99
2018,6,23,17,25.3,57,4.7,230,1.79
2018,6,23,18,24.5,57,5.5,250,1.05
2018,6,24,8,24.7,58,4.0,360,1.07
2018,6,24,9,26.2,57,4.2,360,1.88
2018,6,24,10,28.2,51,2.2,340,2.53
2018,6,24,11,29.7,48,4.6,290,3.09
2018,6,24,12,30.6,50,4.0,200,3.40
2018,6,24,13,28.4,54,5.2,200,3.43
2018,6,24,14,26.2,67,6.2,200,3.32
2018,6,24,15,26.1,65,6.0,200,2.90
2018,6,24,16,26.6,66,3.4,200,2.41
2018,6,24,17,28.7,52,4.4,200,1.74
2018,6,24,18,27.1,58,4.4,200,1.04
2018,6,25,8,24.6,73,2.7,200,1.15
2018,6,25,9,25.0,74,2.6,230,1.94
2018,6,25,10,25.5,72,3.4,200,2.16
2018,6,25,11,25.7,74,4.6,200,3.11
2018,6,25,12,25.3,78,5.2,200,2.49
2018,6,25,13,25.2,78,6.6,200,3.11
2018,6,25,14,25.6,78,4.3,180,3.02
2018,6,25,15,26.1,73,3.7,200,2.28
2018,6,25,16,25.9,73,3.3,230,1.82
2018,6,25,17,25.2,73,3.2,200,1.22
2018,6,25,18,24.1,77,3.6,200,0.86
2018,6,26,8,22.0,94,0.2,0,0.18
2018,6,26,9,21.7,95,1.3,70,0.12
2018,6,26,10,22.5,96,3.3,200,0.24
2018,6,26,11,22.9,96,5.1,230,0.31
2018,6,26,12,23.4,97,7.5,230,0.53
2018,6,26,13,23.5,97,6.1,230,0.59
2018,6,26,14,23.9,96,9.6,230,0.57
2018,6,26,15,23.8,95,9.5,230,0.32
2018,6,26,16,23.9,95,7.6,250,0.31
2018,6,26,17,23.9,94,11.0,230,0.17
2018,6,26,18,23.9,93,11.2,230,0.08
2018,6,27,8,22.6,95,11.7,230,0.04
2018,6,27,9,22.4,95,8.5,230,0.17
2018,6,27,10,22.8,95,5.0,230,0.30
2018,6,27,11,22.9,94,8.3,230,0.48
2018,6,27,12,22.6,95,6.0,230,0.34
2018,6,27,13,23.0,94,8.6,230,0.36
2018,6,27,14,24.1,91,3.5,230,0.72
2018,6,27,15,24.9,87,5.9,230,1.35
2018,6,27,16,23.5,90,6.5,230,0.97
2018,6,27,17,23.2,91,8.1,230,0.35
2018,6,27,18,23.2,91,7.4,230,0.20
2018,6,28,8,19.0,97,1.2,160,0.00
2018,6,28,9,19.2,99,2.5,70,0.02
2018,6,28,10,19.0,99,1.8,70,0.04
2018,6,28,11,19.7,98,1.2,20,0.28
2018,6,28,12,20.1,98,1.5,110,0.44
2018,6,28,13,20.2,98,0.0,0,0.48
2018,6,28,14,20.8,98,3.1,290,0.22
2018,6,28,15,21.4,98,0.2,0,0.34
2018,6,28,16,20.9,98,4.0,200,0.42
2018,6,28,17,21.2,98,4.6,230,0.34
2018,6,28,18,21.7,98,3.5,230,0.26
2018,6,29,8,21.4,98,1.9,230,0.21
2018,6,29,9,22.2,100,2.8,200,0.57
2018,6,29,10,22.1,99,4.0,200,0.70
2018,6,29,11,22.1,99,4.0,250,0.55
2018,6,29,12,22.5,98,3.9,250,0.65
2018,6,29,13,23.6,93,2.4,200,1.08
2018,6,29,14,23.2,95,3.4,200,1.23
2018,6,29,15,22.3,96,3.0,200,0.55
2018,6,29,16,22.9,97,0.3,0,0.35
2018,6,29,17,23.6,93,1.9,180,0.83
2018,6,29,18,22.9,95,3.2,230,0.61
2018,6,30,8,22.9,88,2.1,250,6.00
2018,6,30,9,22.4,95,1.9,200,6.00
2018,6,30,10,22.0,97,0.4,0,0.10
2018,6,30,11,21.7,97,1.5,180,0.29
2018,6,30,12,21.7,93,1.4,180,0.69
2018,6,30,13,21.6,96,2.3,70,0.38
2018,6,30,14,20.7,97,0.9,140,0.11
2018,6,30,15,20.3,97,1.2,20,0.01
2018,6,30,16,20.1,98,1.5,70,0.03
2018,6,30,17,19.8,98,1.5,90,0.02
2018,6,30,18,20.1,98,1.6,50,0.09
2018,7,1,8,21.8,98,1.8,20,0.10
2018,7,1,9,22.9,98,2.1,70,0.73
2018,7,1,10,23.9,95,2.1,70,1.40
2018,7,1,11,26.1,85,2.0,90,2.88
2018,7,1,12,27.2,76,2.0,160,3.08
2018,7,1,13,27.4,76,2.9,200,3.18
2018,7,1,14,27.8,73,3.8,200,3.14
2018,7,1,15,28.3,71,4.1,200,3.37
2018,7,1,16,28.0,71,3.8,200,2.62
2018,7,1,17,27.1,77,3.0,200,1.43
2018,7,1,18,26.4,77,2.1,230,0.83
2018,7,2,8,24.5,95,3.4,250,1.19
2018,7,2,9,25.2,90,3.3,230,1.50
2018,7,2,10,26.0,83,3.3,230,1.70
2018,7,2,11,28.0,74,3.1,200,2.67
2018,7,2,12,28.8,71,3.0,200,3.57
2018,7,2,13,28.6,70,1.9,180,2.94
2018,7,2,14,28.2,75,3.4,110,3.49
2018,7,2,15,28.2,77,1.2,90,2.92
2018,7,2,16,27.2,81,2.7,50,2.08
2018,7,2,17,26.6,83,1.6,50,1.32
2018,7,2,18,25.5,85,2.9,90,0.84
2018,7,3,8,23.3,95,4.3,70,0.42
2018,7,3,9,23.0,95,4.3,70,0.45
2018,7,3,10,22.9,95,4.2,70,0.39
2018,7,3,11,22.6,96,4.9,50,0.42
2018,7,3,12,22.5,96,5.4,50,0.50
2018,7,3,13,22.2,96,6.0,50,0.49
2018,7,3,14,22.2,97,5.7,50,0.54
2018,7,3,15,22.2,97,5.3,50,0.50
2018,7,3,16,22.2,96,6.8,50,0.46
2018,7,3,17,22.4,96,6.6,70,0.53
2018,7,3,18,22.3,96,6.3,50,0.39
2018,7,4,8,24.5,83,4.2,200,1.67
2018,7,4,9,25.6,80,2.4,200,2.55
2018,7,4,10,26.5,77,4.3,200,3.08
2018,7,4,11,27.1,74,4.8,200,3.63
2018,7,4,12,27.9,73,4.2,200,4.13
2018,7,4,13,28.1,70,5.2,200,3.65
2018,7,4,14,27.5,71,4.3,230,3.40
2018,7,4,15,29.3,61,6.0,230,4.15
2018,7,4,16,26.2,82,5.6,200,2.56
2018,7,4,17,24.9,87,5.1,200,1.90
2018,7,4,18,24.2,90,4.7,200,0.85
2018,7,5,8,22.5,97,1.4,90,0.19
2018,7,5,9,22.5,96,2.2,90,0.27
2018,7,5,10,23.1,95,1.6,70,0.59
2018,7,5,11,23.1,96,1.8,70,0.59
2018,7,5,12,23.1,97,0.8,90,0.62
2018,7,5,13,23.6,96,1.1,70,1.04
2018,7,5,14,25.0,92,1.4,70,1.60
2018,7,5,15,24.6,90,1.7,90,1.46
2018,7,5,16,24.3,89,2.7,110,2.15
2018,7,5,17,24.2,85,2.4,70,1.12
2018,7,5,18,23.6,89,2.3,70,0.75
2018,7,6,8,21.5,94,3.3,50,0.10
2018,7,6,9,21.6,92,3.0,70,0.18
2018,7,6,10,21.2,95,3.0,50,0.14
2018,7,6,11,21.3,96,2.4,50,0.30
2018,7,6,12,21.4,94,3.4,70,0.35
2018,7,6,13,21.5,93,3.9,50,0.38
2018,7,6,14,21.3,94,3.1,50,0.36
2018,7,6,15,21.0,90,3.6,50,0.35
2018,7,6,16,20.3,93,4.8,50,0.18
2018,7,6,17,20.3,90,4.1,50,0.26
2018,7,6,18,20.5,87,5.1,50,0.27
2018,7,7,8,19.6,81,4.1,50,0.59
2018,7,7,9,21.0,72,4.0,50,1.40
2018,7,7,10,21.8,72,4.4,50,2.12
2018,7,7,11,21.0,76,4.3,50,1.27
2018,7,7,12,21.8,75,4.4,50,1.64
2018,7,7,13,22.5,69,4.5,20,2.06
2018,7,7,14,22.3,69,3.0,50,1.80
2018,7,7,15,22.1,70,3.1,50,1.17
2018,7,7,16,22.0,69,5.5,50,1.70
2018,7,7,17,21.1,73,4.5,50,1.77
2018,7,7,18,20.2,74,4.1,50,0.60
2018,7,8,8,18.9,78,3.7,50,0.59
2018,7,8,9,19.4,80,3.9,50,0.82
2018,7,8,10,20.1,76,3.5,50,0.99
2018,7,8,11,21.6,73,3.6,50,1.77
2018,7,8,12,21.9,72,3.4,20,1.59
2018,7,8,13,23.0,72,3.2,50,2.09
2018,7,8,14,23.2,69,3.5,50,1.83
2018,7,8,15,22.1,76,3.5,50,1.22
2018,7,8,16,21.1,78,3.6,50,0.62
2018,7,8,17,21.0,77,3.2,50,0.56
2018,7,8,18,20.5,78,3.0,50,0.39
2018,7,9,8,19.2,93,3.9,50,0.34
2018,7,9,9,19.4,95,3.2,50,0.46
2018,7,9,10,19.4,97,3.6,50,0.64
2018,7,9,11,19.6,97,2.2,90,0.55
2018,7,9,12,19.9,95,2.7,50,0.81
2018,7,9,13,20.1,96,2.2,90,0.72
2018,7,9,14,21.0,94,2.4,70,1.22
2018,7,9,15,21.8,91,1.7,70,1.39
2018,7,9,16,22.0,92,1.8,50,1.02
2018,7,9,17,22.1,89,2.2,70,1.18
2018,7,9,18,21.3,90,2.5,70,0.48
2018,7,10,8,21.5,91,1.5,70,0.67
2018,7,10,9,22.9,88,1.0,90,1.15
2018,7,10,10,24.6,84,1.8,110,1.93
2018,7,10,11,26.6,81,2.2,110,3.55
2018,7,10,12,27.9,75,1.0,110,4.08
2018,7,10,13,28.1,73,1.8,160,4.34
2018,7,10,14,28.0,75,1.1,90,4.77
2018,7,10,15,27.6,76,1.3,70,3.42
2018,7,10,16,26.6,80,1.5,70,1.89
2018,7,10,17,26.7,79,1.1,90,1.49
2018,7,10,18,26.1,82,1.0,50,1.21
2018,7,11,8,25.9,80,0.8,70,0.89
2018,7,11,9,26.9,76,0.6,200,1.28
2018,7,11,10,27.6,73,1.7,200,2.58
2018,7,11,11,27.6,75,2.8,230,3.23
2018,7,11,12,28.5,70,2.8,230,3.82
2018,7,11,13,30.1,66,4.5,200,3.67
2018,7,11,14,30.2,66,5.7,200,4.00
2018,7,11,15,29.9,66,6.4,200,3.47
2018,7,11,16,29.7,66,5.6,200,2.86
2018,7,11,17,28.8,72,5.9,200,2.25
2018,7,11,18,28.9,72,4.7,230,1.54
2018,7,12,8,27.8,76,4.9,270,1.33
2018,7,12,9,28.9,72,3.9,250,2.09
2018,7,12,10,29.5,69,5.7,250,2.59
2018,7,12,11,29.6,72,6.8,250,3.00
2018,7,12,12,30.1,71,4.9,270,3.52
2018,7,12,13,30.1,72,5.0,200,3.40
2018,7,12,14,29.8,70,6.3,200,3.65
2018,7,12,15,29.1,74,5.0,180,3.32
2018,7,12,16,28.8,73,4.3,180,2.68
2018,7,12,17,28.0,75,4.4,200,2.05
2018,7,12,18,27.2,79,4.5,200,1.45
2018,7,13,8,27.9,78,2.4,290,1.30
2018,7,13,9,29.7,73,2.0,320,2.06
2018,7,13,10,28.5,76,3.1,200,2.72
2018,7,13,11,28.6,77,2.5,230,3.36
2018,7,13,12,28.1,78,4.1,230,3.64
2018,7,13,13,28.2,81,4.1,200,3.76
2018,7,13,14,28.3,77,3.4,200,3.62
2018,7,13,15,29.0,78,3.7,200,3.35
2018,7,13,16,28.8,74,3.0,230,2.75
2018,7,13,17,28.3,78,3.1,200,2.05
2018,7,13,18,27.1,82,3.2,230,1.31
2018,7,14,8,28.3,76,1.8,270,1.27
2018,7,14,9,30.0,74,3.1,290,2.05
2018,7,14,10,30.9,69,2.5,200,2.71
2018,7,14,11,29.7,76,3.4,200,3.30
2018,7,14,12,30.0,73,2.8,200,3.56
2018,7,14,13,29.3,77,4.7,200,3.68
2018,7,14,14,29.0,75,3.7,200,3.59
2018,7,14,15,29.5,74,4.5,200,3.37
2018,7,14,16,29.3,67,3.7,230,2.76
2018,7,14,17,28.6,70,3.8,200,2.07
2018,7,14,18,27.4,77,3.3,200,1.34
2018,7,15,8,27.6,75,1.0,250,1.17
2018,7,15,9,28.9,72,1.4,230,1.92
2018,7,15,10,29.8,71,2.0,230,2.56
2018,7,15,11,30.1,72,2.9,200,3.10
2018,7,15,12,30.0,75,3.8,200,3.43
2018,7,15,13,29.6,77,5.2,200,3.60
2018,7,15,14,29.6,75,4.7,200,3.54
2018,7,15,15,29.4,75,4.9,230,3.25
2018,7,15,16,28.9,76,4.5,200,2.65
2018,7,15,17,28.9,75,3.9,230,2.01
2018,7,15,18,28.1,78,3.9,230,1.27
2018,7,16,8,26.5,75,1.9,230,1.11
2018,7,16,9,27.1,74,2.5,250,1.84
2018,7,16,10,28.3,70,2.6,230,2.54
2018,7,16,11,28.7,68,4.2,200,3.11
2018,7,16,12,29.9,66,3.3,200,3.46
2018,7,16,13,30.0,66,4.4,200,3.62
2018,7,16,14,30.5,66,2.6,200,3.57
2018,7,16,15,29.8,69,3.8,200,3.29
2018,7,16,16,30.1,68,3.6,200,2.68
2018,7,16,17,29.9,68,2.0,180,1.98
2018,7,16,18,27.8,78,2.4,230,1.27
2018,7,17,8,28.1,65,2.8,230,1.15
2018,7,17,9,29.3,64,3.8,200,1.87
2018,7,17,10,29.6,66,3.4,200,2.55
2018,7,17,11,30.6,63,3.6,200,3.08
2018,7,17,12,29.4,68,4.9,200,3.40
2018,7,17,13,29.4,74,5.1,200,3.55
2018,7,17,14,30.1,66,4.1,200,3.49
2018,7,17,15,29.9,68,4.1,200,3.22
2018,7,17,16,29.9,67,4.6,180,2.69
2018,7,17,17,29.3,69,4.3,180,1.95
2018,7,17,18,28.2,71,3.7,180,1.20
2018,7,18,8,28.5,70,1.9,320,1.13
2018,7,18,9,30.4,64,1.8,290,1.82
2018,7,18,10,31.6,63,3.5,200,2.55
2018,7,18,11,32.2,63,2.8,230,3.14
2018,7,18,12,31.1,64,4.2,200,3.57
2018,7,18,13,30.4,65,3.9,200,3.77
2018,7,18,14,30.6,63,4.8,200,3.72
2018,7,18,15,30.0,70,5.1,200,3.37
2018,7,18,16,30.2,66,4.2,200,2.81
2018,7,18,17,29.8,64,3.6,200,2.21
2018,7,18,18,28.5,68,3.3,230,1.49
2018,7,19,8,29.6,67,0.7,200,1.29
2018,7,19,9,31.7,63,1.6,110,2.04
2018,7,19,10,31.3,62,2.5,200,2.71
2018,7,19,11,31.9,62,2.6,180,3.35
2018,7,19,12,31.6,64,3.8,200,3.75
2018,7,19,13,31.3,64,2.4,180,4.14
2018,7,19,14,31.7,64,4.1,200,4.13
2018,7,19,15,31.4,66,4.6,200,3.87
2018,7,19,16,30.4,64,5.4,200,3.08
2018,7,19,17,30.6,62,3.5,200,2.55
2018,7,19,18,29.8,61,2.6,200,1.91
2018,7,20,8,28.5,69.3,3.0,230,1.36
2018,7,20,9,29.2,65.9,2.7,230,1.95
2018,7,20,10,29.6,66.1,3.4,200,2.40
2018,7,20,11,29.8,68,3.5,200,2.88
2018,7,20,12,30.2,68.5,3.9,200,2.99
2018,7,20,13,29.7,67.9,4.0,200,3.03
2018,7,20,14,30.0,67.4,4.4,200,2.93
2018,7,20,15,30.1,64.9,4.4,200,2.94
2018,7,20,16,30.2,63.5,4.4,200,2.41
2018,7,20,17,30.1,64.4,4.0,200,1.92
2018,7,20,18,29.8,66.2,3.8,200,1.51
2018,7,21,8,29.1,68.6,3.1,200,1.17
2018,7,21,9,29.2,66.7,3.0,250,1.84
2018,7,21,10,29.7,64.2,3.4,200,2.27
2018,7,21,11,30.1,64.2,3.6,200,2.75
2018,7,21,12,30.3,64.3,3.8,200,2.77
2018,7,21,13,30.5,64.6,3.9,180,2.72
2018,7,21,14,30.4,65.3,3.7,180,2.81
2018,7,21,15,30.3,65.9,4.2,180,2.53
2018,7,21,16,30.4,66.9,3.9,200,2.24
2018,7,21,17,29.9,66.2,3.7,200,1.60
2018,7,21,18,30.0,71,1.7,70,1.25
2018,7,22,8,29.0,68.7,2.6,70,1.23
2018,7,22,9,29.0,67.2,2.6,90,1.81
2018,7,22,10,29.5,64.6,3.2,160,2.18
2018,7,22,11,30.4,63.5,3.5,180,2.69
2018,7,22,12,30.6,62.3,4.0,200,2.51
2018,7,22,13,30.7,61,3.9,180,2.54
2018,7,22,14,30.6,63.1,3.8,200,2.35
2018,7,22,15,30.6,63.6,3.8,200,2.54
2018,7,22,16,30.5,63.6,4.0,200,2.50
2018,7,22,17,30.0,66.4,3.7,200,1.65
2018,7,22,18,29.7,68.8,4.0,200,1.10
2018,7,23,8,29.5,69.5,3.0,200,1.00
2018,7,23,9,29.4,68.5,2.3,200,1.72
2018,7,23,10,29.6,69.7,3.3,200,2.17
2018,7,23,11,30.1,70,3.5,200,2.63
2018,7,23,12,30.1,66.9,3.8,200,2.82
2018,7,23,13,30.2,65.8,4.3,200,2.98
2018,7,23,14,30.3,66.2,4.2,200,2.91
2018,7,23,15,30.6,66.2,4.2,200,2.74
2018,7,23,16,30.4,66.4,4.0,200,2.41
2018,7,23,17,30.0,68.7,3.8,200,1.80
2018,7,23,18,29.6,73.3,3.6,200,1.31
2018,7,24,8,29.4,71.2,3.0,200,1.16
2018,7,24,9,29.7,69.9,2.7,230,1.83
2018,7,24,10,29.9,70.4,3.6,200,2.44
2018,7,24,11,30.2,67.5,3.6,200,2.82
2018,7,24,12,30.2,66.3,4.1,200,2.75
2018,7,24,13,30.6,64.7,4.3,200,2.94
2018,7,24,14,30.2,68.5,4.4,200,2.93
2018,7,24,15,30.1,69,4.1,200,2.68
2018,7,24,16,30.2,70.3,4.0,200,2.25
2018,7,24,17,29.8,72.1,3.5,200,1.69
2018,7,24,18,29.7,73,3.4,200,1.30
2018,7,25,8,29.2,69.9,3.4,200,1.33
2018,7,25,9,29.8,69,4.0,200,1.90
2018,7,25,10,30.1,69,4.1,200,2.31
2018,7,25,11,30.2,69,4.3,200,2.57
2018,7,25,12,29.9,69.6,4.4,200,2.66
2018,7,25,13,29.9,70.4,4.4,200,2.81
2018,7,25,14,30.0,71.7,4.3,200,2.63
2018,7,25,15,29.9,69.3,4.6,200,2.45
2018,7,25,16,30.0,70.3,4.4,200,2.22
2018,7,25,17,29.6,72.2,3.7,200,1.73
2018,7,25,18,29.2,75.7,3.5,200,1.38
2018,7,26,8,29.0,71.1,2.9,200,1.15
2018,7,26,9,29.6,68.2,2.9,230,1.79
2018,7,26,10,29.9,67.7,3.6,200,2.38
2018,7,26,11,30.0,67.9,3.6,200,2.43
2018,7,26,12,30.1,67.7,3.9,200,2.88
2018,7,26,13,29.9,67.6,4.4,200,2.99
2018,7,26,14,29.8,67.8,4.3,200,2.92
2018,7,26,15,29.7,69.5,4.2,200,2.31
2018,7,26,16,29.5,71.6,4.1,200,2.21
2018,7,26,17,29.5,69.8,3.7,200,1.73
2018,7,26,18,29.2,70.6,3.5,200,1.22
2018,7,27,8,29.2,69.9,2.6,200,0.98
2018,7,27,9,29.5,66.8,2.8,250,1.63
2018,7,27,10,29.8,65.7,3.3,200,2.26
2018,7,27,11,30.1,63.8,3.4,200,2.78
2018,7,27,12,30.5,63.7,3.8,200,3.06
2018,7,27,13,30.3,63.4,4.1,200,2.99
2018,7,27,14,30.1,63.5,4.0,200,2.62
2018,7,27,15,30.0,66,4.1,200,2.63
2018,7,27,16,29.8,67.2,4.3,200,2.50
2018,7,27,17,29.6,68.5,3.6,200,1.78
2018,7,27,18,29.8,70.1,3.4,200,1.53
2018,7,28,8,29.3,69.6,2.3,200,1.21
2018,7,28,9,29.7,67.3,2.6,200,1.73
2018,7,28,10,30.0,64,3.4,200,2.32
2018,7,28,11,30.1,64.3,3.5,200,2.61
2018,7,28,12,30.3,64,3.8,180,2.58
2018,7,28,13,30.2,65.2,3.9,180,2.76
2018,7,28,14,30.3,62.5,3.9,180,2.70
2018,7,28,15,30.2,64.1,3.8,180,2.80
2018,7,28,16,30.0,63.2,4.1,180,2.39
2018,7,28,17,29.7,65.7,3.8,200,1.70
2018,7,28,18,29.6,68.1,3.5,200,1.31
2018,7,29,8,29.3,70.1,2.8,230,1.33
2018,7,29,9,29.4,67.7,2.8,250,1.83
2018,7,29,10,30.0,66.5,3.6,180,2.30
2018,7,29,11,30.6,63.3,3.8,180,2.67
2018,7,29,12,30.6,62,3.7,180,2.78
2018,7,29,13,30.4,60.9,4.0,200,2.90
2018,7,29,14,30.7,60.8,4.0,180,2.77
2018,7,29,15,30.7,60,3.8,180,2.56
2018,7,29,16,30.2,61.4,3.9,180,1.96
2018,7,29,17,29.7,62.4,3.5,180,1.75
2018,7,29,18,29.9,63.4,3.7,180,1.59
2018,7,30,8,29.1,67.7,3.1,180,1.68
2018,7,30,9,29.5,66.3,2.9,160,2.12
2018,7,30,10,29.9,64.5,3.4,160,2.48
2018,7,30,11,29.9,59.9,4.0,160,2.56
2018,7,30,12,30.6,59.8,3.8,160,2.71
2018,7,30,13,30.4,59.6,4.0,160,2.67
2018,7,30,14,30.3,59.7,4.0,160,2.52
2018,7,30,15,30.4,61.4,3.6,160,2.35
2018,7,30,16,30.2,62.1,3.6,160,2.22
2018,7,30,17,29.9,62.4,3.3,160,1.94
2018,7,30,18,29.8,63.4,3.3,160,1.65
2018,7,31,8,29.4,65.9,2.9,160,1.51
2018,7,31,9,29.8,64.1,3.1,160,2.03
2018,7,31,10,30.2,63.7,3.7,160,2.31
2018,7,31,11,30.7,61.4,3.8,160,2.83
2018,7,31,12,31.3,59.5,4.0,160,2.99
2018,7,31,13,31.5,60.5,4.2,160,3.00
2018,7,31,14,31.4,58.5,4.2,160,3.00
2018,7,31,15,31.4,58.7,4.1,160,2.90
2018,7,31,16,31.2,59.9,3.8,180,2.55
2018,7,31,17,30.7,60.7,3.3,180,2.12
2018,7,31,18,30.2,62.7,3.2,180,1.49
2018,8,1,8,29.6,67.2,2.9,200,1.79
2018,8,1,9,29.9,65.2,2.7,180,1.95
2018,8,1,10,30.6,64.1,3.7,180,2.60
2018,8,1,11,31.0,61.3,3.7,180,2.76
2018,8,1,12,31.9,58.4,3.8,160,2.93
2018,8,1,13,32.2,59.1,4.2,180,2.99
2018,8,1,14,32.1,59,3.9,180,3.00
2018,8,1,15,32.1,59.3,4.0,180,2.88
2018,8,1,16,31.6,59.1,3.8,180,2.69
2018,8,1,17,31.2,61.1,3.3,180,2.04
2018,8,1,18,30.7,63.9,3.1,180,1.92
2018,8,2,8,29.6,67.2,3.3,160,1.72
2018,8,2,9,30.0,63.3,3.2,140,2.00
2018,8,2,10,30.5,62.5,3.6,140,2.56
2018,8,2,11,31.1,60.5,3.7,140,2.75
2018,8,2,12,32.0,56.9,3.8,160,2.96
2018,8,2,13,32.3,58.1,4.1,160,3.02
2018,8,2,14,32.1,57.4,4.3,160,3.00
2018,8,2,15,31.9,58.2,4.2,180,2.86
2018,8,2,16,31.7,59,3.7,180,2.52
2018,8,2,17,30.9,61,3.6,180,1.81
2018,8,2,18,30.4,61.4,3.0,180,1.78
2018,8,3,8,30.0,64.7,3.0,180,1.61
2018,8,3,9,30.1,62.9,3.1,180,1.88
2018,8,3,10,30.6,62,3.3,180,2.43
2018,8,3,11,31.2,60.7,3.6,180,2.79
2018,8,3,12,31.5,59.8,4.0,180,2.78
2018,8,3,13,32.1,59.5,4.1,180,2.81
2018,8,3,14,31.9,62.8,4.9,200,2.64
2018,8,3,15,31.8,61,4.4,200,2.68
2018,8,3,16,31.6,63.8,4.0,180,2.37
2018,8,3,17,31.1,64.3,3.6,180,1.91
2018,8,3,18,30.9,65.5,3.4,180,1.73
2018,8,4,8,30.4,64.7,3.0,200,1.69
2018,8,4,9,30.7,63.3,3.2,200,1.86
2018,8,4,10,31.7,62.4,3.5,200,2.43
2018,8,4,11,32.1,63.5,4.1,200,2.73
2018,8,4,12,31.9,60.9,4.4,200,2.79
2018,8,4,13,32.5,61.7,4.5,200,2.76
2018,8,4,14,32.6,61.3,4.5,200,2.85
2018,8,4,15,32.2,59.8,4.4,200,2.71
2018,8,4,16,32.2,62,4.5,200,2.34
2018,8,4,17,31.4,62,4.0,200,1.83
2018,8,4,18,31.5,62.1,4.0,200,1.53
2018,8,5,8,30.5,63.1,3.1,230,1.72
2018,8,5,9,30.6,62.8,3.4,230,1.98
2018,8,5,10,31.6,60.7,3.4,200,2.38
2018,8,5,11,31.9,60.9,4.1,200,2.39
2018,8,5,12,32.1,61.1,4.3,200,2.69
2018,8,5,13,32.2,62.8,4.7,200,2.65
2018,8,5,14,32.2,63.5,4.4,180,2.53
2018,8,5,15,32.3,62.4,4.5,200,2.60
2018,8,5,16,31.9,61.9,4.2,200,2.43
2018,8,5,17,31.3,64,4.2,200,1.97
2018,8,5,18,31.0,65.2,4.1,200,1.77
2018,8,6,8,30.0,64.7,2.8,200,1.36
2018,8,6,9,30.8,63,3.1,250,2.09
2018,8,6,10,31.8,60.1,3.7,200,2.22
2018,8,6,11,32.3,57.9,4.0,200,2.56
2018,8,6,12,31.9,60.1,4.3,200,2.70
2018,8,6,13,31.8,61.8,4.4,200,2.49
2018,8,6,14,31.2,63.2,4.3,200,2.70
2018,8,6,15,31.3,62.2,4.0,200,2.46
2018,8,6,16,31.6,60.4,3.6,200,2.39
2018,8,6,17,31.7,59.7,3.6,180,1.94
2018,8,6,18,31.4,61.6,3.5,180,1.80
2018,8,7,8,29.6,64.5,3.5,180,1.87
2018,8,7,9,30.3,62.8,3.0,200,2.02
2018,8,7,10,30.5,61.6,3.1,180,2.23
2018,8,7,11,30.8,59,3.5,180,2.40
2018,8,7,12,30.4,61,4.0,180,2.85
2018,8,7,13,30.8,58.3,4.0,180,2.67
2018,8,7,14,31.0,57.9,3.8,180,2.71
2018,8,7,15,31.4,57.1,3.9,180,2.78
2018,8,7,16,31.5,59.3,3.8,180,2.38
2018,8,7,17,31.3,61.4,4.0,180,1.97
2018,8,7,18,31.1,62.3,3.3,200,1.96
2018,8,8,8,30.5,64.1,3.0,200,1.54
2018,8,8,9,31.0,61.2,2.9,200,1.99
2018,8,8,10,30.9,59.4,3.5,200,2.35
2018,8,8,11,31.3,58.8,3.8,200,2.55
2018,8,8,12,31.0,61,4.3,200,2.76
2018,8,8,13,31.3,59.4,4.3,200,2.77
2018,8,8,14,31.5,60.5,4.4,200,2.87
2018,8,8,15,31.6,60.5,4.3,200,2.66
2018,8,8,16,31.4,60.2,4.2,200,2.39
2018,8,8,17,31.2,59.2,3.6,200,2.12
2018,8,8,18,31.0,61.9,4.0,200,1.84
2018,8,9,8,30.4,65.1,3.3,200,1.58
2018,8,9,9,30.3,62.6,3.2,200,2.01
2018,8,9,10,30.1,61.4,3.7,180,2.29
2018,8,9,11,30.3,60.7,4.0,200,2.57
2018,8,9,12,30.2,62.3,4.4,200,2.42
2018,8,9,13,30.5,60.5,4.3,200,2.55
2018,8,9,14,30.4,60.8,4.3,200,2.52
2018,8,9,15,30.2,62.6,4.4,200,2.55
2018,8,9,16,30.2,63,4.3,200,2.36
2018,8,9,17,30.6,61.9,4.0,200,1.87
2018,8,9,18,30.7,63.8,3.7,200,1.32
2018,8,10,8,28.8,69.2,2.9,230,1.16
2018,8,10,9,28.8,68.9,2.6,230,1.76
2018,8,10,10,29.1,67.7,3.3,180,1.90
2018,8,10,11,29.7,66.3,3.7,180,2.45
2018,8,10,12,30.9,61.8,3.6,160,2.60
2018,8,10,13,31.1,60.1,3.5,160,2.35
2018,8,10,14,31.3,59.7,3.4,140,2.46
2018,8,10,15,31.2,58.5,3.5,140,2.19
2018,8,10,16,30.8,59,3.6,140,1.80
2018,8,10,17,30.6,60.6,3.7,90,1.74
2018,8,10,18,29.5,66.5,3.5,90,1.38
2018,8,11,8,29.1,67.5,2.9,70,1.36
2018,8,11,9,29.0,66.4,3.1,70,1.80
2018,8,11,10,29.3,62.6,3.7,70,2.12
2018,8,11,11,29.1,61.8,3.5,70,2.12
2018,8,11,12,30.1,59.7,3.6,70,2.69
2018,8,11,13,30.8,56.6,3.3,110,2.22
2018,8,11,14,30.8,57.9,3.5,110,2.05
2018,8,11,15,30.5,59.7,3.4,140,2.06
2018,8,11,16,30.1,58.6,3.7,140,1.79
2018,8,11,17,29.9,59,3.4,110,1.75
2018,8,11,18,29.8,63.9,3.2,90,1.40
2018,8,12,8,28.7,67.2,3.2,70,1.18
2018,8,12,9,28.4,65.5,3.0,70,1.68
2018,8,12,10,28.8,64.4,3.2,90,1.94
2018,8,12,11,29.2,62,3.5,110,2.18
2018,8,12,12,29.9,58.6,3.2,110,2.43
2018,8,12,13,30.4,59.4,3.8,140,2.63
2018,8,12,14,31.2,58.2,3.6,140,2.37
2018,8,12,15,31.1,59.2,3.8,140,2.40
2018,8,12,16,30.2,59.8,3.6,140,2.12
2018,8,12,17,30.0,62.6,3.4,140,1.62
2018,8,12,18,29.9,63.9,3.2,110,1.24
2018,8,13,8,29.7,67.5,3.0,160,1.11
2018,8,13,9,29.0,63.8,2.4,160,1.80
2018,8,13,10,29.4,62.9,3.1,180,2.29
2018,8,13,11,30.0,61.4,3.8,200,2.61
2018,8,13,12,30.0,59.4,4.2,200,2.57
2018,8,13,13,30.2,60.2,4.2,200,2.71
2018,8,13,14,30.5,61,4.2,200,2.65
2018,8,13,15,30.9,60.2,4.1,200,2.43
2018,8,13,16,30.7,61.6,3.9,200,2.27
2018,8,13,17,30.2,62.8,3.9,200,1.91
2018,8,13,18,29.9,65.3,3.5,200,1.39
2018,8,14,8,29.7,67.7,3.1,200,1.45
2018,8,14,9,29.3,65.5,2.7,200,1.90
2018,8,14,10,30.0,62.4,3.4,200,2.32
2018,8,14,11,30.5,62.3,4.0,180,2.73
2018,8,14,12,30.3,60.4,4.3,200,2.93
2018,8,14,13,30.9,61.1,4.2,200,2.89
2018,8,14,14,31.2,61.6,4.1,200,2.72
2018,8,14,15,31.2,59.5,3.9,200,2.73
2018,8,14,16,31.2,58.4,3.9,200,2.15
2018,8,14,17,30.8,61.7,3.9,200,1.71
2018,8,14,18,30.1,65.4,3.8,200,1.29
2018,8,15,8,29.3,67,2.9,200,1.56
2018,8,15,9,29.4,63.4,2.9,180,1.92
2018,8,15,10,30.1,61.4,3.2,180,2.47
2018,8,15,11,31.0,58.9,3.8,180,2.74
2018,8,15,12,31.6,59.1,3.9,180,2.99
2018,8,15,13,32.1,57.9,3.8,180,2.84
2018,8,15,14,31.7,59.1,3.9,180,2.64
2018,8,15,15,31.1,58.3,3.8,200,2.48
2018,8,15,16,31.0,59.6,3.9,200,2.43
2018,8,15,17,30.6,59.8,3.9,200,1.97
2018,8,15,18,29.6,63.4,3.7,180,1.69
2018,8,16,8,29.1,67.1,2.7,200,1.47
2018,8,16,9,28.7,65.7,3.1,200,1.82
2018,8,16,10,29.3,63.6,3.5,180,2.16
2018,8,16,11,29.8,61.4,3.7,180,2.61
2018,8,16,12,30.6,59.4,3.9,180,2.62
2018,8,16,13,30.7,58.8,3.9,180,2.22
2018,8,16,14,30.6,60.9,4.1,180,2.31
2018,8,16,15,30.5,62,4.2,200,2.22
2018,8,16,16,30.3,61.9,3.9,200,1.81
2018,8,16,17,30.1,63.2,4.0,200,1.72
2018,8,16,18,29.0,65.2,3.7,200,1.54
2018,8,17,8,26.8,67.4,3.8,230,1.13
2018,8,17,9,26.7,65.3,3.8,110,1.30
2018,8,17,10,27.7,60.9,3.8,90,2.04
2018,8,17,11,28.3,57.5,3.8,90,2.66
2018,8,17,12,28.7,54.9,3.7,110,2.74
2018,8,17,13,28.7,52.1,3.6,140,2.78
2018,8,17,14,29.0,48.4,3.7,110,2.27
2018,8,17,15,28.9,50.5,3.8,110,2.47
2018,8,17,16,29.0,52.5,3.8,110,1.96
2018,8,17,17,28.8,54.6,3.8,110,1.84
2018,8,17,18,28.3,59.2,3.5,110,1.44
2018,8,18,8,26.0,62.7,3.0,110,1.29
2018,8,18,9,26.9,63.1,2.9,90,1.43
2018,8,18,10,27.7,60.1,3.3,90,2.21
2018,8,18,11,28.4,55.2,3.6,90,2.72
2018,8,18,12,28.6,54.3,3.8,110,2.92
2018,8,18,13,28.7,52.3,3.8,110,2.83
2018,8,18,14,28.8,50.2,3.8,110,2.95
2018,8,18,15,29.2,52.1,3.8,140,2.71
2018,8,18,16,29.5,53.5,3.3,140,2.40
2018,8,18,17,29.6,53.8,3.5,140,1.94
2018,8,18,18,29.2,54,3.6,140,1.52
2018,8,19,8,27.1,60.2,2.8,110,1.15
2018,8,19,9,27.1,59.6,2.4,110,1.54
2018,8,19,10,28.0,57.7,3.2,110,1.98
2018,8,19,11,28.7,57.3,3.4,110,2.45
2018,8,19,12,29.0,57.5,3.7,140,2.83
2018,8,19,13,28.8,56.8,4.1,140,2.84
2018,8,19,14,29.3,57.2,3.8,140,2.72
2018,8,19,15,29.5,59.2,3.6,140,2.57
2018,8,19,16,30.5,59.1,3.3,140,2.24
2018,8,19,17,30.1,58.9,3.5,140,1.95
2018,8,19,18,29.3,60,3.5,140,1.47
2018,8,20,8,27.2,66.9,3.0,90,1.02
2018,8,20,9,27.7,62.2,2.8,70,1.49
2018,8,20,10,28.7,59.4,3.3,90,2.05
2018,8,20,11,28.8,56.1,3.4,110,2.67
2018,8,20,12,29.4,56.4,3.7,140,2.79
2018,8,20,13,30.0,58.4,3.7,140,2.80
2018,8,20,14,30.5,59.2,3.6,140,2.82
2018,8,20,15,30.4,59.3,3.5,140,2.54
2018,8,20,16,30.2,59.7,3.4,160,2.34
2018,8,20,17,29.8,62,3.6,180,1.77
2018,8,20,18,29.2,64.3,3.6,200,1.44
2018,8,21,8,28.1,66.7,3.6,230,1.45
2018,8,21,9,28.4,63.3,3.3,230,1.57
2018,8,21,10,28.9,63.8,3.5,200,2.01
2018,8,21,11,28.7,62.3,4.4,200,2.42
2018,8,21,12,29.2,62.3,4.6,200,2.44
2018,8,21,13,29.6,64.5,4.6,200,2.56
2018,8,21,14,30.9,63,4.4,200,2.76
2018,8,21,15,31.2,62.1,4.4,200,2.64
2018,8,21,16,31.0,60.1,4.3,200,2.52
2018,8,21,17,30.4,61.6,3.8,200,1.88
2018,8,21,18,29.8,65,3.8,200,1.40
2018,8,22,8,28.8,68.4,3.2,230,1.16
2018,8,22,9,28.3,65.1,2.7,200,1.51
2018,8,22,10,28.9,62.9,3.4,180,1.97
2018,8,22,11,29.3,60.4,3.7,180,2.15
2018,8,22,12,29.6,59.3,3.9,180,2.63
2018,8,22,13,30.5,57.5,3.9,180,2.81
2018,8,22,14,31.0,58.2,3.7,180,2.53
2018,8,22,15,31.1,59.6,3.6,200,2.40
2018,8,22,16,31.0,60,3.8,200,2.33
2018,8,22,17,30.4,59.5,3.9,200,1.95
2018,8,22,18,29.6,63,4.0,180,1.34
2018,8,23,8,28.4,69.2,4.1,200,1.41
2018,8,23,9,28.3,68.7,3.9,180,1.28
2018,8,23,10,28.7,68.7,3.6,180,1.97
2018,8,23,11,28.8,66.2,4.2,180,2.10
2018,8,23,12,29.0,65,4.4,180,2.34
2018,8,23,13,28.7,66.9,4.7,160,2.38
2018,8,23,14,28.7,65.6,4.6,160,2.40
2018,8,23,15,28.9,68.6,5.0,160,1.75
2018,8,23,16,27.9,70.2,4.8,160,1.54
2018,8,23,17,27.6,69.2,4.9,180,1.12
2018,8,23,18,27.7,74.4,4.9,200,1.40
2018,8,24,8,27.5,74.2,4.3,250,1.09
2018,8,24,9,27.2,70.7,4.8,230,1.11
2018,8,24,10,27.5,70,5.2,230,1.16
2018,8,24,11,27.6,68,5.3,230,1.38
2018,8,24,12,28.1,66.8,5.0,230,1.78
2018,8,24,13,28.5,65.4,6.3,200,1.99
2018,8,24,14,28.5,62.8,5.5,200,2.01
2018,8,24,15,28.6,62.7,5.1,200,1.80
2018,8,24,16,28.6,62.7,5.8,200,1.63
2018,8,24,17,28.6,63.5,5.7,230,1.57
2018,8,24,18,28.4,64.4,5.9,230,1.41
2018,8,25,8,27.4,70.1,4.3,230,1.19
2018,8,25,9,27.3,66,3.4,230,1.46
2018,8,25,10,28.0,62.1,3.2,200,1.76
2018,8,25,11,28.6,60.3,4.0,200,2.10
2018,8,25,12,28.5,60.4,4.1,200,2.06
2018,8,25,13,28.7,60.6,4.4,200,2.33
2018,8,25,14,28.3,63.5,4.9,200,2.10
2018,8,25,15,27.9,66,4.5,200,1.51
2018,8,25,16,27.5,70.3,4.1,200,1.21
2018,8,25,17,27.6,70.7,3.7,200,1.26
2018,8,25,18,27.5,72.1,3.6,200,0.97
2018,8,26,8,25.3,77.4,3.1,90,0.64
2018,8,26,9,25.1,74.8,2.4,70,1.02
2018,8,26,10,25.9,73.7,2.5,50,1.08
2018,8,26,11,25.6,75.2,2.6,70,0.97
2018,8,26,12,24.8,78,2.7,90,0.89
2018,8,26,13,25.5,76.1,3.1,90,0.92
2018,8,26,14,24.8,76.1,2.7,90,1.21
2018,8,26,15,24.9,78,2.7,90,1.11
2018,8,26,16,24.8,81.4,2.3,90,0.77
2018,8,26,17,24.8,84.6,2.5,90,0.57
2018,8,26,18,24.8,81.5,2.7,70,0.65
2018,8,27,8,25.1,85.2,2.2,50,0.57
2018,8,27,9,25.2,82.8,2.3,70,0.81
2018,8,27,10,25.0,82.7,3.0,70,0.99
2018,8,27,11,25.4,81.6,2.3,70,0.68
2018,8,27,12,25.0,84.5,2.3,70,0.67
2018,8,27,13,25.6,83.6,2.6,90,0.82
2018,8,27,14,25.1,82.7,2.6,70,1.02
2018,8,27,15,26.0,77.8,2.6,70,0.99
2018,8,27,16,26.2,79.3,2.4,70,1.00
2018,8,27,17,26.2,79.1,2.3,70,0.87
2018,8,27,18,26.0,80.6,2.2,90,0.78
2018,8,28,8,25.6,83,1.9,70,0.82
2018,8,28,9,25.5,79.4,2.0,70,0.98
2018,8,28,10,25.7,78.1,2.4,70,1.15
2018,8,28,11,26.3,77.1,2.3,90,1.16
2018,8,28,12,27.3,71.2,2.6,110,1.96
2018,8,28,13,28.4,66.6,3.1,160,2.16
2018,8,28,14,28.3,66.8,3.3,160,2.37
2018,8,28,15,28.5,66.6,3.4,180,2.12
2018,8,28,16,28.3,67.9,3.7,200,1.99
2018,8,28,17,27.7,68.1,3.9,200,1.77
2018,8,28,18,27.1,72.1,3.4,200,1.16
2018,8,29,8,26.1,75,3.2,230,0.98
2018,8,29,9,26.3,74.2,3.0,230,1.12
2018,8,29,10,26.9,69,3.2,200,1.78
2018,8,29,11,27.6,65.7,4.1,200,2.47
2018,8,29,12,28.3,65.3,4.2,200,2.68
2018,8,29,13,28.3,63.9,5.2,200,2.72
2018,8,29,14,28.3,65.1,4.8,200,2.45
2018,8,29,15,28.2,65.9,4.7,200,2.24
2018,8,29,16,28.1,66.5,4.7,200,2.10
2018,8,29,17,28.2,65.4,4.6,230,1.83
2018,8,29,18,27.8,65.8,4.2,200,1.25
2018,8,30,8,26.2,77,3.4,230,0.78
2018,8,30,9,25.1,75.5,2.6,230,1.02
2018,8,30,10,26.5,71.4,2.8,200,1.35
2018,8,30,11,26.8,68.4,3.1,200,1.55
2018,8,30,12,27.4,66.9,4.0,230,1.76
2018,8,30,13,28.2,65.1,3.9,230,1.80
2018,8,30,14,27.8,66,4.1,230,1.95
2018,8,30,15,27.8,65.8,3.9,200,1.84
2018,8,30,16,27.6,65.5,4.0,230,1.72
2018,8,30,17,27.9,66.7,3.9,200,1.55
2018,8,30,18,27.1,68.4,4.2,230,0.87
2018,8,31,8,24.5,78,3.1,290,0.62
2018,8,31,9,23.7,82.2,2.5,340,0.85
2018,8,31,10,24.0,79,2.9,340,0.99
2018,8,31,11,23.8,78.8,3.1,320,1.04
2018,8,31,12,23.8,81.4,2.9,320,1.02
2018,8,31,13,24.2,81.7,2.9,320,0.84
2018,8,31,14,23.9,80.8,3.1,290,0.84
2018,8,31,15,24.3,80.7,3.6,320,0.89
2018,8,31,16,24.6,81.1,3.7,140,0.92
2018,8,31,17,25.2,78.1,2.7,160,1.03
2018,8,31,18,25.4,79.8,2.5,180,0.74
2018,9,1,8,23.0,82.3,2.2,360,0.93
2018,9,1,9,23.7,80.9,2.5,360,0.80
2018,9,1,10,23.9,78.3,2.5,20,0.95
2018,9,1,11,24.4,76.3,3.1,70,1.14
2018,9,1,12,25.2,71.4,3.6,70,1.94
2018,9,1,13,26.2,65.2,3.6,90,2.30
2018,9,1,14,26.4,61.9,3.7,90,2.26
2018,9,1,15,26.7,60.3,3.3,110,2.19
2018,9,1,16,26.2,60.6,3.2,90,1.85
2018,9,1,17,25.7,65.5,3.0,90,1.40
2018,9,1,18,25.2,70.5,3.2,70,0.87
2018,9,2,8,23.5,68.7,3.0,50,0.69
2018,9,2,9,24.1,61.5,3.3,50,1.17
2018,9,2,10,24.2,59.6,3.3,50,1.70
2018,9,2,11,24.8,59.9,3.4,50,1.73
2018,9,2,12,25.2,59.5,3.4,70,1.73
2018,9,2,13,25.7,63.9,3.3,70,1.66
2018,9,2,14,25.8,63.7,3.4,70,1.60
2018,9,2,15,25.8,64,3.3,70,1.46
2018,9,2,16,25.4,62.8,3.2,70,1.26
2018,9,2,17,25.0,69.6,3.2,70,0.78
2018,9,2,18,24.8,72.1,2.8,70,0.77
2018,9,3,8,24.1,78.3,2.4,50,0.35
2018,9,3,9,23.5,80,2.1,50,0.40
2018,9,3,10,23.4,83.6,2.3,50,0.56
2018,9,3,11,24.3,79.2,2.4,70,0.71
2018,9,3,12,24.9,72.7,2.6,90,1.14
2018,9,3,13,25.4,72.7,3.0,90,1.03
2018,9,3,14,25.9,72.8,2.7,90,1.04
2018,9,3,15,25.6,74.4,3.3,90,1.05
2018,9,3,16,25.1,74.5,2.6,90,1.03
2018,9,3,17,25.0,77.1,2.8,90,0.78
2018,9,3,18,24.5,81.5,2.5,90,0.84
2018,9,4,8,22.2,84.4,2.2,70,0.51
2018,9,4,9,23.3,84.3,2.2,50,0.54
2018,9,4,10,23.9,75.6,2.4,50,1.11
2018,9,4,11,24.6,72.2,2.8,50,1.59
2018,9,4,12,25.4,67.2,3.0,90,2.34
2018,9,4,13,26.6,63.3,3.4,110,2.85
2018,9,4,14,27.1,63.3,3.7,110,2.65
2018,9,4,15,26.6,60.7,3.6,110,2.47
2018,9,4,16,26.0,62.3,3.5,140,1.83
2018,9,4,17,25.4,62.3,3.3,140,1.47
2018,9,4,18,24.7,61.7,3.0,140,0.90
2018,9,5,8,23.7,67.7,2.2,70,0.73
2018,9,5,9,24.2,65.6,2.7,50,1.31
2018,9,5,10,24.8,62.1,3.0,70,1.85
2018,9,5,11,25.7,55.9,3.5,110,2.20
2018,9,5,12,26.7,55.4,4.5,140,2.81
2018,9,5,13,27.2,54.1,5.2,180,2.92
2018,9,5,14,27.4,49.3,5.9,200,2.83
2018,9,5,15,27.1,47.4,5.9,200,2.57
2018,9,5,16,26.8,48.2,5.1,230,2.04
2018,9,5,17,26.3,54.5,5.4,230,1.49
2018,9,5,18,25.3,61.7,3.8,200,1.02
2018,9,6,8,23.0,74.5,3.2,290,0.57
2018,9,6,9,23.8,71.3,2.4,340,0.96
2018,9,6,10,24.3,66,2.6,360,1.42
2018,9,6,11,25.1,62.5,2.8,270,1.48
2018,9,6,12,25.8,62.6,3.3,200,1.69
2018,9,6,13,26.6,64,3.6,200,1.71
2018,9,6,14,26.4,67.4,3.9,200,1.61
2018,9,6,15,25.9,68.2,4.3,200,1.27
2018,9,6,16,25.3,70.9,4.0,200,0.88
2018,9,6,17,24.6,73.3,3.6,230,0.83
2018,9,6,18,24.6,68.2,3.9,200,1.02
2018,9,7,8,22.3,79.2,3.7,270,0.58
2018,9,7,9,22.8,80.1,3.0,340,0.75
2018,9,7,10,23.2,79.4,2.4,340,0.87
2018,9,7,11,23.9,76.4,2.5,320,1.02
2018,9,7,12,24.4,72.4,3.8,290,0.96
2018,9,7,13,24.9,70,4.1,250,1.37
2018,9,7,14,25.1,66.5,4.3,230,1.82
2018,9,7,15,25.3,61.6,3.9,200,1.72
2018,9,7,16,25.0,64,3.8,250,1.28
2018,9,7,17,24.8,62,3.5,250,0.86
2018,9,7,18,23.7,66.3,3.4,200,0.54
2018,9,8,8,21.3,70.5,2.4,50,0.66
2018,9,8,9,21.8,68.4,2.5,70,1.11
2018,9,8,10,23.1,63.5,2.4,20,1.43
2018,9,8,11,23.8,62.3,2.8,360,1.54
2018,9,8,12,24.2,57.7,3.2,340,1.43
2018,9,8,13,24.0,55.1,3.2,290,1.67
2018,9,8,14,24.1,54.4,3.8,70,1.65
2018,9,8,15,24.0,52.8,3.5,70,1.45
2018,9,8,16,24.0,53.9,3.1,50,1.37
2018,9,8,17,23.8,57.3,3.0,50,1.06
2018,9,8,18,23.5,62.1,3.0,70,0.82
2018,9,9,8,21.5,72.5,2.5,50,0.56
2018,9,9,9,21.8,66,2.6,50,1.03
2018,9,9,10,23.9,59.4,2.4,20,1.42
2018,9,9,11,24.7,57.2,2.9,50,2.15
2018,9,9,12,25.8,54.8,3.0,90,2.64
2018,9,9,13,26.6,54.3,3.3,90,2.87
2018,9,9,14,26.2,49.6,3.5,110,2.33
2018,9,9,15,25.7,50.5,3.5,140,2.47
2018,9,9,16,25.7,52.6,3.5,110,1.83
2018,9,9,17,24.9,54.6,3.4,90,1.23
2018,9,9,18,24.5,62.1,3.1,70,0.67
2018,9,10,8,22.1,68.3,2.7,50,0.72
2018,9,10,9,23.2,61.9,2.9,50,1.30
2018,9,10,10,24.0,57.2,3.3,50,1.44
2018,9,10,11,24.6,54,3.5,70,2.09
2018,9,10,12,25.0,52.3,3.6,90,2.26
2018,9,10,13,25.8,51.3,3.6,70,2.28
2018,9,10,14,26.0,51.8,3.7,90,2.50
2018,9,10,15,25.7,52.4,3.8,90,2.20
2018,9,10,16,25.3,51.8,3.7,90,1.88
2018,9,10,17,24.7,53.6,3.6,70,1.16
2018,9,10,18,24.0,60.7,3.5,70,0.50
2018,9,11,8,21.3,64.7,3.1,50,0.47
2018,9,11,9,22.7,60.9,3.1,50,0.93
2018,9,11,10,23.4,56.4,3.9,50,1.30
2018,9,11,11,23.8,52.2,3.7,50,1.70
2018,9,11,12,24.5,50.2,3.8,50,2.07
2018,9,11,13,24.2,50.6,3.8,70,2.05
2018,9,11,14,24.5,52.3,3.6,70,1.75
2018,9,11,15,24.3,52.2,3.5,70,1.74
2018,9,11,16,24.5,54,3.5,70,1.42
2018,9,11,17,23.4,57.1,3.5,50,0.95
2018,9,11,18,22.5,63.3,3.5,70,0.50
2018,9,12,8,21.2,68,3.2,50,0.45
2018,9,12,9,22.5,61.6,3.2,20,0.98
2018,9,12,10,23.7,56.3,3.4,20,1.33
2018,9,12,11,24.1,53.4,3.5,50,1.82
2018,9,12,12,25.2,53.2,3.4,70,2.08
2018,9,12,13,25.9,52.9,3.5,90,2.70
2018,9,12,14,26.1,54.3,3.7,90,2.68
2018,9,12,15,25.6,56.9,3.2,90,2.10
2018,9,12,16,25.2,58.9,3.3,90,1.69
2018,9,12,17,24.7,60.3,3.2,70,1.16
2018,9,12,18,24.0,66.9,3.2,70,0.45
2018,9,13,8,22.6,71.8,2.9,50,0.29
2018,9,13,9,22.7,72.9,2.8,20,0.62
2018,9,13,10,23.5,68.6,2.8,20,0.58
2018,9,13,11,23.7,70,2.5,20,0.59
2018,9,13,12,23.4,70.6,2.5,50,0.79
2018,9,13,13,23.8,68.8,3.2,50,0.79
2018,9,13,14,23.9,71.5,3.3,50,1.04
2018,9,13,15,23.9,71.6,3.0,50,0.94
2018,9,13,16,23.5,72.8,3.2,50,1.05
2018,9,13,17,23.3,74.3,3.2,50,0.65
2018,9,13,18,23.2,72.4,3.1,70,0.39
2018,9,14,8,22.5,77.3,2.8,50,0.25
2018,9,14,9,22.7,76.4,3.0,50,0.35
2018,9,14,10,22.7,76.3,3.5,20,0.42
2018,9,14,11,23.4,76.3,2.7,20,0.58
2018,9,14,12,23.6,76.9,3.2,50,0.63
2018,9,14,13,23.7,76.3,2.9,50,0.55
2018,9,14,14,23.6,76.8,2.9,50,0.59
2018,9,14,15,23.7,76.8,3.0,50,0.66
2018,9,14,16,23.4,75.1,3.3,50,0.52
2018,9,14,17,23.1,75.9,3.3,50,0.56
2018,9,14,18,22.7,79.8,3.1,50,0.55
2018,9,15,8,22.5,80.9,2.7,50,0.32
2018,9,15,9,22.8,76.5,2.6,50,0.61
2018,9,15,10,22.6,75.5,2.8,20,0.62
2018,9,15,11,23.5,76.7,2.6,50,0.73
2018,9,15,12,23.3,76.7,2.4,50,0.79
2018,9,15,13,23.6,74.3,2.6,50,0.79
2018,9,15,14,23.7,72.4,2.4,70,1.17
2018,9,15,15,24.1,72.9,2.5,70,1.03
2018,9,15,16,24.0,77.2,2.7,70,0.83
2018,9,15,17,23.4,75.9,2.8,70,0.50
2018,9,15,18,23.7,84,1.1,70,0.23
2018,9,16,8,23.8,86,3.4,270,0.79
2018,9,16,9,25.2,76,2.3,270,1.50
2018,9,16,10,26.5,73,2.9,320,2.35
2018,9,16,11,27.2,71,2.3,360,2.69
2018,9,16,12,27.4,68,2.0,340,2.31
2018,9,16,13,27.7,73,3.9,180,2.07
2018,9,16,14,27.6,73,4.3,200,2.52
2018,9,16,15,28.1,68,4.7,200,2.70
2018,9,16,16,27.1,70,5.2,230,2.07
2018,9,16,17,26.4,73,4.1,250,0.99
2018,9,16,18,25.8,75,2.5,250,0.31
2018,9,17,8,22.5,76,2.6,320,0.42
2018,9,17,9,23.2,76,1.3,290,0.77
2018,9,17,10,25.0,68,3.6,320,1.77
2018,9,17,11,25.5,65,2.8,340,1.74
2018,9,17,12,26.1,62,2.3,340,1.95
2018,9,17,13,26.2,65,3.7,340,2.03
2018,9,17,14,26.5,66,2.2,340,1.52
2018,9,17,15,27.4,61,3.0,320,1.87
2018,9,17,16,26.3,62,2.8,110,1.65
2018,9,17,17,25.6,72,2.1,230,1.07
2018,9,17,18,24.4,76,1.6,180,0.49
2018,9,18,8,23.7,75,0.8,140,0.62
2018,9,18,9,25.7,78,1.1,180,1.39
2018,9,18,10,26.4,73,3.0,180,2.11
2018,9,18,11,26.6,64,3.7,230,2.77
2018,9,18,12,27.0,69,4.6,200,2.89
2018,9,18,13,27.7,66,4.8,200,3.23
2018,9,18,14,26.4,74,5.4,200,2.93
2018,9,18,15,25.6,78,4.9,200,2.49
2018,9,18,16,25.9,75,4.1,200,1.85
2018,9,18,17,25.6,75,3.5,200,1.11
2018,9,18,18,24.3,82,3.4,200,0.41
2018,9,19,8,23.6,78,1.4,50,0.65
2018,9,19,9,25.0,74,2.3,70,1.33
2018,9,19,10,25.7,74,2.0,110,1.65
2018,9,19,11,25.7,73,3.3,110,1.78
2018,9,19,12,24.8,79,2.8,110,1.08
2018,9,19,13,25.7,75,2.9,110,1.61
2018,9,19,14,25.7,74,2.2,90,1.84
2018,9,19,15,24.9,78,2.5,90,1.06
2018,9,19,16,24.1,83,2.8,90,0.56
2018,9,19,17,23.9,84,1.9,90,0.35
2018,9,19,18,23.4,87,1.5,70,0.15
2018,9,20,8,20.5,97,2.4,70,0.06
2018,9,20,9,20.7,96,2.4,50,0.13
2018,9,20,10,20.9,97,2.4,50,0.20
2018,9,20,11,21.3,97,2.7,50,0.50
2018,9,20,12,21.1,97,3.5,50,0.48
2018,9,20,13,20.8,96,3.9,50,0.55
2018,9,20,14,21.2,95,3.3,50,0.87
2018,9,20,15,21.1,92,4.4,50,0.92
2018,9,20,16,20.9,86,4.4,50,0.54
2018,9,20,17,20.7,85,3.2,50,0.28
2018,9,20,18,20.6,85,2.5,50,0.14
2018,9,21,8,21.4,86,2.0,50,0.12
2018,9,21,9,21.6,91,3.2,70,0.19
2018,9,21,10,21.3,96,2.8,50,0.31
2018,9,21,11,21.4,97,2.0,70,0.22
2018,9,21,12,21.6,98,2.0,50,0.19
2018,9,21,13,21.7,98,2.5,50,0.19
2018,9,21,14,21.3,98,2.1,20,0.23
2018,9,21,15,21.4,98,3.7,20,0.26
2018,9,21,16,21.0,97,2.8,50,0.23
2018,9,21,17,20.6,96,3.9,20,0.20
2018,9,21,18,20.3,93,4.1,50,0.09
2018,9,22,8,20.5,84,5.0,340,0.60
2018,9,22,9,20.8,82,2.3,340,0.98
2018,9,22,10,23.5,66,0.7,320,2.04
2018,9,22,11,24.6,68,2.7,360,2.67
2018,9,22,12,25.9,64,1.3,360,2.87
2018,9,22,13,26.7,58,2.2,340,2.86
2018,9,22,14,26.6,57,2.9,360,2.44
2018,9,22,15,27.2,57,3.6,250,2.48
2018,9,22,16,25.9,67,3.9,230,1.75
2018,9,22,17,25.1,64,4.3,250,0.90
2018,9,22,18,23.8,72,2.8,250,6.00
2018,9,23,8,20.2,67,0.7,90,0.38
2018,9,23,9,21.4,61,0.3,0,0.79
2018,9,23,10,23.4,60,0.3,0,1.25
2018,9,23,11,25.2,59,0.9,110,1.65
2018,9,23,12,25.4,68,2.6,200,1.76
2018,9,23,13,26.6,67,4.6,200,2.45
2018,9,23,14,26.3,71,5.4,200,2.55
2018,9,23,15,25.5,68,5.3,200,2.41
2018,9,23,16,25.2,67,5.5,230,1.45
2018,9,23,17,24.1,66,6.6,250,0.55
2018,9,23,18,23.6,72,4.1,230,0.18
2018,9,24,8,19.5,46,2.7,360,0.26
2018,9,24,9,19.8,49,5.7,360,0.62
2018,9,24,10,20.6,51,1.9,50,1.01
2018,9,24,11,21.5,53,2.5,20,1.51
2018,9,24,12,21.9,45,0.8,290,1.67
2018,9,24,13,21.7,51,1.7,360,1.51
2018,9,24,14,21.6,52,0.8,360,1.44
2018,9,24,15,20.7,55,1.9,360,0.98
2018,9,24,16,20.4,52,2.5,340,0.82
2018,9,24,17,19.7,51,3.6,340,0.47
2018,9,24,18,19.1,55,2.8,340,0.18
2018,9,25,8,19.2,56,4.3,20,0.77
2018,9,25,9,20.9,56,3.7,20,1.57
2018,9,25,10,22.8,53,3.4,50,2.24
2018,9,25,11,24.6,49,2.6,70,2.83
2018,9,25,12,25.5,51,2.9,50,3.41
2018,9,25,13,23.7,50,3.7,70,2.45
2018,9,25,14,23.9,49,3.1,50,2.72
2018,9,25,15,23.0,51,4.8,50,2.00
2018,9,25,16,22.7,52,3.6,70,1.92
2018,9,25,17,21.5,56,3.6,50,1.20
2018,9,25,18,20.1,59,2.8,50,0.46
2018,9,26,8,19.5,75,3.5,50,0.24
2018,9,26,9,20.4,68,4.8,70,0.36
2018,9,26,10,21.4,63,3.7,50,0.71
2018,9,26,11,21.3,66,4.3,50,1.01
2018,9,26,12,21.9,62,3.9,50,1.22
2018,9,26,13,24.0,51,3.3,50,2.59
2018,9,26,14,22.9,59,5.0,50,1.96
2018,9,26,15,22.8,52,4.2,50,2.09
2018,9,26,16,22.1,55,4.7,70,1.66
2018,9,26,17,20.7,62,4.0,50,1.03
2018,9,26,18,19.9,63,3.8,50,0.38
2018,9,27,8,19.7,61,4.1,20,0.73
2018,9,27,9,21.5,59,4.1,50,1.50
2018,9,27,10,22.2,58,3.6,50,1.84
2018,9,27,11,23.5,53,3.4,50,1.97
2018,9,27,12,22.4,54,3.5,70,1.26
2018,9,27,13,23.4,49,3.1,70,1.78
2018,9,27,14,23.0,51,3.1,70,2.00
2018,9,27,15,22.6,51,3.3,70,1.42
2018,9,27,16,22.0,55,4.1,70,1.45
2018,9,27,17,21.2,54,3.7,50,0.99
2018,9,27,18,20.1,60,4.1,50,0.37
2018,9,28,8,19.3,70,3.2,20,0.61
2018,9,28,9,18.8,78,2.5,50,0.35
2018,9,28,10,21.0,69,2.7,50,1.48
2018,9,28,11,21.1,70,1.9,50,0.93
2018,9,28,12,22.6,63,3.2,90,2.14
2018,9,28,13,23.9,58,2.8,70,2.75
2018,9,28,14,24.2,55,3.3,90,3.04
2018,9,28,15,23.3,55,4.5,90,2.64
2018,9,28,16,22.5,57,3.9,90,1.59
2018,9,28,17,21.4,60,3.5,50,0.64
2018,9,28,18,20.7,62,3.7,50,0.27
2018,9,29,8,17.2,94,3.4,50,0.03
2018,9,29,9,17.8,94,1.8,50,0.17
2018,9,29,10,17.9,95,3.3,20,0.26
2018,9,29,11,18.0,95,2.1,50,0.24
2018,9,29,12,17.8,96,2.5,110,0.15
2018,9,29,13,17.3,97,2.7,50,0.14
2018,9,29,14,17.4,97,3.0,50,0.14
2018,9,29,15,17.3,97,2.0,50,0.14
2018,9,29,16,17.5,97,2.3,50,0.09
2018,9,29,17,17.7,97,2.2,20,0.11
2018,9,29,18,17.8,98,2.5,50,0.03
2018,9,30,8,18.3,95,3.8,20,0.11
2018,9,30,9,18.8,95,2.9,20,0.33
2018,9,30,10,19.2,94,3.3,20,0.44
2018,9,30,11,19.7,94,3.0,50,0.67
2018,9,30,12,20.3,89,3.6,20,0.80
2018,9,30,13,22.0,80,3.1,50,1.49
2018,9,30,14,24.2,71,2.3,50,2.30
2018,9,30,15,24.8,55,2.3,20,2.42
2018,9,30,16,24.3,53,3.4,360,1.95
2018,9,30,17,23.8,48,1.5,360,1.10
2018,9,30,18,22.4,44,3.4,360,0.31
2018,10,1,8,17.1,58,5.0,270,0.60
2018,10,1,9,18.4,55,5.7,270,1.43
2018,10,1,10,19.6,51,6.2,290,2.13
2018,10,1,11,20.7,47,2.8,270,2.68
2018,10,1,12,19.6,49,5.6,290,1.46
2018,10,1,13,21.0,42,4.4,270,2.35
2018,10,1,14,21.8,36,7.8,290,2.97
2018,10,1,15,20.6,41,0.8,290,1.64
2018,10,1,16,20.7,43,4.6,290,1.15
2018,10,1,17,19.6,47,4.8,290,0.98
2018,10,1,18,18.7,48,4.9,290,0.31
2018,10,2,8,16.4,66,0.8,110,0.60
2018,10,2,9,17.1,63,1.6,340,1.22
2018,10,2,10,18.5,62,0.2,0,1.72
2018,10,2,11,19.9,50,0.1,0,2.22
2018,10,2,12,20.6,53,0.1,0,2.09
2018,10,2,13,21.6,49,1.1,250,2.61
2018,10,2,14,21.4,50,4.2,180,2.73
2018,10,2,15,20.7,53,4.0,200,2.32
2018,10,2,16,20.2,55,0.3,0,1.78
2018,10,2,17,19.1,57,2.1,200,1.03
2018,10,2,18,17.9,62,0.2,0,0.28
2018,10,3,8,16.8,69,0.0,0,0.44
2018,10,3,9,19.4,55,0.2,0,1.31
2018,10,3,10,20.1,54,0.3,0,2.01
2018,10,3,11,21.6,51,0.2,0,2.54
2018,10,3,12,22.8,48,0.2,0,2.92
2018,10,3,13,23.8,42,0.1,0,3.02
2018,10,3,14,24.3,43,0.2,0,2.84
2018,10,3,15,22.6,49,1.6,200,2.40
2018,10,3,16,21.7,51,0.2,0,1.72
2018,10,3,17,20.5,57,0.2,0,0.97
2018,10,3,18,19.7,60,0.2,0,6.00
2018,10,4,8,19.5,68,3.3,50,0.68
2018,10,4,9,20.6,69,1.1,50,0.99
2018,10,4,10,21.9,69,0.9,50,1.10
2018,10,4,11,24.2,58,2.9,70,1.92
2018,10,4,12,23.9,63,4.4,70,2.88
2018,10,4,13,22.9,64,3.0,70,1.97
2018,10,4,14,22.9,61,3.7,70,1.59
2018,10,4,15,22.3,61,3.4,70,0.98
2018,10,4,16,21.7,64,2.3,70,0.55
2018,10,4,17,21.3,66,3.7,50,0.37
2018,10,4,18,21.0,70,3.0,50,0.03
2018,10,5,8,18.2,97,2.0,50,0.01
2018,10,5,9,18.6,98,2.4,50,0.11
2018,10,5,10,19.2,97,2.3,50,0.13
2018,10,5,11,19.9,97,1.0,50,0.30
2018,10,5,12,20.0,97,2.4,50,0.38
2018,10,5,13,20.1,98,0.7,50,0.27
2018,10,5,14,20.1,98,2.9,50,0.26
2018,10,5,15,20.3,98,4.3,50,0.45
2018,10,5,16,20.1,96,4.0,50,0.38
2018,10,5,17,20.0,94,5.4,50,0.15
2018,10,5,18,19.7,95,4.0,50,0.03
2018,10,6,8,22.3,96,8.6,140,0.00
2018,10,6,9,22.2,95,11.7,160,0.00
2018,10,6,10,21.2,97,15.9,200,0.00
2018,10,6,11,20.6,97,18.1,230,0.07
2018,10,6,12,20.7,93,15.0,230,0.37
2018,10,6,13,21.8,86,8.1,250,0.29
2018,10,6,14,22.4,87,7.3,270,1.14
2018,10,6,15,22.8,76,3.7,290,1.15
2018,10,6,16,23.0,72,5.6,290,1.50
2018,10,6,17,22.0,74,1.3,290,0.49
2018,10,6,18,21.7,74,1.2,290,0.05
2018,10,7,8,19.7,81,0.4,0,0.34
2018,10,7,9,21.0,75,1.5,360,0.97
2018,10,7,10,24.4,62,0.5,140,1.96
2018,10,7,11,24.9,63,2.0,250,2.53
2018,10,7,12,23.8,63,3.3,200,2.57
2018,10,7,13,24.7,60,3.3,200,2.41
2018,10,7,14,24.1,62,4.6,200,2.65
2018,10,7,15,23.8,61,4.8,200,1.98
2018,10,7,16,23.0,67,5.4,200,1.67
2018,10,7,17,22.5,75,3.2,200,0.94
2018,10,7,18,21.5,75,2.4,250,0.23
2018,10,8,8,16.4,43,3.2,340,0.60
2018,10,8,9,18.9,39,0.1,0,1.30
2018,10,8,10,21.8,34,1.2,50,1.92
2018,10,8,11,22.4,42,1.7,50,2.49
2018,10,8,12,23.6,40,1.4,110,2.77
2018,10,8,13,23.2,47,0.3,0,2.78
2018,10,8,14,22.3,52,4.0,110,2.71
2018,10,8,15,21.7,52,3.7,110,2.01
2018,10,8,16,20.4,53,3.7,110,1.62
2018,10,8,17,19.8,54,1.7,110,0.85
2018,10,8,18,18.7,57,2.1,70,0.19
2018,10,9,8,18.2,48,2.0,50,0.68
2018,10,9,9,18.7,52,2.3,50,0.93
2018,10,9,10,19.9,59,2.3,50,1.20
2018,10,9,11,20.2,60,1.6,50,1.39
2018,10,9,12,20.2,58,2.4,70,1.17
2018,10,9,13,20.5,56,3.0,70,1.17
2018,10,9,14,20.1,58,2.2,70,0.82
2018,10,9,15,20.3,63,1.8,50,0.82
2018,10,9,16,20.1,62,1.8,70,0.76
2018,10,9,17,19.5,65,1.6,50,0.29
2018,10,9,18,18.8,68,1.2,50,0.03
2018,10,10,8,18.1,76,4.4,270,0.22
2018,10,10,9,18.3,79,5.5,290,0.49
2018,10,10,10,18.9,64,3.3,290,0.83
2018,10,10,11,18.7,66,4.3,270,0.97
2018,10,10,12,19.6,60,3.2,270,1.70
2018,10,10,13,19.8,61,4.0,290,1.52
2018,10,10,14,20.2,59,1.4,360,1.78
2018,10,10,15,19.7,57,2.0,340,1.21
2018,10,10,16,18.5,51,1.9,360,0.78
2018,10,10,17,17.4,53,0.2,0,0.35
2018,10,10,18,16.8,52,0.2,0,0.11
2018,10,11,8,10.9,50,0.9,20,0.20
2018,10,11,9,10.9,46,0.6,20,0.34
2018,10,11,10,12.3,44,1.1,70,0.76
2018,10,11,11,15.1,38,2.7,340,1.98
2018,10,11,12,17.0,35,2.3,20,2.61
2018,10,11,13,16.6,35,5.0,360,2.85
2018,10,11,14,17.4,33,1.5,320,2.47
2018,10,11,15,17.0,36,2.0,320,1.60
2018,10,11,16,16.4,36,1.5,290,1.19
2018,10,11,17,15.9,36,0.6,290,0.72
2018,10,11,18,14.8,36,1.8,320,0.14
2018,10,12,8,11.5,52,0.2,0,0.59
2018,10,12,9,13.5,51,0.2,0,1.33
2018,10,12,10,15.2,45,0.2,0,2.01
2018,10,12,11,17.0,41,0.2,0,2.52
2018,10,12,12,17.8,40,0.3,0,2.81
2018,10,12,13,17.4,40,0.5,230,2.85
2018,10,12,14,18.2,43,0.8,180,2.66
2018,10,12,15,17.8,44,0.7,140,2.22
2018,10,12,16,16.7,50,1.7,110,1.43
2018,10,12,17,15.9,56,0.4,0,0.82
2018,10,12,18,15.2,57,0.2,0,6.00
2018,10,13,8,14.3,66,0.6,140,0.31
2018,10,13,9,16.6,60,2.1,50,0.69
2018,10,13,10,18.8,55,2.6,20,1.80
2018,10,13,11,20.6,53,0.9,70,2.36
2018,10,13,12,20.3,53,1.8,70,1.90
2018,10,13,13,19.5,50,1.6,70,1.14
2018,10,13,14,21.0,50,0.9,90,1.53
2018,10,13,15,20.0,50,1.6,70,1.32
2018,10,13,16,18.8,58,2.0,70,0.77
2018,10,13,17,18.1,60,2.1,70,0.63
2018,10,13,18,17.1,65,2.6,50,0.10
2018,10,14,8,15.8,66,0.3,0,0.55
2018,10,14,9,17.9,61,0.2,0,0.93
2018,10,14,10,20.3,52,0.6,90,1.87
2018,10,14,11,21.6,49,1.7,110,2.40
2018,10,14,12,22.1,41,0.2,0,2.78
2018,10,14,13,21.6,44,2.4,140,2.61
2018,10,14,14,21.6,45,2.5,180,1.95
2018,10,14,15,20.3,48,1.7,230,1.75
2018,10,14,16,19.4,54,2.8,230,1.01
2018,10,14,17,18.8,58,2.8,200,0.71
2018,10,14,18,17.7,62,2.3,230,0.15
2018,10,15,8,16.5,48,1.2,90,0.41
2018,10,15,9,17.3,52,0.2,0,1.25
2018,10,15,10,18.6,52,0.2,0,1.88
2018,10,15,11,20.5,48,0.4,0,2.36
2018,10,15,12,21.5,47,0.2,0,2.62
2018,10,15,13,22.3,43,0.8,160,2.63
2018,10,15,14,21.0,48,0.8,180,2.29
2018,10,15,15,19.7,50,0.5,180,1.43
2018,10,15,16,19.4,49,0.2,0,1.37
2018,10,15,17,18.2,54,0.3,0,0.62
2018,10,15,18,17.1,60,0.1,0,0.09
2018,10,16,8,15.6,69,1.6,110,0.43
2018,10,16,9,17.1,60,0.3,0,0.69
2018,10,16,10,17.5,54,0.3,0,0.75
2018,10,16,11,19.2,55,0.5,50,1.23
2018,10,16,12,18.0,64,1.3,340,1.19
2018,10,16,13,20.1,50,0.9,340,1.32
2018,10,16,14,18.9,62,3.3,340,1.00
2018,10,16,15,17.5,68,2.0,340,0.32
2018,10,16,16,17.6,67,0.4,0,0.42
2018,10,16,17,17.0,69,0.6,340,0.17
2018,10,16,18,16.5,71,0.7,340,0.04
2018,10,17,8,14.6,74,0.6,340,0.40
2018,10,17,9,17.4,63,1.0,140,1.06
2018,10,17,10,18.8,65,0.2,0,1.71
2018,10,17,11,20.7,56,0.6,110,2.19
2018,10,17,12,20.7,56,2.3,200,2.34
2018,10,17,13,20.1,52,4.2,230,2.23
2018,10,17,14,20.8,57,3.3,200,2.31
2018,10,17,15,19.8,56,2.8,180,1.76
2018,10,17,16,19.6,52,3.3,230,1.19
2018,10,17,17,18.5,56,2.6,180,0.59
2018,10,17,18,17.0,61,0.1,0,0.08
2018,10,18,8,13.2,62,2.1,340,0.40
2018,10,18,9,15.6,56,0.1,0,1.06
2018,10,18,10,17.9,50,0.3,0,1.72
2018,10,18,11,18.8,48,0.7,320,2.03
2018,10,18,12,20.2,44,0.2,0,2.69
2018,10,18,13,20.5,42,1.0,360,2.58
2018,10,18,14,20.4,40,1.0,340,2.34
2018,10,18,15,20.4,37,0.5,320,2.03
2018,10,18,16,19.4,40,0.3,0,1.41
2018,10,18,17,18.3,35,0.2,0,0.70
2018,10,18,18,16.6,41,0.4,0,0.12
2018,10,19,8,13.2,68,1.9,340,0.46
2018,10,19,9,15.6,58,1.4,360,1.20
2018,10,19,10,18.1,52,1.3,20,1.86
2018,10,19,11,19.4,44,3.7,50,2.39
2018,10,19,12,20.6,43,1.5,50,2.70
2018,10,19,13,21.4,41,1.7,70,2.72
2018,10,19,14,21.2,41,0.7,50,2.13
2018,10,19,15,20.2,40,1.6,50,1.92
2018,10,19,16,18.9,43,0.4,0,1.25
2018,10,19,17,17.9,49,0.3,0,0.47
2018,10,19,18,16.5,54,2.3,50,0.06
2018,10,20,8,13.5,65,0.1,0,0.47
2018,10,20,9,16.8,59,0.1,0,1.19
2018,10,20,10,18.5,42,0.5,50,1.90
2018,10,20,11,19.6,39,0.7,50,2.41
2018,10,20,12,20.4,43,0.2,0,2.69
2018,10,20,13,21.0,41,0.2,0,2.74
2018,10,20,14,20.7,49,1.0,140,2.52
2018,10,20,15,19.8,48,1.3,90,2.04
2018,10,20,16,18.5,52,1.4,90,1.42
2018,10,20,17,17.4,54,0.4,0,0.64
2018,10,20,18,16.4,55,0.2,0,0.06
2018,10,21,8,14.2,66,0.1,0,0.46
2018,10,21,9,17.3,55,0.4,0,1.17
2018,10,21,10,19.8,39,0.4,0,1.84
2018,10,21,11,21.1,36,0.5,90,2.38
2018,10,21,12,21.1,45,3.2,110,2.69
2018,10,21,13,21.8,41,0.4,0,2.72
2018,10,21,14,21.2,43,0.6,140,2.50
2018,10,21,15,20.4,47,1.8,140,2.07
2018,10,21,16,19.4,48,2.2,110,1.43
2018,10,21,17,18.3,55,0.9,110,0.69
2018,10,21,18,17.1,54,2.2,90,0.10
2018,10,22,8,14.3,74,0.0,0,0.28
2018,10,22,9,16.7,66,0.2,0,0.83
2018,10,22,10,18.5,61,0.4,0,1.24
2018,10,22,11,19.3,60,1.0,70,0.90
2018,10,22,12,21.2,57,1.2,70,2.21
2018,10,22,13,22.0,57,2.3,140,1.90
2018,10,22,14,21.8,61,0.6,110,1.96
2018,10,22,15,20.2,66,2.0,140,0.98
2018,10,22,16,19.8,69,1.1,160,0.68
2018,10,22,17,19.3,70,2.5,200,0.46
2018,10,22,18,18.1,75,1.7,230,0.05
2018,10,23,8,17.6,67,2.6,250,0.32
2018,10,23,9,18.1,69,4.5,270,0.83
2018,10,23,10,19.5,66,4.1,270,1.39
2018,10,23,11,20.5,49,6.1,250,1.75
2018,10,23,12,20.1,53,3.5,270,1.22
2018,10,23,13,21.7,47,3.5,270,1.64
2018,10,23,14,22.1,45,4.7,250,2.41
2018,10,23,15,21.5,47,4.2,250,1.71
2018,10,23,16,21.1,48,0.3,0,1.20
2018,10,23,17,20.1,52,4.6,250,0.61
2018,10,23,18,18.8,60,3.2,270,0.06
2018,10,24,8,13.7,55,1.2,340,0.45
2018,10,24,9,15.8,53,1.1,340,1.16
2018,10,24,10,16.9,51,0.3,0,1.83
2018,10,24,11,19.0,44,0.2,0,2.35
2018,10,24,12,20.7,41,0.2,0,2.59
2018,10,24,13,21.4,41,0.4,0,2.62
2018,10,24,14,20.5,42,0.4,0,2.41
2018,10,24,15,19.1,44,1.1,180,1.98
2018,10,24,16,18.5,46,0.8,230,1.36
2018,10,24,17,17.4,51,0.2,0,0.63
2018,10,24,18,16.0,54,0.1,0,0.06
2018,10,25,8,14.8,59,0.0,0,0.40
2018,10,25,9,17.4,52,1.2,160,1.09
2018,10,25,10,19.3,44,0.8,270,1.74
2018,10,25,11,21.2,45,2.7,140,2.25
2018,10,25,12,22.3,47,2.6,140,2.44
2018,10,25,13,22.1,45,2.8,140,2.63
2018,10,25,14,21.4,49,2.1,140,2.39
2018,10,25,15,20.2,47,3.2,140,1.88
2018,10,25,16,19.0,57,2.1,110,1.34
2018,10,25,17,18.1,63,2.3,90,0.57
2018,10,25,18,17.1,70,1.1,70,0.05
2018,10,26,8,14.9,74,0.0,0,0.05
2018,10,26,9,15.8,71,0.1,0,6.00
2018,10,26,10,16.9,64,0.0,0,0.43
2018,10,26,11,18.7,61,0.2,0,0.81
2018,10,26,12,18.8,72,0.1,0,0.71
2018,10,26,13,19.0,73,3.0,200,0.36
2018,10,26,14,19.0,78,3.0,230,6.00
2018,10,26,15,17.9,92,4.2,250,0.18
2018,10,26,16,17.1,95,6.9,230,0.11
2018,10,26,17,16.5,95,4.6,270,0.05
2018,10,26,18,16.5,95,5.0,250,0.01
2018,10,27,8,12.7,52,4.5,290,0.42
2018,10,27,9,14.0,52,5.1,250,1.18
2018,10,27,10,15.1,49,1.1,290,1.57
2018,10,27,11,15.5,48,7.0,270,2.10
2018,10,27,12,14.7,50,4.7,290,1.63
2018,10,27,13,14.9,49,4.7,290,1.00
2018,10,27,14,15.0,49,2.0,290,0.91
2018,10,27,15,15.1,48,3.2,290,1.36
2018,10,27,16,14.4,45,4.8,290,0.57
2018,10,27,17,14.3,44,0.7,290,0.37
2018,10,27,18,13.3,47,5.8,290,0.07
2018,10,28,8,11.2,62,2.0,270,0.41
2018,10,28,9,12.9,59,4.4,270,1.15
2018,10,28,10,14.5,54,4.8,250,1.79
2018,10,28,11,16.2,49,4.9,230,2.24
2018,10,28,12,17.0,45,5.8,250,2.53
2018,10,28,13,17.5,48,6.2,230,2.43
2018,10,28,14,17.7,46,8.0,230,2.18
2018,10,28,15,16.9,52,8.4,250,1.63
2018,10,28,16,16.8,55,8.4,250,0.77
2018,10,28,17,16.5,54,9.6,230,0.51
2018,10,28,18,16.3,57,7.2,230,0.04
2018,10,29,8,13.1,66,3.3,290,0.36
2018,10,29,9,15.1,61,4.8,270,1.05
2018,10,29,10,16.6,55,5.7,270,1.69
2018,10,29,11,17.3,53,6.8,270,2.13
2018,10,29,12,17.6,51,7.2,270,2.21
2018,10,29,13,16.8,53,2.8,270,0.49
2018,10,29,14,19.3,45,5.3,250,1.74
2018,10,29,15,17.8,54,6.1,230,0.75
2018,10,29,16,18.1,56,5.6,250,1.01
2018,10,29,17,17.4,60,5.4,250,0.32
2018,10,29,18,15.4,62,3.5,360,0.03
2018,10,30,8,9.4,61,4.3,360,0.39
2018,10,30,9,10.9,56,1.7,90,1.13
2018,10,30,10,12.2,45,3.2,320,1.81
2018,10,30,11,12.5,37,3.3,340,2.31
2018,10,30,12,13.0,36,4.5,290,2.62
2018,10,30,13,14.0,33,5.4,290,2.65
2018,10,30,14,14.8,35,3.5,290,2.43
2018,10,30,15,14.5,34,3.5,320,1.97
2018,10,30,16,13.9,35,5.0,290,1.32
2018,10,30,17,13.3,37,3.8,290,0.56
2018,10,30,18,11.5,46,2.1,340,0.05
2018,10,31,8,10.3,48,6.0,360,0.33
2018,10,31,9,11.9,44,2.9,360,1.09
2018,10,31,10,13.5,45,2.2,290,1.73
2018,10,31,11,14.8,44,3.0,290,2.23
2018,10,31,12,15.1,42,3.8,20,2.51
2018,10,31,13,16.1,40,2.6,340,2.53
2018,10,31,14,16.3,39,3.0,360,2.28
2018,10,31,15,15.7,39,2.3,340,1.88
2018,10,31,16,14.9,37,1.9,320,1.20
2018,10,31,17,14.2,44,1.6,270,0.50
2018,10,31,18,12.6,47,0.1,0,0.04
2018,11,1,8,8.5,54,4.4,340,0.36
2018,11,1,9,9.5,51,5.9,340,1.07
2018,11,1,10,11.8,47,4.0,360,1.72
2018,11,1,11,15.9,36,1.7,110,2.21
2018,11,1,12,16.4,29,1.0,360,2.52
2018,11,1,13,17.2,39,3.3,200,2.54
2018,11,1,14,17.2,38,2.8,200,2.27
2018,11,1,15,15.7,43,2.7,140,1.80
2018,11,1,16,14.4,46,2.0,140,1.15
2018,11,1,17,13.4,49,1.8,140,0.48
2018,11,1,18,12.5,50,0.8,90,0.02
2018,11,2,8,10.8,54,0.5,110,0.33
2018,11,2,9,14.1,46,0.5,90,1.04
2018,11,2,10,17.0,38,1.9,140,1.70
2018,11,2,11,18.2,35,2.1,90,2.20
2018,11,2,12,19.3,30,2.2,140,2.45
2018,11,2,13,19.0,35,3.3,140,2.53
2018,11,2,14,18.7,35,2.2,110,2.29
2018,11,2,15,17.9,40,2.8,160,1.85
2018,11,2,16,16.3,42,2.8,110,1.23
2018,11,2,17,15.1,51,1.3,110,0.50
2018,11,2,18,14.2,53,1.3,110,0.04
2018,11,3,8,11.8,59,0.0,0,0.32
2018,11,3,9,15.2,53,0.6,50,1.01
2018,11,3,10,17.7,42,1.1,90,1.64
2018,11,3,11,19.4,33,1.8,140,2.15
2018,11,3,12,19.9,32,2.8,140,2.43
2018,11,3,13,20.1,35,4.0,200,2.48
2018,11,3,14,19.4,39,3.3,200,2.29
2018,11,3,15,18.5,37,3.3,230,1.83
2018,11,3,16,16.5,46,3.1,230,0.72
2018,11,3,17,15.9,44,2.0,200,0.48
2018,11,3,18,14.1,49,0.0,0,0.01
2018,11,4,8,13.3,44,4.1,360,0.30
2018,11,4,9,15.2,38,3.1,340,1.05
2018,11,4,10,16.7,37,3.0,320,1.69
2018,11,4,11,20.5,29,0.0,0,2.16
2018,11,4,12,20.8,28,1.9,360,2.46
2018,11,4,13,21.2,29,2.3,340,2.52
2018,11,4,14,22.3,32,0.2,0,2.27
2018,11,4,15,20.4,35,3.2,200,1.81
2018,11,4,16,18.8,35,3.0,200,1.17
2018,11,4,17,17.4,45,3.5,200,0.46
2018,11,4,18,15.8,52,2.1,250,0.01
2018,11,5,8,12.4,59,0.5,70,0.28
2018,11,5,9,16.0,49,0.8,140,0.95
2018,11,5,10,18.8,47,1.2,110,1.59
2018,11,5,11,20.6,43,1.7,90,2.06
2018,11,5,12,20.5,52,3.1,110,2.36
2018,11,5,13,19.8,56,4.6,110,2.36
2018,11,5,14,20.0,57,3.7,110,2.15
2018,11,5,15,18.7,62,3.7,110,1.68
2018,11,5,16,17.9,63,1.9,90,1.03
2018,11,5,17,16.8,69,2.2,90,0.40
2018,11,5,18,15.9,74,3.1,70,0.02
2018,11,6,8,14.5,74,1.3,20,0.27
2018,11,6,9,17.5,60,3.1,50,0.89
2018,11,6,10,19.3,56,2.6,50,1.52
2018,11,6,11,20.5,53,1.7,70,1.95
2018,11,6,12,21.4,49,3.3,140,2.26
2018,11,6,13,21.4,48,3.0,140,2.31
2018,11,6,14,21.5,47,3.0,140,2.09
2018,11,6,15,19.4,55,3.8,110,1.62
2018,11,6,16,18.7,59,2.6,90,1.02
2018,11,6,17,17.6,71,2.6,50,0.31
2018,11,6,18,16.9,72,2.7,50,0.02
2018,11,7,8,15.9,72,2.2,50,0.16
2018,11,7,9,17.0,68,2.6,50,0.44
2018,11,7,10,17.8,67,2.0,50,0.59
2018,11,7,11,18.8,64,1.9,50,0.65
2018,11,7,12,19.4,60,2.2,50,1.08
2018,11,7,13,19.7,59,2.4,90,1.21
2018,11,7,14,19.3,58,1.7,70,0.88
2018,11,7,15,19.0,59,2.2,70,0.58
2018,11,7,16,18.4,62,2.6,70,0.43
2018,11,7,17,17.8,64,2.6,70,0.22
2018,11,7,18,17.3,68,2.4,50,0.02
2018,11,8,8,15.8,93,2.2,50,0.03
2018,11,8,9,16.5,91,2.5,50,0.22
2018,11,8,10,17.2,89,1.9,70,0.27
2018,11,8,11,17.3,89,1.6,50,0.21
2018,11,8,12,16.9,94,1.4,50,0.06
2018,11,8,13,17.6,96,3.1,180,0.05
2018,11,8,14,17.7,96,3.9,250,0.02
2018,11,8,15,18.4,97,5.8,230,0.02
2018,11,8,16,18.2,97,7.8,250,0.08
2018,11,8,17,18.8,97,7.1,230,0.02
2018,11,8,18,18.7,97,8.2,230,0.00
2018,11,9,8,15.1,71,5.2,250,0.33
2018,11,9,9,14.9,66,4.5,290,0.64
2018,11,9,10,14.8,64,7.5,270,0.89
2018,11,9,11,14.6,59,5.7,290,0.54
2018,11,9,12,15.2,55,6.7,290,1.18
2018,11,9,13,17.6,48,5.6,270,2.19
2018,11,9,14,17.4,47,6.6,270,1.88
2018,11,9,15,17.2,47,3.3,290,1.74
2018,11,9,16,16.5,46,3.4,320,0.87
2018,11,9,17,15.4,50,1.8,320,0.36
2018,11,9,18,14.4,56,2.4,340,0.01
2018,11,10,8,12.2,49,1.0,250,0.23
2018,11,10,9,14.7,38,1.6,160,0.88
2018,11,10,10,16.9,39,1.7,200,1.51
2018,11,10,11,18.5,32,1.2,140,2.00
2018,11,10,12,18.6,41,3.0,200,2.26
2018,11,10,13,19.1,44,3.7,200,2.30
2018,11,10,14,18.4,45,4.2,200,2.11
2018,11,10,15,17.8,42,3.2,200,1.66
2018,11,10,16,16.8,49,3.5,230,1.08
2018,11,10,17,15.9,54,3.8,250,0.41
2018,11,10,18,14.6,65,2.4,230,0.01
2018,11,11,8,12.2,65,0.8,160,0.27
2018,11,11,9,14.4,64,0.9,110,0.72
2018,11,11,10,16.8,53,0.6,360,1.40
2018,11,11,11,18.8,52,1.3,110,1.89
2018,11,11,12,19.3,55,2.6,140,2.14
2018,11,11,13,20.3,56,1.3,200,2.26
2018,11,11,14,18.1,60,1.9,230,1.32
2018,11,11,15,16.8,58,4.2,230,0.71
2018,11,11,16,16.4,60,2.3,250,0.26
2018,11,11,17,15.9,61,2.8,250,0.08
2018,11,11,18,15.6,59,2.4,200,0.00
2018,11,12,8,11.6,93,0.9,90,0.00
2018,11,12,9,11.6,92,1.2,340,0.16
2018,11,12,10,12.2,85,1.2,70,0.29
2018,11,12,11,13.1,77,2.5,50,0.71
2018,11,12,12,14.6,68,2.8,20,1.08
2018,11,12,13,14.8,65,3.0,50,0.98
2018,11,12,14,15.0,63,1.6,50,0.60
2018,11,12,15,15.0,68,1.7,70,0.39
2018,11,12,16,14.7,70,1.9,70,0.46
2018,11,12,17,13.9,68,3.1,50,0.14
2018,11,12,18,13.4,69,2.4,50,0.00
2018,11,13,8,11.8,79,3.3,50,0.14
2018,11,13,9,14.3,68,3.8,50,0.79
2018,11,13,10,15.7,66,3.3,50,1.40
2018,11,13,11,17.6,56,3.8,50,1.76
2018,11,13,12,15.9,64,3.9,50,1.50
2018,11,13,13,16.1,59,3.9,50,1.26
2018,11,13,14,17.2,57,1.9,50,1.79
2018,11,13,15,15.7,61,3.4,50,1.19
2018,11,13,16,14.6,60,2.1,70,0.80
2018,11,13,17,13.5,66,3.7,50,0.42
2018,11,13,18,12.6,71,3.3,50,0.00
2018,11,14,8,11.2,71,1.8,110,0.21
2018,11,14,9,13.3,60,2.2,50,0.88
2018,11,14,10,15.4,54,2.3,50,1.50
2018,11,14,11,16.5,51,2.2,50,1.96
2018,11,14,12,17.8,47,1.5,70,2.21
2018,11,14,13,18.4,54,2.7,140,2.34
2018,11,14,14,18.9,51,2.2,90,2.29
2018,11,14,15,17.1,60,3.0,90,1.56
2018,11,14,16,15.1,66,1.5,50,0.89
2018,11,14,17,13.5,72,2.7,70,0.23
2018,11,14,18,12.6,72,2.4,70,0.00
2018,11,15,8,10.9,72,0.5,230,0.20
2018,11,15,9,13.5,65,3.4,70,0.85
2018,11,15,10,15.8,56,1.8,70,1.46
2018,11,15,11,17.2,52,1.8,70,1.90
2018,11,15,12,17.8,49,2.1,140,2.12
2018,11,15,13,18.7,46,2.4,140,2.23
2018,11,15,14,18.3,46,2.1,160,1.50
2018,11,15,15,17.4,48,2.6,200,1.57
2018,11,15,16,16.4,49,1.4,180,0.99
2018,11,15,17,15.3,54,1.6,180,0.37
2018,11,15,18,14.3,58,1.8,110,0.00
2018,11,16,8,11.9,75,1.1,70,0.05
2018,11,16,9,12.8,73,0.6,70,0.23
2018,11,16,10,14.1,68,0.5,270,0.48
2018,11,16,11,15.5,60,1.1,270,0.65
2018,11,16,12,16.5,54,0.8,270,0.95
2018,11,16,13,16.2,54,1.9,360,0.85
2018,11,16,14,15.0,63,1.2,160,0.64
2018,11,16,15,14.2,72,1.8,140,0.41
2018,11,16,16,13.4,74,3.3,340,0.22
2018,11,16,17,13.0,77,2.4,340,0.10
2018,11,16,18,12.8,75,2.9,340,0.00
2018,11,17,8,10.5,49,5.1,360,0.18
2018,11,17,9,11.6,53,2.6,340,0.80
2018,11,17,10,12.6,58,3.7,340,1.42
2018,11,17,11,15.6,50,1.0,340,1.83
2018,11,17,12,16.8,43,1.8,90,2.12
2018,11,17,13,17.1,50,3.8,110,2.15
2018,11,17,14,17.3,52,3.0,230,1.85
2018,11,17,15,16.3,52,3.2,200,1.34
2018,11,17,16,15.3,56,0.5,230,0.91
2018,11,17,17,13.9,61,3.6,270,0.30
2018,11,17,18,12.5,67,0.0,0,0.00
2018,11,18,8,10.0,36,2.9,340,0.07
2018,11,18,9,10.2,30,3.7,340,0.24
2018,11,18,10,10.2,34,3.6,320,0.46
2018,11,18,11,10.2,32,6.1,340,0.70
2018,11,18,12,11.5,34,1.6,360,0.95
2018,11,18,13,12.0,35,3.9,340,0.95
2018,11,18,14,11.3,30,4.4,340,0.47
2018,11,18,15,11.2,31,6.1,360,0.30
2018,11,18,16,12.1,29,4.9,360,0.61
2018,11,18,17,11.6,30,2.2,20,0.17
2018,11,18,18,10.3,35,2.0,360,0.00
2018,11,19,8,9.1,45,3.6,360,0.17
2018,11,19,9,10.2,40,2.7,20,0.58
2018,11,19,10,12.4,39,1.3,250,1.17
2018,11,19,11,13.8,36,2.2,360,1.86
2018,11,19,12,15.9,31,1.8,360,2.18
2018,11,19,13,15.8,33,1.5,290,1.82
2018,11,19,14,16.8,30,2.2,290,1.92
2018,11,19,15,15.7,33,2.8,230,1.36
2018,11,19,16,14.2,35,2.8,70,0.92
2018,11,19,17,12.8,34,1.8,340,0.30
2018,11,19,18,11.1,37,1.5,360,0.00
2018,11,20,8,8.1,45,2.7,50,0.17
2018,11,20,9,10.0,41,1.6,50,0.83
2018,11,20,10,10.4,38,4.4,290,1.48
2018,11,20,11,13.1,30,2.6,270,1.94
2018,11,20,12,14.6,30,2.5,110,2.18
2018,11,20,13,14.1,34,4.0,230,2.20
2018,11,20,14,14.5,36,3.4,200,2.01
2018,11,20,15,14.1,32,2.0,140,1.58
2018,11,20,16,12.6,33,1.4,140,1.00
2018,11,20,17,11.6,38,3.0,230,0.32
2018,11,20,18,9.9,44,1.1,290,0.00
2018,11,21,8,8.2,46,1.0,230,0.08
2018,11,21,9,10.6,46,0.5,70,0.52
2018,11,21,10,12.2,39,0.6,110,0.78
2018,11,21,11,12.7,37,0.8,200,0.94
2018,11,21,12,13.4,34,1.1,360,0.83
2018,11,21,13,13.4,34,1.8,50,0.68
2018,11,21,14,13.4,33,1.2,110,0.56
2018,11,21,15,13.3,38,0.4,0,0.51
2018,11,21,16,12.9,31,0.8,110,0.30
2018,11,21,17,12.2,35,1.6,20,0.12
2018,11,21,18,11.6,32,1.2,340,0.00
2018,11,22,8,6.8,31,4.4,360,0.18
2018,11,22,9,7.4,29,4.0,20,0.76
2018,11,22,10,8.7,33,4.1,20,1.41
2018,11,22,11,9.4,30,5.3,360,1.94
2018,11,22,12,9.8,26,4.9,20,2.25
2018,11,22,13,10.8,18,2.7,50,2.34
2018,11,22,14,11.8,20,2.3,320,2.11
2018,11,22,15,10.7,19,3.9,340,1.69
2018,11,22,16,9.3,18,4.0,360,1.09
2018,11,22,17,7.9,23,2.4,360,0.37
2018,11,22,18,6.8,24,2.7,360,0.00
2018,11,23,8,4.1,46,2.3,360,0.21
2018,11,23,9,6.1,38,1.0,20,0.80
2018,11,23,10,7.5,33,3.9,140,1.31
2018,11,23,11,7.6,30,4.3,160,1.73
2018,11,23,12,8.8,26,2.4,160,1.87
2018,11,23,13,10.6,24,1.8,110,2.21
2018,11,23,14,11.5,22,2.1,340,2.08
2018,11,23,15,10.8,21,1.6,50,1.67
2018,11,23,16,10.1,24,1.5,20,1.04
2018,11,23,17,8.1,26,3.2,340,0.35
2018,11,23,18,6.9,28,2.5,340,0.00
2018,11,24,8,5.3,40,0.0,0,0.13
2018,11,24,9,8.5,36,0.3,0,0.63
2018,11,24,10,9.4,41,0.1,0,0.59
2018,11,24,11,11.7,40,1.0,70,1.03
2018,11,24,12,12.2,51,5.2,200,0.86
2018,11,24,13,11.1,67,3.1,270,0.13
2018,11,24,14,9.4,91,4.4,270,0.11
2018,11,24,15,9.1,93,1.9,320,0.21
2018,11,24,16,9.6,92,3.8,270,0.36
2018,11,24,17,9.5,91,3.4,290,0.26
2018,11,24,18,8.6,92,0.0,0,0.00
2018,11,25,8,7.1,79,1.5,320,0.10
2018,11,25,9,8.9,74,1.2,340,0.66
2018,11,25,10,11.5,64,1.7,290,1.28
2018,11,25,11,13.0,57,0.0,0,1.74
2018,11,25,12,13.9,55,2.0,250,2.15
2018,11,25,13,14.1,50,0.8,360,1.99
2018,11,25,14,13.4,57,1.3,340,1.83
2018,11,25,15,13.1,52,1.7,270,1.27
2018,11,25,16,12.3,53,1.4,360,0.81
2018,11,25,17,10.9,58,0.0,0,0.30
2018,11,25,18,10.1,61,4.4,320,0.00
2018,11,26,8,6.8,66,0.6,140,0.08
2018,11,26,9,7.6,64,0.6,70,0.33
2018,11,26,10,12.3,49,1.3,50,1.07
2018,11,26,11,14.7,45,1.7,90,1.75
2018,11,26,12,16.2,47,2.8,140,2.06
2018,11,26,13,15.9,53,2.3,110,1.93
2018,11,26,14,16.5,53,1.6,110,1.71
2018,11,26,15,15.9,54,1.3,50,1.43
2018,11,26,16,14.7,58,2.3,200,0.75
2018,11,26,17,13.4,63,1.4,230,0.21
2018,11,26,18,12.5,65,0.0,0,0.00
2018,11,27,8,11.9,73,2.3,340,0.10
2018,11,27,9,14.4,67,1.6,270,0.65
2018,11,27,10,15.9,58,2.0,320,1.29
2018,11,27,11,17.1,53,4.7,270,1.81
2018,11,27,12,17.9,35,3.4,250,2.13
2018,11,27,13,18.4,42,3.4,290,2.16
2018,11,27,14,19.8,36,3.1,290,1.95
2018,11,27,15,19.3,37,2.3,290,1.56
2018,11,27,16,16.8,34,3.3,340,1.02
2018,11,27,17,15.2,33,2.1,250,0.31
2018,11,27,18,14.1,32,1.6,20,0.00
2018,11,28,8,10.0,40,1.6,360,0.09
2018,11,28,9,11.7,34,3.3,340,0.60
2018,11,28,10,14.0,30,0.5,360,1.22
2018,11,28,11,15.6,33,3.0,50,1.69
2018,11,28,12,16.9,36,2.7,50,1.93
2018,11,28,13,17.5,37,2.2,50,2.01
2018,11,28,14,17.7,35,2.3,50,1.83
2018,11,28,15,15.7,48,2.0,70,1.26
2018,11,28,16,13.4,54,3.6,90,0.53
2018,11,28,17,12.2,57,1.8,70,0.24
2018,11,28,18,11.2,56,1.6,70,0.00
2018,11,29,8,6.7,61,0.0,0,0.08
2018,11,29,9,8.6,57,0.0,0,0.42
2018,11,29,10,11.7,38,0.0,0,1.15
2018,11,29,11,14.1,33,2.0,140,1.65
2018,11,29,12,15.3,23,1.6,90,1.87
2018,11,29,13,15.4,29,1.6,180,1.88
2018,11,29,14,15.8,30,2.9,180,1.67
2018,11,29,15,15.0,22,3.3,230,1.30
2018,11,29,16,13.7,36,3.1,230,0.77
2018,11,29,17,12.5,40,1.7,250,0.18
2018,11,29,18,11.6,35,0.5,250,0.00
2018,11,30,8,8.1,47,0.5,20,0.07
2018,11,30,9,10.4,47,0.3,0,0.53
2018,11,30,10,12.4,42,1.4,110,1.04
2018,11,30,11,14.7,40,0.0,0,1.52
2018,11,30,12,15.9,40,1.8,200,1.82
2018,11,30,13,15.8,36,3.9,250,1.94
2018,11,30,14,15.9,41,5.0,270,1.80
2018,11,30,15,15.1,43,5.3,250,1.38
2018,11,30,16,14.5,44,4.2,270,0.80
2018,11,30,17,13.0,50,4.3,250,0.22
2018,11,30,18,12.2,53,3.2,250,0.00
2018,12,1,8,8.3,38,1.0,140,0.03
2018,12,1,9,9.2,41,2.8,360,0.36
2018,12,1,10,10.8,42,1.0,340,0.76
2018,12,1,11,12.2,39,1.3,360,1.11
2018,12,1,12,12.7,37,1.7,50,0.98
2018,12,1,13,13.3,35,2.9,50,1.05
2018,12,1,14,13.6,41,1.8,70,1.42
2018,12,1,15,12.7,46,2.5,70,0.85
2018,12,1,16,12.1,51,2.4,50,0.38
2018,12,1,17,11.4,58,2.1,50,0.22
2018,12,1,18,10.8,61,1.0,50,0.00
2018,12,2,8,10.3,69,1.5,70,0.09
2018,12,2,9,13.1,61,1.9,50,0.60
2018,12,2,10,15.2,56,1.9,50,0.98
2018,12,2,11,17.1,54,2.1,50,1.53
2018,12,2,12,18.6,54,2.1,70,1.74
2018,12,2,13,18.3,57,2.7,110,1.96
2018,12,2,14,18.1,58,2.9,90,1.76
2018,12,2,15,17.4,61,1.6,70,1.36
2018,12,2,16,15.7,67,2.3,90,0.81
2018,12,2,17,14.7,72,2.5,50,0.17
2018,12,2,18,14.7,71,2.4,70,0.00
2018,12,3,8,15.9,98,0.7,50,0.00
2018,12,3,9,16.2,98,0.4,0,0.20
2018,12,3,10,17.2,98,0.3,0,0.49
2018,12,3,11,17.6,95,3.6,230,0.62
2018,12,3,12,17.8,94,6.1,250,0.53
2018,12,3,13,17.7,94,7.3,230,0.56
2018,12,3,14,17.9,93,3.6,270,0.31
2018,12,3,15,18.5,88,3.7,250,0.58
2018,12,3,16,18.3,89,2.8,230,0.24
2018,12,3,17,18.2,94,4.0,250,0.04
2018,12,3,18,17.8,94,3.6,270,0.00
2018,12,4,8,16.0,97,2.3,290,0.00
2018,12,4,9,16.8,98,4.5,250,0.00
2018,12,4,10,15.5,97,2.5,70,0.28
2018,12,4,11,15.0,88,5.1,20,0.63
2018,12,4,12,15.4,79,2.5,20,0.47
2018,12,4,13,15.5,76,1.8,20,0.47
2018,12,4,14,14.7,81,1.1,110,6.00
2018,12,4,15,15.2,78,0.9,250,0.43
2018,12,4,16,15.0,77,1.5,320,0.22
2018,12,4,17,14.7,72,3.8,340,0.16
2018,12,4,18,14.4,70,2.8,340,0.00
2018,12,5,8,5.0,47,6.1,340,0.07
2018,12,5,9,7.0,46,2.0,340,0.57
2018,12,5,10,9.0,43,1.3,360,1.17
2018,12,5,11,11.7,41,2.7,50,1.65
2018,12,5,12,12.8,40,1.0,20,1.95
2018,12,5,13,14.6,40,1.9,70,2.01
2018,12,5,14,14.8,40,1.8,90,1.83
2018,12,5,15,13.5,40,2.8,360,1.41
2018,12,5,16,12.6,45,2.4,360,0.84
2018,12,5,17,10.6,49,2.2,340,0.24
2018,12,5,18,9.6,53,2.3,340,0.00
2018,12,6,8,7.0,91,5.0,340,0.00
2018,12,6,9,7.4,94,1.6,340,0.06
2018,12,6,10,7.9,94,2.5,340,0.44
2018,12,6,11,8.2,91,4.0,340,0.64
2018,12,6,12,7.7,88,2.9,340,0.53
2018,12,6,13,7.5,86,3.3,360,0.55
2018,12,6,14,7.9,80,2.9,360,0.82
2018,12,6,15,7.8,72,2.3,340,0.57
2018,12,6,16,7.6,66,2.6,290,0.53
2018,12,6,17,7.0,67,3.5,290,0.18
2018,12,6,18,6.5,69,2.4,290,0.00
2018,12,7,8,1.9,48,3.2,360,0.03
2018,12,7,9,1.4,46,4.2,360,0.34
2018,12,7,10,1.4,39,3.6,340,0.82
2018,12,7,11,1.3,35,2.7,20,1.14
2018,12,7,12,0.5,33,3.4,320,1.05
2018,12,7,13,0.5,35,1.8,320,1.22
2018,12,7,14,0.6,29,2.7,360,1.12
2018,12,7,15,0.6,31,2.9,20,1.08
2018,12,7,16,-0.2,28,3.6,360,0.65
2018,12,7,17,-0.9,28,1.6,20,0.16
2018,12,7,18,-1.3,29,1.1,360,0.00
2018,12,8,8,-4.8,50,2.8,360,0.07
2018,12,8,9,-3.0,46,3.1,20,0.61
2018,12,8,10,-1.1,39,1.7,360,1.23
2018,12,8,11,-0.4,39,2.6,340,1.74
2018,12,8,12,1.4,36,3.2,290,2.05
2018,12,8,13,2.2,36,2.9,320,2.03
2018,12,8,14,2.4,34,3.8,360,1.95
2018,12,8,15,2.5,36,3.1,360,1.52
2018,12,8,16,1.2,38,2.6,360,0.93
2018,12,8,17,-0.2,41,1.8,340,0.09
2018,12,8,18,-0.6,40,1.0,160,0.00
2018,12,9,8,-3.9,34,4.7,360,0.04
2018,12,9,9,-2.7,28,2.7,140,0.51
2018,12,9,10,-1.8,29,3.0,290,1.08
2018,12,9,11,-0.8,25,5.6,360,1.73
2018,12,9,12,1.0,25,4.8,340,2.03
2018,12,9,13,2.7,21,4.4,290,2.19
2018,12,9,14,4.8,21,2.6,320,2.01
2018,12,9,15,4.8,20,2.0,320,1.61
2018,12,9,16,3.9,21,3.4,290,1.02
2018,12,9,17,1.8,21,3.9,340,0.29
2018,12,9,18,1.1,22,4.4,340,0.00
2018,12,10,8,-1.8,30,1.1,200,0.04
2018,12,10,9,2.1,27,1.2,180,0.56
2018,12,10,10,4.9,24,0.8,180,1.34
2018,12,10,11,6.5,21,2.1,50,1.58
2018,12,10,12,8.5,17,3.0,20,2.01
2018,12,10,13,10.1,17,2.1,20,2.07
2018,12,10,14,10.3,19,2.0,20,1.91
2018,12,10,15,10.3,22,1.5,20,1.51
2018,12,10,16,9.3,28,1.5,50,0.92
2018,12,10,17,7.2,36,1.4,50,0.29
2018,12,10,18,5.6,40,1.3,360,0.00
2018,12,11,8,6.1,72,3.1,50,0.01
2018,12,11,9,6.0,81,4.1,50,0.07
2018,12,11,10,6.8,76,4.5,20,0.17
2018,12,11,11,6.7,87,3.4,20,0.27
2018,12,11,12,7.4,88,4.5,20,0.46
2018,12,11,13,7.8,83,5.1,20,0.79
2018,12,11,14,7.8,81,2.6,20,0.48
2018,12,11,15,8.1,79,3.4,50,0.33
2018,12,11,16,7.9,77,2.7,50,0.14
2018,12,11,17,6.3,85,3.1,340,0.01
2018,12,11,18,5.2,87,4.8,340,0.00
2018,12,12,8,1.4,62,2.9,50,0.06
2018,12,12,9,3.2,52,2.8,50,0.56
2018,12,12,10,4.1,49,2.3,270,1.16
2018,12,12,11,4.2,47,4.4,340,1.68
2018,12,12,12,5.3,37,3.5,340,2.01
2018,12,12,13,6.8,34,2.7,340,2.05
2018,12,12,14,6.2,30,6.3,290,1.97
2018,12,12,15,6.9,29,2.8,290,1.59
2018,12,12,16,5.6,27,4.7,290,1.00
2018,12,12,17,3.8,29,2.3,320,0.32
2018,12,12,18,2.7,30,4.2,340,0.00
2018,12,13,8,0.2,41,3.6,20,0.06
2018,12,13,9,2.0,40,3.1,360,0.58
2018,12,13,10,5.2,37,1.5,90,1.20
2018,12,13,11,5.9,37,3.0,270,1.69
2018,12,13,12,6.3,45,4.2,270,1.97
2018,12,13,13,6.5,43,5.9,250,1.99
2018,12,13,14,7.6,41,4.5,250,1.85
2018,12,13,15,8.0,40,4.2,270,1.50
2018,12,13,16,7.4,41,5.0,270,0.98
2018,12,13,17,6.0,38,4.8,290,0.18
2018,12,13,18,5.5,40,4.4,290,0.00
2018,12,14,8,-2.1,52,6.7,340,0.06
2018,12,14,9,-1.2,46,6.2,340,0.59
2018,12,14,10,0.3,39,5.5,320,1.21
2018,12,14,11,1.8,36,4.7,340,1.71
2018,12,14,12,3.5,31,4.2,340,2.02
2018,12,14,13,4.9,29,3.5,360,2.11
2018,12,14,14,5.7,27,3.2,320,1.98
2018,12,14,15,5.6,26,3.9,290,1.59
2018,12,14,16,6.1,25,2.2,320,1.01
2018,12,14,17,3.9,25,3.6,340,0.33
2018,12,14,18,3.3,22,4.7,340,0.00
2018,12,15,8,-0.3,47,1.0,140,0.05
2018,12,15,9,2.5,42,1.0,160,0.53
2018,12,15,10,5.7,39,0.8,140,1.17
2018,12,15,11,8.0,35,1.0,140,1.66
2018,12,15,12,7.5,31,2.6,320,1.98
2018,12,15,13,8.8,35,2.1,320,2.03
2018,12,15,14,9.5,41,3.0,250,1.88
2018,12,15,15,9.6,43,3.2,250,1.57
2018,12,15,16,8.6,38,2.6,290,0.69
2018,12,15,17,7.4,34,3.2,270,0.35
2018,12,15,18,5.6,22,3.2,340,0.01
2018,12,16,8,6.1,39,2.8,320,0.01
2018,12,16,9,7.2,44,1.8,270,0.22
2018,12,16,10,8.5,50,2.1,250,0.42
2018,12,16,11,6.6,69,4.1,320,0.24
2018,12,16,12,3.8,79,3.7,290,0.37
2018,12,16,13,3.9,87,2.2,320,0.28
2018,12,16,14,3.9,87,2.2,340,0.33
2018,12,16,15,4.4,87,1.1,230,0.22
2018,12,16,16,5.1,87,0.9,250,0.24
2018,12,16,17,5.0,88,0.7,320,0.13
2018,12,16,18,4.5,87,1.0,270,0.00
2018,12,17,8,5.1,51,2.1,250,0.04
2018,12,17,9,5.7,53,5.6,270,0.41
2018,12,17,10,6.5,52,5.9,290,0.90
2018,12,17,11,7.1,58,6.5,270,1.33
2018,12,17,12,7.7,57,5.5,290,1.49
2018,12,17,13,9.3,44,6.2,270,1.92
2018,12,17,14,8.8,47,3.9,320,1.56
2018,12,17,15,8.7,44,2.7,320,1.16
2018,12,17,16,7.7,40,2.2,320,0.54
2018,12,17,17,7.3,37,2.3,290,0.24
2018,12,17,18,6.6,31,2.6,290,0.00
2018,12,18,8,2.2,57,1.2,290,0.04
2018,12,18,9,4.4,51,2.3,290,0.53
2018,12,18,10,5.7,49,1.8,340,1.14
2018,12,18,11,7.1,44,2.8,320,1.68
2018,12,18,12,8.3,44,4.1,250,1.96
2018,12,18,13,8.8,44,4.0,290,1.98
2018,12,18,14,9.1,41,4.3,270,1.63
2018,12,18,15,9.0,41,2.9,250,1.13
2018,12,18,16,9.3,41,3.8,250,0.92
2018,12,18,17,7.5,46,3.2,270,6.00
2018,12,18,18,6.5,51,2.2,270,0.00
2018,12,19,8,6.5,61,3.6,290,0.02
2018,12,19,9,8.5,57,7.4,270,0.40
2018,12,19,10,9.8,58,5.5,270,0.98
2018,12,19,11,11.4,56,4.2,270,1.48
2018,12,19,12,11.7,53,6.5,250,1.79
2018,12,19,13,13.2,47,4.9,270,1.85
2018,12,19,14,13.6,43,5.4,270,1.72
2018,12,19,15,12.6,46,5.8,250,0.96
2018,12,19,16,12.5,46,5.5,250,0.75
2018,12,19,17,11.9,45,5.8,250,0.27
2018,12,19,18,11.5,46,4.3,250,0.00
2018,12,20,8,9.5,68,1.1,20,0.01
2018,12,20,9,9.7,66,1.0,20,0.13
2018,12,20,10,10.3,61,0.4,0,0.31
2018,12,20,11,11.2,57,0.7,90,0.49
2018,12,20,12,11.8,55,1.2,90,0.58
2018,12,20,13,12.0,53,1.3,90,0.55
2018,12,20,14,12.1,52,1.5,70,0.49
2018,12,20,15,12.1,55,1.2,70,0.41
2018,12,20,16,12.0,57,1.5,90,0.35
2018,12,20,17,11.2,59,1.8,90,0.13
2018,12,20,18,10.6,59,1.6,50,0.00
2018,12,21,8,8.6,72,1.8,50,0.03
2018,12,21,9,10.6,69,0.8,110,0.36
2018,12,21,10,11.6,67,1.5,50,0.45
2018,12,21,11,14.5,61,3.0,50,0.93
2018,12,21,12,15.9,58,3.0,50,1.20
2018,12,21,13,16.0,59,1.4,50,1.11
2018,12,21,14,16.9,58,1.3,90,1.15
2018,12,21,15,16.3,63,2.0,90,0.96
2018,12,21,16,15.4,66,0.0,0,0.40
2018,12,21,17,14.4,72,1.8,90,0.18
2018,12,21,18,13.4,77,2.1,70,0.01
2018,12,22,8,11.1,52,4.6,360,0.03
2018,12,22,9,11.7,50,2.4,360,0.37
2018,12,22,10,14.4,48,0.0,0,1.03
2018,12,22,11,14.6,46,0.2,0,1.53
2018,12,22,12,16.9,39,0.4,0,1.83
2018,12,22,13,16.7,44,1.6,230,1.86
2018,12,22,14,17.0,44,1.4,140,1.74
2018,12,22,15,16.1,54,2.7,110,1.35
2018,12,22,16,14.6,63,1.0,90,0.75
2018,12,22,17,13.5,63,1.9,70,0.06
2018,12,22,18,12.9,62,3.0,70,0.00
2018,12,23,8,8.1,92,2.4,20,0.00
2018,12,23,9,7.9,90,2.5,50,0.08
2018,12,23,10,7.8,85,2.8,90,0.27
2018,12,23,11,7.7,80,3.9,20,0.41
2018,12,23,12,9.1,62,3.3,360,0.85
2018,12,23,13,11.8,48,1.0,360,1.89
2018,12,23,14,12.8,36,2.7,340,1.87
2018,12,23,15,13.0,29,2.5,360,1.52
2018,12,23,16,12.5,31,2.1,90,0.99
2018,12,23,17,10.4,31,3.3,360,0.33
2018,12,23,18,9.2,29,2.3,340,0.00
2018,12,24,8,1.1,36,5.8,320,0.04
2018,12,24,9,2.2,29,3.9,340,0.53
2018,12,24,10,3.4,29,3.0,230,1.20
2018,12,24,11,5.3,23,1.9,340,1.72
2018,12,24,12,6.0,19,3.4,290,2.08
2018,12,24,13,6.6,18,4.5,320,2.16
2018,12,24,14,7.1,17,4.2,290,2.02
2018,12,24,15,8.1,17,4.7,290,1.63
2018,12,24,16,7.8,17,4.8,290,1.11
2018,12,24,17,5.9,22,4.1,290,0.40
2018,12,24,18,4.8,23,4.9,340,0.00
2018,12,25,8,0.8,31,2.2,340,0.06
2018,12,25,9,3.9,26,1.1,50,0.57
2018,12,25,10,6.5,25,1.0,50,1.16
2018,12,25,11,8.7,21,1.0,70,1.67
2018,12,25,12,7.7,25,3.1,320,1.90
2018,12,25,13,8.9,19,3.8,270,1.92
2018,12,25,14,9.6,19,2.6,340,1.84
2018,12,25,15,8.5,19,2.0,360,0.92
2018,12,25,16,8.3,20,2.8,340,0.98
2018,12,25,17,7.2,22,2.5,290,0.21
2018,12,25,18,6.0,27,2.4,340,0.00
2018,12,26,8,5.8,62,1.1,340,0.00
2018,12,26,9,6.6,55,1.0,50,0.17
2018,12,26,10,8.4,50,1.7,360,0.70
2018,12,26,11,9.4,50,1.4,360,1.42
2018,12,26,12,9.1,45,3.3,270,1.70
2018,12,26,13,8.7,42,2.8,320,1.27
2018,12,26,14,10.4,33,2.2,320,1.44
2018,12,26,15,10.6,21,2.8,360,1.19
2018,12,26,16,9.4,21,3.6,360,0.69
2018,12,26,17,8.3,20,4.2,360,0.22
2018,12,26,18,7.3,23,3.2,360,0.01
2018,12,27,8,-0.3,20,3.1,340,0.03
2018,12,27,9,1.7,17,1.9,90,0.49
2018,12,27,10,1.8,15,3.2,340,1.15
2018,12,27,11,2.7,13,4.4,360,1.70
2018,12,27,12,3.8,12,2.6,50,2.04
2018,12,27,13,3.6,13,4.3,360,2.12
2018,12,27,14,3.7,13,3.1,290,1.99
2018,12,27,15,3.3,14,3.2,290,1.62
2018,12,27,16,3.3,12,2.9,360,1.08
2018,12,27,17,0.8,11,3.0,340,0.42
2018,12,27,18,-0.5,13,2.0,340,0.01
2018,12,28,8,-6.5,37,2.2,90,0.03
2018,12,28,9,-5.5,37,3.7,70,0.49
2018,12,28,10,-3.8,32,5.3,140,1.16
2018,12,28,11,-2.5,30,3.0,110,1.69
2018,12,28,12,-1.3,28,3.0,70,2.05
2018,12,28,13,-0.9,27,4.0,340,2.14
2018,12,28,14,-0.4,27,5.7,340,2.04
2018,12,28,15,0.2,26,6.4,360,1.69
2018,12,28,16,0.9,25,3.2,360,1.12
2018,12,28,17,-0.4,23,2.6,20,0.41
2018,12,28,18,-1.4,21,1.8,360,0.00
2018,12,29,8,-4.9,38,2.8,50,0.03
2018,12,29,9,-3.4,34,3.8,110,0.51
2018,12,29,10,-2.1,29,3.1,140,1.17
2018,12,29,11,-1.3,26,3.9,50,1.70
2018,12,29,12,0.2,23,3.3,140,2.05
2018,12,29,13,0.9,22,3.3,50,2.13
2018,12,29,14,1.6,20,3.7,360,2.03
2018,12,29,15,1.6,19,3.6,20,1.68
2018,12,29,16,1.4,19,2.6,20,1.13
2018,12,29,17,-0.5,19,5.3,340,0.44
2018,12,29,18,-1.0,21,4.4,140,0.00
2018,12,30,8,-4.7,38,2.8,270,0.03
2018,12,30,9,-4.0,36,5.2,340,0.53
2018,12,30,10,-2.0,32,3.4,320,1.18
2018,12,30,11,-0.8,27,3.7,340,1.72
2018,12,30,12,0.1,24,4.0,340,2.06
2018,12,30,13,1.8,22,2.6,340,2.16
2018,12,30,14,4.7,18,1.6,20,2.04
2018,12,30,15,5.1,24,2.5,140,1.65
2018,12,30,16,4.8,36,1.2,180,0.99
2018,12,30,17,1.6,24,4.2,340,0.18
2018,12,30,18,0.9,23,4.5,340,0.00
2018,12,31,8,0.3,48,1.1,160,0.01
2018,12,31,9,3.2,43,0.9,180,0.46
2018,12,31,10,5.5,37,1.1,180,1.09
2018,12,31,11,8.0,33,1.4,70,1.61
2018,12,31,12,8.6,34,1.9,50,1.38
2018,12,31,13,7.9,32,2.0,340,1.70
2018,12,31,14,7.6,32,1.9,320,1.00
2018,12,31,15,7.2,33,2.3,340,0.76
2018,12,31,16,8.2,33,1.9,360,0.63
2018,12,31,17,6.1,35,3.1,290,0.28
2018,12,31,18,4.9,36,3.8,290,0.01
2019,1,1,8,-1.3,49,2.9,180,0.03
2019,1,1,9,0.5,40,3.5,90,0.47
2019,1,1,10,0.5,43,5.7,320,1.08
2019,1,1,11,2.2,38,4.3,290,1.64
2019,1,1,12,2.7,39,5.1,290,1.97
2019,1,1,13,4.1,36,3.0,270,2.08
2019,1,1,14,4.1,38,5.8,290,2.01
2019,1,1,15,4.8,38,4.8,290,1.62
2019,1,1,16,5.3,37,2.8,320,1.06
2019,1,1,17,3.8,37,2.6,320,0.37
2019,1,1,18,2.8,41,4.5,290,0.01
2019,1,2,8,-2.0,41,2.6,110,0.03
2019,1,2,9,-0.4,41,2.1,90,0.49
2019,1,2,10,1.2,39,2.2,200,1.13
2019,1,2,11,2.7,35,1.7,290,1.65
2019,1,2,12,2.7,34,3.7,320,2.00
2019,1,2,13,4.2,30,3.9,320,2.12
2019,1,2,14,5.5,28,3.7,270,2.01
2019,1,2,15,5.9,27,4.1,290,1.67
2019,1,2,16,6.1,26,3.1,270,1.10
2019,1,2,17,4.9,27,1.8,340,0.44
2019,1,2,18,3.2,27,1.7,360,0.00
2019,1,3,8,-0.9,27,2.0,20,0.03
2019,1,3,9,0.3,26,2.2,320,0.49
2019,1,3,10,1.2,27,5.4,340,1.17
2019,1,3,11,3.0,23,4.4,320,1.69
2019,1,3,12,4.9,22,3.5,320,2.03
2019,1,3,13,5.3,20,5.1,320,2.14
2019,1,3,14,6.5,18,4.6,290,2.04
2019,1,3,15,7.9,17,3.7,290,1.66
2019,1,3,16,8.0,15,3.5,320,1.12
2019,1,3,17,6.3,16,4.5,290,0.46
2019,1,3,18,5.0,18,4.5,340,0.00
2019,1,4,8,2.0,21,0.9,200,0.02
2019,1,4,9,4.9,17,1.2,270,0.48
2019,1,4,10,5.3,17,2.7,360,1.13
2019,1,4,11,6.6,16,2.7,320,1.47
2019,1,4,12,8.2,16,2.7,270,1.74
2019,1,4,13,6.3,20,5.8,270,0.83
2019,1,4,14,6.9,21,4.2,270,0.83
2019,1,4,15,6.8,25,4.9,250,0.73
2019,1,4,16,6.8,23,2.4,250,0.32
2019,1,4,17,6.4,24,1.7,270,0.14
2019,1,4,18,5.9,32,2.3,290,0.00
2019,1,5,8,3.6,53,2.9,110,0.00
2019,1,5,9,4.3,49,2.8,320,0.28
2019,1,5,10,4.9,46,2.9,140,0.57
2019,1,5,11,6.0,37,2.4,320,1.10
2019,1,5,12,8.0,33,3.3,360,1.92
2019,1,5,13,8.5,30,2.5,160,1.46
2019,1,5,14,8.8,30,4.3,290,1.81
2019,1,5,15,10.5,18,4.0,290,1.57
2019,1,5,16,9.8,18,3.5,340,1.09
2019,1,5,17,8.6,19,2.8,290,0.44
2019,1,5,18,6.8,18,2.1,340,0.01
2019,1,6,8,1.4,40,1.2,340,0.02
2019,1,6,9,2.6,39,0.8,250,0.24
2019,1,6,10,3.8,40,0.5,290,0.47
2019,1,6,11,7.3,35,1.1,180,1.31
2019,1,6,12,6.3,36,3.5,340,1.88
2019,1,6,13,9.2,35,2.5,290,2.06
2019,1,6,14,9.4,34,2.4,340,1.95
2019,1,6,15,9.7,31,2.8,290,1.59
2019,1,6,16,9.5,27,2.8,290,1.11
2019,1,6,17,7.6,25,2.9,340,0.44
2019,1,6,18,6.0,24,4.1,340,0.01
2019,1,7,8,1.2,23,3.7,290,0.03
2019,1,7,9,3.3,19,1.6,200,0.42
2019,1,7,10,4.7,17,2.8,250,1.03
2019,1,7,11,5.5,18,2.0,230,1.49
2019,1,7,12,7.1,16,2.7,160,1.82
2019,1,7,13,7.5,17,2.8,180,1.86
2019,1,7,14,7.7,18,4.6,270,1.80
2019,1,7,15,9.1,18,2.3,250,1.48
2019,1,7,16,8.5,18,3.9,270,1.03
2019,1,7,17,6.8,21,3.4,320,0.40
2019,1,7,18,5.8,23,3.3,340,0.02
2019,1,8,8,1.3,49,3.4,290,0.03
2019,1,8,9,2.0,48,4.1,290,0.38
2019,1,8,10,3.5,45,3.4,270,1.05
2019,1,8,11,5.3,36,2.9,340,1.56
2019,1,8,12,5.6,33,4.1,270,1.90
2019,1,8,13,7.3,30,2.3,50,2.04
2019,1,8,14,7.8,27,3.2,20,1.96
2019,1,8,15,7.6,28,3.3,320,1.44
2019,1,8,16,7.4,30,2.4,340,1.04
2019,1,8,17,6.5,31,2.4,340,0.48
2019,1,8,18,5.5,32,3.5,290,0.02
2019,1,9,8,-1.9,39,0.9,360,0.03
2019,1,9,9,-0.1,37,1.4,320,0.48
2019,1,9,10,2.6,37,2.7,70,1.05
2019,1,9,11,5.4,36,2.1,70,1.58
2019,1,9,12,6.9,35,2.6,20,1.99
2019,1,9,13,4.8,33,3.5,340,1.84
2019,1,9,14,4.8,33,4.1,340,1.17
2019,1,9,15,5.3,33,2.8,340,1.15
2019,1,9,16,4.7,35,2.8,340,0.56
2019,1,9,17,4.7,37,2.3,340,0.35
2019,1,9,18,3.4,36,2.2,340,0.02
2019,1,10,8,3.1,27,1.6,230,0.00
2019,1,10,9,3.8,25,2.4,270,0.18
2019,1,10,10,4.0,26,1.9,360,0.53
2019,1,10,11,5.3,22,2.3,250,0.93
2019,1,10,12,7.0,18,3.9,290,1.80
2019,1,10,13,7.5,21,4.0,270,2.09
2019,1,10,14,7.9,24,4.3,290,1.93
2019,1,10,15,8.6,26,4.0,290,1.63
2019,1,10,16,8.6,29,4.0,290,1.11
2019,1,10,17,7.8,32,3.0,320,0.49
2019,1,10,18,5.8,38,2.4,320,0.02
2019,1,11,8,0.9,55,1.0,340,0.03
2019,1,11,9,3.1,51,0.8,340,0.40
2019,1,11,10,4.5,48,1.1,320,0.74
2019,1,11,11,6.0,45,1.0,180,0.99
2019,1,11,12,9.5,38,1.2,180,1.67
2019,1,11,13,12.2,39,1.7,50,1.90
2019,1,11,14,11.1,46,1.7,110,1.54
2019,1,11,15,11.2,51,1.8,90,0.97
2019,1,11,16,10.7,57,2.8,90,0.98
2019,1,11,17,10.0,59,1.8,50,0.44
2019,1,11,18,8.1,64,2.0,50,0.02
2019,1,12,8,5.1,89,1.7,340,0.00
2019,1,12,9,5.0,90,3.2,340,0.05
2019,1,12,10,5.3,91,1.5,360,0.14
2019,1,12,11,5.5,89,2.5,340,0.26
2019,1,12,12,7.4,87,0.6,360,0.63
2019,1,12,13,6.9,84,4.2,340,1.06
2019,1,12,14,6.3,85,4.7,320,0.83
2019,1,12,15,6.3,84,4.4,290,0.50
2019,1,12,16,6.2,82,4.6,340,0.24
2019,1,12,17,6.4,80,4.9,340,0.16
2019,1,12,18,6.2,79,4.2,360,0.02
2019,1,13,8,3.7,64,2.1,340,0.02
2019,1,13,9,4.7,61,1.5,360,0.27
2019,1,13,10,6.7,57,1.3,320,0.78
2019,1,13,11,7.3,54,3.9,360,1.65
2019,1,13,12,8.8,51,2.0,320,1.57
2019,1,13,13,10.4,47,1.9,360,1.54
2019,1,13,14,10.9,44,1.6,320,1.38
2019,1,13,15,12.3,42,1.4,50,1.59
2019,1,13,16,10.6,47,2.4,290,0.94
2019,1,13,17,10.0,47,1.4,320,6.00
2019,1,13,18,8.8,48,1.6,320,0.04
2019,1,14,8,2.8,59,0.7,140,0.02
2019,1,14,9,5.9,51,0.6,160,0.45
2019,1,14,10,8.0,45,1.0,200,1.09
2019,1,14,11,11.2,39,1.3,140,1.64
2019,1,14,12,11.2,36,2.1,270,2.01
2019,1,14,13,12.2,34,0.3,0,2.19
2019,1,14,14,13.3,33,2.0,160,1.98
2019,1,14,15,11.7,36,3.5,200,1.55
2019,1,14,16,10.6,35,3.5,180,1.18
2019,1,14,17,9.5,35,2.4,200,0.33
2019,1,14,18,8.7,36,1.6,230,0.02
2019,1,15,8,2.6,52,1.5,270,0.00
2019,1,15,9,4.2,48,0.7,290,0.33
2019,1,15,10,5.7,49,1.8,160,0.84
2019,1,15,11,6.5,50,3.2,340,1.37
2019,1,15,12,7.8,45,2.2,270,1.75
2019,1,15,13,8.7,39,3.9,290,1.96
2019,1,15,14,10.0,34,3.6,270,1.82
2019,1,15,15,9.3,36,4.6,230,1.32
2019,1,15,16,9.0,36,5.5,250,0.88
2019,1,15,17,8.4,38,4.5,270,0.49
2019,1,15,18,7.3,30,4.4,290,0.03
2019,1,16,8,-4.3,44,5.9,320,0.03
2019,1,16,9,-3.5,43,6.0,340,0.48
2019,1,16,10,-2.1,34,5.8,340,1.15
2019,1,16,11,-0.3,30,5.2,360,1.72
2019,1,16,12,1.4,26,4.5,340,2.12
2019,1,16,13,2.9,23,2.6,320,2.30
2019,1,16,14,4.1,21,2.2,320,2.19
2019,1,16,15,4.9,18,3.5,320,1.84
2019,1,16,16,5.0,17,3.5,270,1.29
2019,1,16,17,4.7,18,3.1,290,0.61
2019,1,16,18,2.6,16,1.6,360,0.04
2019,1,17,8,-0.8,51,1.5,110,0.03
2019,1,17,9,0.9,48,3.3,270,0.49
2019,1,17,10,2.3,46,3.1,250,1.16
2019,1,17,11,2.8,45,6.0,290,1.69
2019,1,17,12,4.0,42,4.5,320,2.07
2019,1,17,13,5.2,38,5.7,290,2.21
2019,1,17,14,5.8,37,4.3,290,2.09
2019,1,17,15,7.0,34,4.0,290,1.74
2019,1,17,16,7.1,34,4.4,290,1.24
2019,1,17,17,6.9,36,3.3,250,0.62
2019,1,17,18,5.0,38,4.4,340,0.07
2019,1,18,8,2.1,28,2.9,70,0.03
2019,1,18,9,3.4,25,6.0,360,0.53
2019,1,18,10,4.3,28,4.6,340,1.18
2019,1,18,11,5.3,30,3.9,340,1.75
2019,1,18,12,7.8,28,1.9,290,2.08
2019,1,18,13,7.9,27,4.2,360,2.25
2019,1,18,14,9.9,24,1.7,290,2.15
2019,1,18,15,10.1,25,4.4,290,1.82
2019,1,18,16,9.8,28,4.1,250,1.24
2019,1,18,17,10.2,27,1.4,270,0.61
2019,1,18,18,7.5,32,2.7,250,0.06
2019,1,19,8,5.3,37,1.8,340,0.02
2019,1,19,9,5.8,38,1.6,290,0.32
2019,1,19,10,8.6,34,2.8,270,1.12
2019,1,19,11,10.2,29,4.2,290,1.70
2019,1,19,12,10.9,27,5.1,250,2.08
2019,1,19,13,12.0,28,5.2,270,2.19
2019,1,19,14,10.6,32,5.0,250,1.56
2019,1,19,15,9.9,42,3.8,230,0.29
2019,1,19,16,9.5,56,1.2,230,0.26
2019,1,19,17,9.7,53,3.6,250,0.08
2019,1,19,18,9.6,54,3.0,290,0.00
2019,1,20,8,4.1,66,2.0,340,0.02
2019,1,20,9,5.7,63,2.8,140,0.40
2019,1,20,10,6.1,63,4.5,270,1.01
2019,1,20,11,7.6,55,4.5,270,1.60
2019,1,20,12,8.3,42,5.1,290,2.00
2019,1,20,13,9.5,34,4.1,320,2.19
2019,1,20,14,10.0,31,3.9,340,2.09
2019,1,20,15,10.2,31,4.3,360,1.73
2019,1,20,16,9.7,27,2.8,340,1.21
2019,1,20,17,8.5,25,3.7,270,0.57
2019,1,20,18,6.4,25,1.8,360,0.06
2019,1,21,8,-1.7,35,2.4,270,0.03
2019,1,21,9,-0.9,35,3.6,290,0.54
2019,1,21,10,0.8,33,3.5,270,1.21
2019,1,21,11,2.0,33,3.9,270,1.80
2019,1,21,12,3.7,32,4.0,290,2.17
2019,1,21,13,5.4,31,3.6,270,2.31
2019,1,21,14,6.2,35,5.0,250,2.21
2019,1,21,15,7.3,35,3.5,270,1.87
2019,1,21,16,7.1,33,5.7,250,1.32
2019,1,21,17,7.5,34,4.1,270,0.66
2019,1,21,18,5.9,38,5.2,290,0.06
2019,1,22,8,1.2,57,0.0,0,0.03
2019,1,22,9,3.0,51,0.1,0,0.51
2019,1,22,10,5.0,45,0.1,0,1.17
2019,1,22,11,6.4,40,2.1,20,1.75
2019,1,22,12,9.3,30,1.6,110,2.18
2019,1,22,13,9.9,31,1.3,320,2.32
2019,1,22,14,9.2,35,5.0,250,2.20
2019,1,22,15,10.1,34,4.5,250,1.87
2019,1,22,16,9.6,41,4.5,200,1.31
2019,1,22,17,8.7,45,4.5,250,0.63
2019,1,22,18,7.3,43,4.1,250,0.08
2019,1,23,8,2.9,61,3.0,290,0.03
2019,1,23,9,4.6,63,5.7,270,0.45
2019,1,23,10,6.6,50,3.6,270,1.12
2019,1,23,11,7.8,44,3.4,250,1.69
2019,1,23,12,8.4,43,4.5,250,2.02
2019,1,23,13,9.1,42,5.4,250,2.10
2019,1,23,14,9.8,39,5.3,250,1.98
2019,1,23,15,10.5,35,4.7,250,1.68
2019,1,23,16,10.5,34,5.6,270,1.17
2019,1,23,17,10.1,36,3.8,250,0.53
2019,1,23,18,9.1,39,3.2,250,0.06
2019,1,24,8,1.8,37,0.0,0,0.03
2019,1,24,9,3.2,35,2.1,360,0.47
2019,1,24,10,5.3,32,2.6,340,1.12
2019,1,24,11,6.7,31,3.0,320,1.69
2019,1,24,12,8.2,31,3.1,340,2.07
2019,1,24,13,10.3,29,2.5,270,2.24
2019,1,24,14,11.0,29,2.4,230,2.15
2019,1,24,15,10.5,36,3.5,200,1.78
2019,1,24,16,10.2,30,3.9,180,1.27
2019,1,24,17,9.5,35,3.0,200,0.63
2019,1,24,18,7.7,36,2.8,250,0.09
2019,1,25,8,2.9,20,2.9,340,0.01
2019,1,25,9,4.4,19,1.7,50,0.30
2019,1,25,10,6.1,18,2.0,140,0.95
2019,1,25,11,6.2,20,1.3,230,0.84
2019,1,25,12,7.1,20,3.1,270,1.78
2019,1,25,13,7.5,23,5.5,290,2.18
2019,1,25,14,6.9,25,5.0,320,1.15
2019,1,25,15,6.7,25,4.4,290,0.59
2019,1,25,16,6.9,26,2.4,340,0.61
2019,1,25,17,6.6,28,3.0,340,0.48
2019,1,25,18,5.5,30,5.2,290,0.07
2019,1,26,8,-2.6,34,5.6,360,0.04
2019,1,26,9,-1.2,31,3.2,360,0.56
2019,1,26,10,-0.4,28,4.4,360,1.28
2019,1,26,11,0.8,26,4.8,360,1.89
2019,1,26,12,3.0,23,4.3,360,2.25
2019,1,26,13,4.7,21,3.1,20,2.40
2019,1,26,14,4.9,20,4.7,360,2.33
2019,1,26,15,5.5,18,4.5,340,2.05
2019,1,26,16,5.7,17,2.7,360,1.50
2019,1,26,17,5.6,16,3.2,360,0.78
2019,1,26,18,2.9,18,3.4,360,0.12
2019,1,27,8,-0.3,25,1.0,340,0.05
2019,1,27,9,2.6,25,0.8,160,0.60
2019,1,27,10,3.5,22,1.9,340,1.33
2019,1,27,11,4.4,21,4.5,360,1.93
2019,1,27,12,7.0,18,2.4,320,2.31
2019,1,27,13,6.9,22,4.4,250,2.45
2019,1,27,14,7.8,22,4.5,250,2.37
2019,1,27,15,8.0,17,6.5,250,2.06
2019,1,27,16,8.9,20,3.7,250,1.48
2019,1,27,17,8.4,27,4.3,230,0.78
2019,1,27,18,6.1,31,2.0,270,0.13
2019,1,28,8,3.1,62,4.9,270,0.02
2019,1,28,9,4.0,64,5.3,270,6.00
2019,1,28,10,5.8,62,7.5,250,1.12
2019,1,28,11,7.9,58,5.1,270,1.84
2019,1,28,12,8.4,49,4.4,270,1.77
2019,1,28,13,9.5,36,5.4,270,1.93
2019,1,28,14,9.8,28,7.8,270,2.03
2019,1,28,15,10.5,23,3.5,320,1.81
2019,1,28,16,10.6,22,3.1,320,1.26
2019,1,28,17,9.5,24,4.0,320,0.63
2019,1,28,18,7.5,21,2.8,360,0.08
2019,1,29,8,0.0,40,0.8,230,0.04
2019,1,29,9,2.5,37,1.0,230,0.54
2019,1,29,10,5.6,34,0.9,270,1.20
2019,1,29,11,5.0,33,4.7,320,1.79
2019,1,29,12,7.7,32,2.4,320,2.14
2019,1,29,13,10.5,39,1.7,90,2.30
2019,1,29,14,10.5,49,2.9,110,2.21
2019,1,29,15,10.9,49,2.4,140,1.94
2019,1,29,16,11.2,45,1.5,200,1.40
2019,1,29,17,10.1,52,1.7,230,0.71
2019,1,29,18,7.7,56,1.8,230,0.12
2019,1,30,8,5.5,35,2.8,360,0.03
2019,1,30,9,6.8,32,3.1,360,0.53
2019,1,30,10,8.5,33,2.0,290,1.35
2019,1,30,11,9.4,26,3.1,270,1.44
2019,1,30,12,10.0,30,4.1,270,2.13
2019,1,30,13,10.8,29,4.5,250,2.37
2019,1,30,14,11.5,25,4.6,250,2.21
2019,1,30,15,13.4,22,4.6,230,2.14
2019,1,30,16,11.1,24,4.9,270,1.28
2019,1,30,17,10.8,24,4.6,250,0.47
2019,1,30,18,9.7,30,3.7,270,0.08
2019,1,31,8,3.2,93,1.6,50,0.00
2019,1,31,9,2.9,92,1.1,340,0.01
2019,1,31,10,1.7,94,4.1,340,0.09
2019,1,31,11,1.5,94,3.7,340,0.14
2019,1,31,12,1.4,93,3.0,360,0.18
2019,1,31,13,0.8,94,5.6,340,0.20
2019,1,31,14,0.6,95,5.6,340,0.22
2019,1,31,15,0.8,94,3.9,360,0.21
2019,1,31,16,1.2,94,2.9,20,0.28
2019,1,31,17,2.0,89,3.4,20,0.48
2019,1,31,18,1.6,78,2.9,140,0.15
2019,2,1,8,-3.3,49,5.0,160,0.06
2019,2,1,9,-1.4,48,4.7,140,0.61
2019,2,1,10,-0.2,49,4.0,140,1.32
2019,2,1,11,0.7,46,5.2,160,1.92
2019,2,1,12,2.0,47,3.5,340,2.35
2019,2,1,13,2.3,47,5.4,270,2.48
2019,2,1,14,4.7,45,2.0,180,2.41
2019,2,1,15,4.5,44,3.6,270,2.08
2019,2,1,16,4.7,43,5.2,250,1.55
2019,2,1,17,4.5,46,5.5,270,0.84
2019,2,1,18,3.1,49,3.8,270,0.15
2019,2,2,8,-1.0,57,1.7,360,0.06
2019,2,2,9,1.3,49,1.0,250,0.63
2019,2,2,10,2.4,50,4.2,250,1.34
2019,2,2,11,4.0,47,3.6,290,1.93
2019,2,2,12,5.4,43,2.2,270,2.31
2019,2,2,13,7.0,42,2.1,340,2.48
2019,2,2,14,7.2,41,4.2,250,2.40
2019,2,2,15,7.8,44,5.0,270,2.06
2019,2,2,16,8.2,47,3.5,270,1.46
2019,2,2,17,7.7,51,3.8,230,0.76
2019,2,2,18,6.6,58,5.1,270,0.13
2019,2,3,8,12.4,97,5.4,230,0.00
2019,2,3,9,13.0,97,5.0,250,0.00
2019,2,3,10,14.1,97,6.0,230,0.03
2019,2,3,11,14.3,92,6.7,270,0.26
2019,2,3,12,14.2,91,4.2,270,0.51
2019,2,3,13,14.1,91,4.4,270,0.64
2019,2,3,14,14.0,90,2.3,230,0.32
2019,2,3,15,13.9,90,6.8,270,0.22
2019,2,3,16,13.5,90,7.0,270,0.27
2019,2,3,17,13.3,86,7.8,270,0.29
2019,2,3,18,12.9,81,9.5,270,0.03
2019,2,4,8,3.6,28,3.5,20,0.06
2019,2,4,9,4.7,28,3.0,50,0.65
2019,2,4,10,6.4,22,2.0,50,1.34
2019,2,4,11,7.2,19,3.8,360,1.96
2019,2,4,12,9.3,18,2.6,360,2.35
2019,2,4,13,10.0,17,2.6,360,2.49
2019,2,4,14,9.5,17,4.8,290,2.44
2019,2,4,15,9.5,17,4.0,290,2.01
2019,2,4,16,9.6,16,4.4,360,1.37
2019,2,4,17,9.2,18,2.4,360,0.81
2019,2,4,18,7.5,18,3.1,340,0.19
2019,2,5,8,3.2,35,1.0,140,0.06
2019,2,5,9,6.1,32,1.1,70,0.61
2019,2,5,10,8.8,28,0.6,140,1.34
2019,2,5,11,11.4,26,1.0,110,1.92
2019,2,5,12,11.4,37,2.8,110,2.30
2019,2,5,13,12.7,36,2.3,110,2.45
2019,2,5,14,12.7,40,2.8,110,2.40
2019,2,5,15,12.2,43,3.2,140,2.05
2019,2,5,16,12.2,45,2.0,110,1.54
2019,2,5,17,11.9,42,1.9,230,0.84
2019,2,5,18,9.6,50,1.2,230,0.15
2019,2,6,8,6.9,34,2.1,340,0.08
2019,2,6,9,8.6,35,2.3,50,0.59
2019,2,6,10,11.7,32,1.5,50,1.36
2019,2,6,11,13.5,27,1.9,110,1.93
2019,2,6,12,15.0,25,1.4,140,2.35
2019,2,6,13,14.7,26,2.7,230,2.35
2019,2,6,14,14.5,31,3.9,200,2.38
2019,2,6,15,13.9,38,4.6,200,2.04
2019,2,6,16,13.7,35,4.5,230,1.42
2019,2,6,17,11.8,38,5.0,230,0.66
2019,2,6,18,11.2,53,3.9,230,0.13
2019,2,7,8,9.5,67,5.3,290,0.00
2019,2,7,9,9.6,63,4.7,290,0.05
2019,2,7,10,10.5,57,5.4,290,0.52
2019,2,7,11,11.1,53,4.9,290,1.11
2019,2,7,12,13.1,46,4.5,290,1.93
2019,2,7,13,13.3,47,3.5,360,1.72
2019,2,7,14,11.6,51,1.9,290,1.19
2019,2,7,15,11.0,48,2.2,340,0.77
2019,2,7,16,10.4,44,2.1,360,0.56
2019,2,7,17,9.3,36,3.8,360,0.32
2019,2,7,18,8.0,28,2.3,360,0.13
2019,2,8,8,-0.6,32,1.9,340,0.02
2019,2,8,9,1.1,31,2.6,50,0.31
2019,2,8,10,2.4,32,2.4,50,0.76
2019,2,8,11,4.5,34,3.3,50,1.62
2019,2,8,12,6.6,36,2.0,20,1.96
2019,2,8,13,8.1,35,1.8,20,2.44
2019,2,8,14,8.5,36,1.9,200,2.32
2019,2,8,15,7.8,40,2.8,250,2.02
2019,2,8,16,7.6,43,2.9,160,1.45
2019,2,8,17,6.6,44,3.1,90,0.80
2019,2,8,18,4.8,50,1.6,50,0.15
2019,2,9,8,1.1,33,2.7,360,0.02
2019,2,9,9,2.0,23,4.2,360,0.48
2019,2,9,10,3.6,25,2.8,140,0.97
2019,2,9,11,3.8,24,3.4,230,1.76
2019,2,9,12,4.7,22,2.9,320,2.29
2019,2,9,13,4.6,21,3.4,360,2.27
2019,2,9,14,4.7,22,3.5,290,1.95
2019,2,9,15,4.8,20,3.3,320,1.99
2019,2,9,16,5.0,21,3.3,340,1.60
2019,2,9,17,4.0,22,2.7,340,0.88
2019,2,9,18,2.6,24,3.3,360,0.16
2019,2,10,8,-0.5,43,1.1,290,0.10
2019,2,10,9,1.8,37,1.0,250,0.67
2019,2,10,10,5.0,37,1.3,50,1.30
2019,2,10,11,5.3,40,1.5,20,1.18
2019,2,10,12,7.7,47,2.0,20,1.95
2019,2,10,13,8.5,43,2.3,50,1.73
2019,2,10,14,9.2,50,2.0,90,1.67
2019,2,10,15,8.2,56,2.3,70,0.90
2019,2,10,16,7.7,57,1.9,90,0.46
2019,2,10,17,6.9,57,2.6,20,0.18
2019,2,10,18,6.5,56,1.6,20,0.04
2019,2,11,8,0.5,32,3.5,20,0.10
2019,2,11,9,1.2,23,2.5,20,0.71
2019,2,11,10,2.2,26,2.2,230,1.43
2019,2,11,11,2.8,25,2.8,340,2.03
2019,2,11,12,3.3,24,4.2,290,2.43
2019,2,11,13,4.4,24,4.9,290,2.62
2019,2,11,14,5.6,25,2.2,290,2.50
2019,2,11,15,5.9,24,3.2,340,2.09
2019,2,11,16,6.0,24,3.6,290,1.42
2019,2,11,17,5.5,23,3.2,290,0.87
2019,2,11,18,4.6,24,1.8,360,0.22
2019,2,12,8,0.0,31,3.8,160,0.08
2019,2,12,9,2.0,30,3.2,360,0.64
2019,2,12,10,2.8,33,6.3,360,1.36
2019,2,12,11,4.0,35,6.1,360,1.96
2019,2,12,12,5.5,33,2.7,320,2.39
2019,2,12,13,7.9,29,2.0,20,2.57
2019,2,12,14,7.2,29,4.4,290,2.47
2019,2,12,15,9.1,27,1.1,20,2.10
2019,2,12,16,8.7,31,1.6,200,1.52
2019,2,12,17,7.4,35,0.6,180,0.78
2019,2,12,18,5.6,39,1.6,160,0.17
2019,2,13,8,1.4,44,3.6,340,0.09
2019,2,13,9,2.5,37,4.0,340,0.67
2019,2,13,10,4.5,31,2.6,340,1.37
2019,2,13,11,6.1,28,2.7,290,1.96
2019,2,13,12,7.9,24,2.9,270,2.36
2019,2,13,13,8.3,24,3.5,320,2.52
2019,2,13,14,8.2,24,5.1,290,2.45
2019,2,13,15,8.7,24,4.4,290,2.09
2019,2,13,16,8.7,24,2.8,290,1.52
2019,2,13,17,8.2,25,1.9,20,0.84
2019,2,13,18,6.1,26,1.8,360,0.19
2019,2,14,8,2.7,54,2.7,50,0.03
2019,2,14,9,3.5,57,2.8,50,0.26
2019,2,14,10,5.8,55,3.5,50,0.95
2019,2,14,11,8.1,55,3.3,50,1.70
2019,2,14,12,9.6,49,3.1,50,1.75
2019,2,14,13,11.0,48,3.2,50,2.83
2019,2,14,14,10.0,50,2.6,70,1.76
2019,2,14,15,10.0,49,4.0,90,2.18
2019,2,14,16,9.2,49,2.0,70,1.18
2019,2,14,17,7.5,56,1.8,70,0.77
2019,2,14,18,5.9,60,2.9,50,0.14
2019,2,15,8,4.8,93,0.2,0,0.01
2019,2,15,9,6.1,90,0.6,200,0.34
2019,2,15,10,6.6,85,4.1,290,0.43
2019,2,15,11,7.1,84,4.6,270,0.57
2019,2,15,12,7.3,79,5.6,250,0.88
2019,2,15,13,8.5,62,4.6,270,1.29
2019,2,15,14,8.2,51,5.2,250,1.23
2019,2,15,15,8.4,48,6.1,290,1.01
2019,2,15,16,8.8,44,5.9,250,0.84
2019,2,15,17,8.5,41,5.7,250,0.50
2019,2,15,18,8.0,38,4.9,270,0.15
2019,2,16,8,2.0,54,3.8,160,0.11
2019,2,16,9,2.7,51,3.7,20,0.72
2019,2,16,10,3.7,47,2.6,360,1.47
2019,2,16,11,3.9,44,4.2,340,2.08
2019,2,16,12,5.1,39,2.5,340,2.49
2019,2,16,13,5.5,37,4.6,290,2.68
2019,2,16,14,6.6,31,5.6,290,2.58
2019,2,16,15,6.9,30,4.3,290,1.98
2019,2,16,16,7.3,30,3.5,320,1.65
2019,2,16,17,6.1,31,2.7,340,0.90
2019,2,16,18,4.2,30,2.6,360,0.17
2019,2,17,8,-1.3,41,2.3,340,0.16
2019,2,17,9,-0.3,39,3.6,320,0.87
2019,2,17,10,1.6,32,2.6,360,1.63
2019,2,17,11,2.6,29,4.9,290,2.26
2019,2,17,12,5.3,25,3.1,340,2.67
2019,2,17,13,5.9,24,3.9,360,2.84
2019,2,17,14,6.6,21,4.6,290,2.73
2019,2,17,15,7.8,20,4.5,290,2.38
2019,2,17,16,8.8,19,3.6,290,1.81
2019,2,17,17,8.4,18,3.8,290,1.10
2019,2,17,18,6.8,19,1.2,250,0.31
2019,2,18,8,3.5,20,3.6,360,0.06
2019,2,18,9,4.0,21,3.8,340,0.40
2019,2,18,10,5.3,21,0.9,360,0.91
2019,2,18,11,7.8,23,1.5,160,1.15
2019,2,18,12,9.6,21,1.7,160,1.86
2019,2,18,13,9.1,21,1.8,180,1.20
2019,2,18,14,9.8,17,1.5,200,0.93
2019,2,18,15,9.7,21,2.3,180,1.10
2019,2,18,16,8.6,27,3.2,200,0.47
2019,2,18,17,8.4,22,2.7,290,0.16
2019,2,18,18,8.1,25,3.2,270,0.03
2019,2,19,8,6.6,96,3.2,50,0.00
2019,2,19,9,7.1,96,3.1,50,0.02
2019,2,19,10,7.7,96,3.6,50,0.09
2019,2,19,11,8.0,96,2.8,50,0.12
2019,2,19,12,8.4,96,3.0,50,0.29
2019,2,19,13,9.2,96,1.2,360,0.73
2019,2,19,14,9.4,92,4.0,340,1.05
2019,2,19,15,9.0,89,4.2,340,1.38
2019,2,19,16,8.7,86,3.4,340,0.64
2019,2,19,17,8.7,85,3.7,320,0.29
2019,2,19,18,7.8,85,5.2,340,0.12
2019,2,20,8,3.1,65,2.6,90,0.15
2019,2,20,9,5.1,60,4.1,160,0.82
2019,2,20,10,6.4,55,2.6,20,1.55
2019,2,20,11,7.6,51,2.5,50,2.13
2019,2,20,12,7.3,49,4.3,340,2.50
2019,2,20,13,8.7,45,2.5,340,2.76
2019,2,20,14,9.5,42,3.5,320,2.66
2019,2,20,15,9.7,39,3.8,290,2.29
2019,2,20,16,10.1,37,2.2,320,1.62
2019,2,20,17,9.4,35,3.2,340,0.84
2019,2,20,18,7.9,37,2.8,340,0.28
2019,2,21,8,2.2,62,1.1,340,0.13
2019,2,21,9,4.6,54,0.9,320,0.73
2019,2,21,10,6.8,53,1.4,250,1.43
2019,2,21,11,8.2,49,2.9,270,2.04
2019,2,21,12,10.8,45,1.6,90,2.44
2019,2,21,13,11.6,49,2.5,110,2.58
2019,2,21,14,12.0,51,2.4,140,2.60
2019,2,21,15,11.7,51,3.1,140,2.31
2019,2,21,16,11.0,52,3.0,140,1.53
2019,2,21,17,10.1,56,1.8,90,0.81
2019,2,21,18,8.9,58,2.8,90,0.19
2019,2,22,8,6.2,70,0.5,90,0.12
2019,2,22,9,8.7,63,0.7,140,0.71
2019,2,22,10,11.2,52,1.7,50,1.24
2019,2,22,11,12.9,48,2.5,90,2.06
2019,2,22,12,13.8,45,2.8,140,2.55
2019,2,22,13,13.6,46,2.8,160,1.94
2019,2,22,14,12.2,52,2.5,140,1.60
2019,2,22,15,11.5,53,2.4,140,0.83
2019,2,22,16,10.9,55,2.5,110,0.48
2019,2,22,17,10.7,56,2.2,70,0.39
2019,2,22,18,10.2,58,2.2,90,0.07
2019,2,23,8,7.9,57,4.1,20,0.17
2019,2,23,9,8.4,56,4.6,20,0.53
2019,2,23,10,11.0,48,3.0,50,1.18
2019,2,23,11,12.0,45,4.1,20,1.98
2019,2,23,12,14.5,39,3.5,50,2.59
2019,2,23,13,14.6,36,3.1,70,2.90
2019,2,23,14,13.3,49,3.7,70,1.63
2019,2,23,15,12.2,50,3.1,50,1.03
2019,2,23,16,11.0,47,3.2,70,0.44
2019,2,23,17,11.5,54,3.3,50,1.13
2019,2,23,18,9.4,58,4.7,50,0.31
2019,2,24,8,6.4,61,0.7,160,0.20
2019,2,24,9,9.1,56,0.9,140,0.88
2019,2,24,10,11.0,45,1.2,70,1.59
2019,2,24,11,10.8,46,3.1,340,2.25
2019,2,24,12,12.4,39,0.4,0,2.67
2019,2,24,13,12.7,43,4.4,200,2.84
2019,2,24,14,11.9,45,5.6,200,2.74
2019,2,24,15,12.5,45,4.1,200,2.43
2019,2,24,16,12.1,47,3.9,200,1.82
2019,2,24,17,11.5,49,5.1,200,1.09
2019,2,24,18,10.4,55,4.2,250,0.34
2019,2,25,8,9.3,27,2.7,360,0.21
2019,2,25,9,9.8,32,3.6,340,0.98
2019,2,25,10,11.4,31,1.5,340,1.70
2019,2,25,11,13.6,32,0.6,270,2.27
2019,2,25,12,16.1,25,0.3,0,2.65
2019,2,25,13,15.4,33,1.6,200,2.72
2019,2,25,14,15.7,36,2.2,140,2.63
2019,2,25,15,15.2,42,3.3,110,2.24
2019,2,25,16,14.4,45,3.6,90,1.68
2019,2,25,17,12.8,60,3.6,70,0.88
2019,2,25,18,11.3,62,2.3,70,6.00
2019,2,26,8,7.2,72,0.0,0,0.17
2019,2,26,9,9.5,67,1.2,250,0.77
2019,2,26,10,10.9,63,1.7,340,1.46
2019,2,26,11,12.5,55,2.8,290,2.06
2019,2,26,12,14.0,46,1.9,340,2.63
2019,2,26,13,15.1,38,2.1,360,2.71
2019,2,26,14,15.5,29,2.2,290,2.51
2019,2,26,15,15.5,36,1.7,160,2.33
2019,2,26,16,14.0,38,3.0,200,1.73
2019,2,26,17,13.2,44,3.0,110,0.97
2019,2,26,18,11.7,51,2.5,110,0.28
2019,2,27,8,9.0,72,2.2,50,0.09
2019,2,27,9,8.8,75,1.9,50,0.13
2019,2,27,10,9.2,66,2.0,70,0.20
2019,2,27,11,10.1,59,3.2,70,0.38
2019,2,27,12,11.7,53,2.3,70,1.12
2019,2,27,13,12.2,55,1.9,90,1.09
2019,2,27,14,12.0,55,2.2,90,0.96
2019,2,27,15,12.7,57,3.4,110,1.23
2019,2,27,16,12.4,58,2.3,110,1.00
2019,2,27,17,11.5,60,1.2,110,0.49
2019,2,27,18,10.9,63,2.4,110,0.11
2019,2,28,8,8.3,69,2.1,340,0.19
2019,2,28,9,9.5,67,1.4,320,0.80
2019,2,28,10,10.9,62,3.7,340,1.55
2019,2,28,11,13.8,48,2.8,20,2.08
2019,2,28,12,15.6,43,3.7,50,2.58
2019,2,28,13,13.9,54,3.5,110,1.80
2019,2,28,14,14.1,52,2.6,90,1.38
2019,2,28,15,12.8,61,2.8,110,0.83
2019,2,28,16,12.4,60,3.5,90,0.45
2019,2,28,17,11.9,60,2.8,90,0.39
2019,2,28,18,11.2,59,2.5,90,0.27
2019,3,1,8,7.4,62,2.3,340,0.17
2019,3,1,9,9.2,50,1.5,180,0.66
2019,3,1,10,10.8,35,2.7,360,1.42
2019,3,1,11,11.5,36,3.9,290,2.13
2019,3,1,12,13.3,29,0.8,340,2.62
2019,3,1,13,15.1,24,1.3,360,2.66
2019,3,1,14,15.1,32,2.4,250,2.66
2019,3,1,15,14.6,26,4.5,250,2.36
2019,3,1,16,15.0,24,3.9,250,1.73
2019,3,1,17,14.4,23,3.4,270,1.01
2019,3,1,18,12.7,32,4.7,230,0.31
2019,3,2,8,8.1,61,0.8,230,0.19
2019,3,2,9,11.0,51,2.6,50,0.76
2019,3,2,10,13.3,48,2.5,50,1.40
2019,3,2,11,13.7,46,2.6,50,1.41
2019,3,2,12,13.8,46,4.0,90,1.92
2019,3,2,13,14.9,44,1.9,70,2.01
2019,3,2,14,13.8,47,3.4,90,1.78
2019,3,2,15,13.6,48,3.6,70,1.29
2019,3,2,16,12.7,50,3.3,70,1.00
2019,3,2,17,11.7,52,4.3,90,0.56
2019,3,2,18,11.1,51,3.9,90,0.23
2019,3,3,8,10.0,59,3.5,50,0.12
2019,3,3,9,11.2,56,3.0,50,0.48
2019,3,3,10,12.4,52,2.7,70,0.76
2019,3,3,11,13.9,45,3.0,70,1.36
2019,3,3,12,15.1,38,3.0,90,1.91
2019,3,3,13,14.3,43,2.2,90,1.67
2019,3,3,14,13.2,48,3.4,90,0.85
2019,3,3,15,12.8,54,2.3,70,0.58
2019,3,3,16,12.0,54,2.6,50,0.12
2019,3,3,17,11.8,54,1.9,70,0.04
2019,3,3,18,11.5,52,2.9,50,0.13
2019,3,4,8,9.4,62,2.5,360,0.22
2019,3,4,9,10.9,55,3.1,20,0.70
2019,3,4,10,12.1,51,1.5,50,1.07
2019,3,4,11,15.2,36,2.7,50,2.47
2019,3,4,12,16.3,34,1.4,90,2.73
2019,3,4,13,14.8,47,3.3,110,1.91
2019,3,4,14,15.0,45,4.3,110,2.54
2019,3,4,15,15.0,44,4.9,110,2.42
2019,3,4,16,14.6,53,3.9,110,1.96
2019,3,4,17,13.5,53,3.3,90,1.13
2019,3,4,18,11.9,56,3.9,90,0.35
2019,3,5,8,8.9,61,0.5,160,0.28
2019,3,5,9,11.1,51,0.6,160,0.74
2019,3,5,10,12.5,44,1.8,320,1.57
2019,3,5,11,14.2,36,2.7,290,2.08
2019,3,5,12,14.4,36,4.0,250,2.26
2019,3,5,13,15.6,35,4.1,200,2.09
2019,3,5,14,15.8,34,5.1,200,2.05
2019,3,5,15,14.5,53,4.4,250,1.40
2019,3,5,16,14.1,56,4.5,270,0.94
2019,3,5,17,13.9,50,4.0,270,0.56
2019,3,5,18,13.1,64,3.7,230,0.18
2019,3,6,8,11.1,60,0.0,0,0.04
2019,3,6,9,10.3,72,0.0,0,0.13
2019,3,6,10,10.2,76,0.0,0,0.37
2019,3,6,11,10.3,79,2.9,360,0.75
2019,3,6,12,9.7,77,3.6,340,0.48
2019,3,6,13,9.6,82,1.6,360,0.39
2019,3,6,14,10.5,81,1.4,50,0.62
2019,3,6,15,11.5,71,2.0,50,0.90
2019,3,6,16,13.8,61,1.4,20,1.69
2019,3,6,17,12.3,69,1.3,110,1.16
2019,3,6,18,10.7,72,1.7,90,0.27
2019,3,7,8,7.8,63,1.2,20,0.23
2019,3,7,9,8.7,60,2.0,20,0.69
2019,3,7,10,9.9,54,2.1,20,1.10
2019,3,7,11,12.0,46,2.2,50,1.54
2019,3,7,12,13.1,44,2.7,50,2.06
2019,3,7,13,13.2,41,2.8,50,1.78
2019,3,7,14,13.9,38,2.2,50,1.94
2019,3,7,15,12.9,41,1.5,70,1.18
2019,3,7,16,13.0,42,0.2,0,0.83
2019,3,7,17,11.2,50,4.2,110,0.97
2019,3,7,18,9.9,57,3.2,110,6.00
2019,3,8,8,7.5,71,0.7,110,0.30
2019,3,8,9,10.2,63,0.9,50,1.00
2019,3,8,10,12.4,53,1.7,140,1.73
2019,3,8,11,13.8,44,2.4,180,2.49
2019,3,8,12,14.4,44,4.0,200,2.48
2019,3,8,13,13.8,48,5.8,200,3.19
2019,3,8,14,13.4,53,5.9,200,2.90
2019,3,8,15,13.4,52,6.0,200,2.52
2019,3,8,16,13.4,52,4.8,200,1.93
2019,3,8,17,13.5,49,4.6,230,1.16
2019,3,8,18,12.6,55,5.1,230,0.45
2019,3,9,8,10.0,39,3.7,270,0.39
2019,3,9,9,11.7,48,3.8,270,1.20
2019,3,9,10,12.4,52,4.5,250,1.63
2019,3,9,11,14.1,51,3.1,230,2.28
2019,3,9,12,14.5,52,5.8,230,2.39
2019,3,9,13,14.2,54,5.9,230,2.86
2019,3,9,14,14.7,54,5.6,250,2.92
2019,3,9,15,14.8,58,5.2,230,2.31
2019,3,9,16,14.0,61,5.9,200,1.61
2019,3,9,17,14.2,60,4.7,230,1.15
2019,3,9,18,12.7,63,5.6,230,0.31
2019,3,10,8,7.9,94,3.9,50,0.02
2019,3,10,9,7.9,93,4.3,50,0.15
2019,3,10,10,8.2,93,4.5,50,0.28
2019,3,10,11,8.7,92,3.9,50,0.51
2019,3,10,12,8.8,92,3.8,50,0.20
2019,3,10,13,8.9,93,3.9,50,0.20
2019,3,10,14,8.9,92,5.6,20,0.31
2019,3,10,15,8.6,86,6.7,20,0.44
2019,3,10,16,8.6,82,6.0,20,0.24
2019,3,10,17,8.1,85,4.2,20,0.24
2019,3,10,18,8.0,86,4.6,50,0.11
2019,3,11,8,7.0,70,2.4,340,0.37
2019,3,11,9,8.7,60,3.5,290,1.15
2019,3,11,10,11.1,51,1.5,320,1.87
2019,3,11,11,13.5,46,3.3,200,2.45
2019,3,11,12,13.4,42,4.0,250,2.86
2019,3,11,13,13.8,51,5.7,200,3.03
2019,3,11,14,13.8,46,5.1,200,2.77
2019,3,11,15,13.7,45,5.4,200,2.09
2019,3,11,16,14.4,42,5.3,230,1.76
2019,3,11,17,13.4,46,6.9,270,1.16
2019,3,11,18,12.3,52,6.3,250,0.33
2019,3,12,8,7.6,69,3.7,270,0.39
2019,3,12,9,8.9,62,4.6,270,1.10
2019,3,12,10,9.8,58,4.4,250,1.90
2019,3,12,11,11.0,45,5.7,270,2.52
2019,3,12,12,12.4,34,6.1,250,2.90
2019,3,12,13,13.6,44,5.4,250,3.08
2019,3,12,14,13.9,32,6.8,270,2.97
2019,3,12,15,14.0,44,6.2,250,2.49
2019,3,12,16,13.7,40,7.4,270,1.84
2019,3,12,17,13.0,46,6.1,250,1.12
2019,3,12,18,11.9,50,5.7,250,0.37
2019,3,13,8,2.4,35,3.9,270,0.48
2019,3,13,9,3.6,33,4.0,250,1.30
2019,3,13,10,5.5,30,4.5,250,2.04
2019,3,13,11,6.2,31,7.3,250,2.63
2019,3,13,12,7.1,31,6.9,250,2.87
2019,3,13,13,8.0,31,6.2,250,2.51
2019,3,13,14,8.6,31,6.8,250,1.68
2019,3,13,15,8.8,29,6.0,290,0.96
2019,3,13,16,11.1,24,5.2,290,1.75
2019,3,13,17,10.8,19,6.3,290,1.39
2019,3,13,18,9.8,19,6.0,270,0.61
2019,3,14,8,4.2,28,3.8,160,0.42
2019,3,14,9,5.9,26,2.6,140,1.28
2019,3,14,10,7.3,20,1.9,180,2.07
2019,3,14,11,9.2,17,2.2,50,2.78
2019,3,14,12,11.6,16,1.7,290,3.11
2019,3,14,13,11.0,17,3.9,250,3.16
2019,3,14,14,11.5,21,5.6,230,3.07
2019,3,14,15,11.5,19,5.3,230,2.70
2019,3,14,16,11.0,27,6.6,200,2.15
2019,3,14,17,10.9,35,5.9,230,1.36
2019,3,14,18,10.7,37,5.1,230,0.54
2019,3,15,8,7.6,52,5.5,290,0.29
2019,3,15,9,7.8,54,4.5,270,0.45
2019,3,15,10,8.0,60,2.3,320,0.68
2019,3,15,11,9.9,47,2.3,340,1.84
2019,3,15,12,11.9,46,3.5,290,2.74
2019,3,15,13,11.8,47,6.2,250,3.00
2019,3,15,14,12.3,42,5.7,250,2.72
2019,3,15,15,13.2,41,6.3,250,2.68
2019,3,15,16,10.6,62,4.7,200,0.79
2019,3,15,17,6.1,85,1.6,70,0.02
2019,3,15,18,7.9,82,0.6,270,0.39
2019,3,16,8,4.2,62,3.9,290,0.50
2019,3,16,9,5.3,59,4.0,270,1.30
2019,3,16,10,6.8,54,4.9,290,2.07
2019,3,16,11,10.1,43,1.3,360,2.66
2019,3,16,12,12.1,39,2.8,200,2.92
2019,3,16,13,11.4,36,4.5,270,3.08
2019,3,16,14,12.1,29,4.4,230,2.90
2019,3,16,15,11.1,47,6.6,200,2.55
2019,3,16,16,11.4,46,6.5,200,1.96
2019,3,16,17,11.0,45,6.2,200,1.27
2019,3,16,18,10.5,44,6.3,270,0.50
2019,3,17,8,6.8,51,2.2,360,0.49
2019,3,17,9,8.1,48,3.5,360,1.34
2019,3,17,10,10.3,41,2.5,50,2.16
2019,3,17,11,10.9,40,2.2,340,2.72
2019,3,17,12,12.9,32,2.3,360,3.12
2019,3,17,13,13.0,31,3.0,320,3.27
2019,3,17,14,13.8,30,3.4,320,3.08
2019,3,17,15,14.5,27,4.6,290,2.75
2019,3,17,16,14.9,24,3.1,290,2.18
2019,3,17,17,13.4,41,4.1,230,1.39
2019,3,17,18,11.4,53,5.5,200,0.58
2019,3,18,8,10.7,57,3.2,230,0.46
2019,3,18,9,11.7,55,4.1,250,0.98
2019,3,18,10,12.3,54,5.8,230,1.78
2019,3,18,11,12.5,51,6.2,230,1.77
2019,3,18,12,13.7,47,5.1,230,2.68
2019,3,18,13,13.4,54,6.5,230,2.38
2019,3,18,14,12.6,58,6.8,250,1.62
2019,3,18,15,13.1,53,6.4,230,1.54
2019,3,18,16,12.6,55,6.1,230,0.78
2019,3,18,17,12.8,49,5.5,270,0.54
2019,3,18,18,12.3,56,6.3,230,0.26
2019,3,19,8,10.3,62,2.8,290,0.49
2019,3,19,9,12.5,38,2.4,340,1.28
2019,3,19,10,15.0,37,1.8,70,2.01
2019,3,19,11,16.5,29,2.6,360,2.56
2019,3,19,12,19.2,29,2.5,160,2.94
2019,3,19,13,16.7,43,5.3,200,3.10
2019,3,19,14,16.7,39,3.6,200,2.95
2019,3,19,15,17.4,32,3.5,200,2.44
2019,3,19,16,16.2,45,4.7,200,1.88
2019,3,19,17,15.6,44,3.6,200,1.13
2019,3,19,18,15.2,42,2.7,250,0.44
2019,3,20,8,12.8,53,0.8,290,0.42
2019,3,20,9,14.7,54,1.1,200,0.82
2019,3,20,10,15.7,62,2.9,230,1.18
2019,3,20,11,16.6,59,3.9,200,1.36
2019,3,20,12,17.2,62,3.9,200,1.96
2019,3,20,13,15.7,75,3.6,230,1.51
2019,3,20,14,15.3,82,3.0,200,0.66
2019,3,20,15,15.5,65,4.3,230,0.53
2019,3,20,16,16.1,43,5.2,230,0.53
2019,3,20,17,13.4,85,5.1,200,0.10
2019,3,20,18,13.0,82,6.7,250,0.04
2019,3,21,8,15.3,85,6.6,250,0.32
2019,3,21,9,16.2,79,6.1,270,1.14
2019,3,21,10,16.6,75,5.3,250,1.12
2019,3,21,11,18.1,68,4.6,250,2.54
2019,3,21,12,17.5,71,6.9,200,2.58
2019,3,21,13,17.9,67,7.1,200,2.86
2019,3,21,14,19.8,54,5.9,250,2.84
2019,3,21,15,19.8,51,4.0,230,2.19
2019,3,21,16,20.4,46,2.7,320,1.56
2019,3,21,17,18.4,48,3.2,290,0.89
2019,3,21,18,15.9,46,2.6,320,0.39
2019,3,22,8,5.7,56,5.5,340,0.30
2019,3,22,9,8.0,50,1.3,320,1.06
2019,3,22,10,9.6,47,3.4,340,2.01
2019,3,22,11,11.3,42,3.2,320,2.60
2019,3,22,12,12.8,38,2.5,340,3.06
2019,3,22,13,14.3,26,1.9,270,3.31
2019,3,22,14,13.7,46,3.9,140,3.06
2019,3,22,15,13.0,46,4.2,180,2.70
2019,3,22,16,12.5,50,3.7,200,2.11
2019,3,22,17,12.5,49,2.0,160,1.34
2019,3,22,18,11.0,57,3.0,110,0.57
2019,3,23,8,4.5,40,5.4,360,0.51
2019,3,23,9,6.6,34,3.0,360,1.35
2019,3,23,10,9.2,29,1.9,110,2.21
2019,3,23,11,10.1,27,3.0,320,2.87
2019,3,23,12,10.6,24,2.9,340,3.27
2019,3,23,13,11.7,20,5.4,270,3.43
2019,3,23,14,12.4,16,4.9,270,3.30
2019,3,23,15,11.8,20,6.7,270,2.47
2019,3,23,16,12.6,24,5.6,230,2.24
2019,3,23,17,10.9,34,4.9,230,0.89
2019,3,23,18,8.3,48,3.6,340,0.21
2019,3,24,8,3.4,41,2.8,320,0.71
2019,3,24,9,4.6,40,4.5,290,1.56
2019,3,24,10,6.4,34,2.6,360,2.34
2019,3,24,11,8.6,29,2.2,360,2.92
2019,3,24,12,9.6,27,2.2,270,3.30
2019,3,24,13,10.1,30,4.7,230,3.44
2019,3,24,14,10.0,36,6.2,200,3.29
2019,3,24,15,10.0,42,7.9,200,2.95
2019,3,24,16,10.1,51,6.8,230,2.32
2019,3,24,17,9.7,52,7.1,200,1.53
2019,3,24,18,9.6,46,7.2,230,0.71
2019,3,25,8,6.6,37,1.8,320,0.55
2019,3,25,9,8.1,34,3.1,320,1.04
2019,3,25,10,10.2,29,1.6,200,1.69
2019,3,25,11,10.4,34,3.5,270,1.79
2019,3,25,12,10.3,39,4.7,250,1.72
2019,3,25,13,11.1,37,6.1,250,2.19
2019,3,25,14,11.0,35,6.2,250,1.58
2019,3,25,15,11.8,37,4.7,250,1.50
2019,3,25,16,11.4,38,4.5,250,1.06
2019,3,25,17,11.2,38,4.7,250,0.62
2019,3,25,18,10.7,47,7.1,230,0.33
2019,3,26,8,10.1,44,1.2,320,0.57
2019,3,26,9,11.7,42,2.5,270,1.27
2019,3,26,10,13.7,40,3.3,270,2.00
2019,3,26,11,14.2,41,5.1,250,2.67
2019,3,26,12,16.8,36,2.5,270,3.08
2019,3,26,13,17.0,44,4.2,160,3.19
2019,3,26,14,16.6,53,6.0,200,3.06
2019,3,26,15,20.6,30,2.4,230,2.77
2019,3,26,16,20.5,25,3.7,270,2.18
2019,3,26,17,19.2,33,4.2,250,1.41
2019,3,26,18,16.3,51,3.2,200,0.61
2019,3,27,8,13.4,53,4.4,270,0.50
2019,3,27,9,15.0,49,5.5,270,1.31
2019,3,27,10,16.0,43,7.0,250,2.04
2019,3,27,11,17.5,39,5.8,250,2.62
2019,3,27,12,17.5,43,6.8,230,2.78
2019,3,27,13,18.2,32,7.6,230,3.04
2019,3,27,14,17.5,34,9.7,230,3.13
2019,3,27,15,17.2,43,9.0,250,2.74
2019,3,27,16,17.2,35,9.0,250,2.15
2019,3,27,17,15.7,51,10.9,250,1.39
2019,3,27,18,15.2,52,10.1,230,0.53
2019,3,28,8,12.6,72,2.6,50,0.50
2019,3,28,9,14.5,63,1.4,50,1.24
2019,3,28,10,14.5,65,3.4,110,1.12
2019,3,28,11,14.5,67,3.3,110,1.87
2019,3,28,12,15.5,60,4.4,90,2.95
2019,3,28,13,15.3,61,3.8,90,2.74
2019,3,28,14,14.2,66,3.9,110,2.17
2019,3,28,15,14.4,63,4.1,110,2.25
2019,3,28,16,14.0,66,3.7,90,1.60
2019,3,28,17,13.1,67,3.1,90,0.88
2019,3,28,18,12.3,70,2.1,70,0.38
2019,3,29,8,12.6,73,0.5,140,0.45
2019,3,29,9,14.6,65,2.4,200,1.03
2019,3,29,10,15.4,66,3.2,200,1.50
2019,3,29,11,16.3,60,3.6,200,1.66
2019,3,29,12,16.6,61,3.6,180,2.39
2019,3,29,13,16.5,65,5.2,200,3.02
2019,3,29,14,16.5,71,6.5,200,2.94
2019,3,29,15,16.3,66,7.2,200,2.64
2019,3,29,16,16.2,68,6.4,230,1.84
2019,3,29,17,15.4,73,6.3,230,0.84
2019,3,29,18,14.8,77,5.5,230,0.43
2019,3,30,8,10.7,80,3.5,250,0.04
2019,3,30,9,11.3,75,3.1,290,0.58
2019,3,30,10,11.9,65,3.7,270,1.35
2019,3,30,11,13.2,61,3.6,290,2.12
2019,3,30,12,15.0,53,2.9,320,3.01
2019,3,30,13,15.8,52,4.9,200,2.87
2019,3,30,14,15.1,54,6.6,200,2.96
2019,3,30,15,14.3,61,6.4,200,2.40
2019,3,30,16,15.0,55,4.6,230,1.70
2019,3,30,17,14.1,62,6.6,200,1.24
2019,3,30,18,14.4,51,5.5,230,0.62
2019,3,31,8,5.4,55,6.8,290,0.54
2019,3,31,9,6.4,50,5.4,270,1.39
2019,3,31,10,7.8,43,5.4,320,2.38
2019,3,31,11,9.6,36,3.3,340,2.90
2019,3,31,12,10.8,33,3.6,290,3.27
2019,3,31,13,12.1,25,4.0,340,3.52
2019,3,31,14,12.1,23,4.0,340,3.42
2019,3,31,15,12.6,24,3.8,340,2.94
2019,3,31,16,12.4,22,4.3,320,2.46
2019,3,31,17,12.4,22,2.3,360,1.64
2019,3,31,18,11.2,26,3.3,320,0.77
2019,4,1,8,4.6,36,2.2,360,0.79
2019,4,1,9,5.7,33,3.8,320,1.64
2019,4,1,10,7.2,30,3.8,320,2.37
2019,4,1,11,8.9,24,3.5,320,2.99
2019,4,1,12,10.3,24,4.1,320,3.33
2019,4,1,13,12.1,20,3.6,290,3.47
2019,4,1,14,13.7,19,2.9,340,3.21
2019,4,1,15,13.6,21,2.8,270,2.66
2019,4,1,16,12.4,21,2.9,320,1.56
2019,4,1,17,11.4,24,3.6,340,0.51
2019,4,1,18,11.2,27,3.6,360,0.46
2019,4,2,8,6.8,39,1.3,320,0.83
2019,4,2,9,7.8,29,3.9,320,1.71
2019,4,2,10,8.7,27,4.7,290,2.45
2019,4,2,11,10.3,25,3.3,360,3.03
2019,4,2,12,12.5,22,2.6,20,3.40
2019,4,2,13,12.8,22,3.3,320,3.52
2019,4,2,14,13.7,19,3.9,320,3.38
2019,4,2,15,14.9,20,2.2,360,2.98
2019,4,2,16,12.0,34,6.6,230,2.32
2019,4,2,17,11.8,43,6.6,250,1.55
2019,4,2,18,11.3,48,6.9,230,0.71
2019,4,3,8,7.6,28,2.4,340,0.82
2019,4,3,9,9.2,26,2.8,360,1.66
2019,4,3,10,10.8,23,3.1,320,2.41
2019,4,3,11,11.9,21,3.8,320,2.99
2019,4,3,12,13.2,27,4.2,110,3.33
2019,4,3,13,13.1,25,5.1,180,3.47
2019,4,3,14,12.8,23,4.7,180,3.33
2019,4,3,15,13.1,25,4.9,200,2.95
2019,4,3,16,13.1,28,5.6,230,2.38
2019,4,3,17,12.2,34,7.2,200,1.64
2019,4,3,18,11.7,34,7.9,250,0.77
2019,4,4,8,9.6,26,2.8,110,0.83
2019,4,4,9,11.4,19,2.8,290,1.68
2019,4,4,10,12.7,20,2.3,250,2.39
2019,4,4,11,14.5,20,3.7,270,2.98
2019,4,4,12,15.8,20,6.4,270,3.39
2019,4,4,13,15.5,31,6.9,200,3.49
2019,4,4,14,16.3,32,5.8,230,3.36
2019,4,4,15,16.4,36,6.9,200,2.95
2019,4,4,16,15.7,32,6.6,230,2.39
2019,4,4,17,14.6,32,6.4,230,1.62
2019,4,4,18,13.8,41,5.8,230,0.68
2019,4,5,8,11.1,34,6.8,250,0.69
2019,4,5,9,11.6,39,4.8,250,0.92
2019,4,5,10,13.0,32,6.8,250,2.28
2019,4,5,11,14.8,31,6.0,270,2.83
2019,4,5,12,15.1,44,6.6,200,3.23
2019,4,5,13,16.0,56,6.6,200,3.31
2019,4,5,14,16.7,56,6.5,230,3.05
2019,4,5,15,16.7,62,6.4,230,2.62
2019,4,5,16,16.3,64,7.2,230,2.02
2019,4,5,17,17.7,55,7.2,270,1.26
2019,4,5,18,17.1,58,6.0,270,0.54
2019,4,6,8,13.0,64,0.7,180,0.77
2019,4,6,9,15.0,59,2.5,200,1.55
2019,4,6,10,15.9,47,4.3,200,2.27
2019,4,6,11,17.0,48,2.5,160,2.89
2019,4,6,12,17.2,53,4.7,200,3.25
2019,4,6,13,16.4,55,5.5,200,3.37
2019,4,6,14,17.3,48,4.3,200,3.20
2019,4,6,15,17.9,41,5.1,230,2.79
2019,4,6,16,17.3,48,4.8,230,2.22
2019,4,6,17,16.5,47,3.7,200,1.42
2019,4,6,18,15.7,62,2.8,230,0.66
2019,4,7,8,13.5,69,0.0,0,0.44
2019,4,7,9,13.9,73,2.1,90,0.54
2019,4,7,10,14.9,72,2.3,110,1.04
2019,4,7,11,15.3,70,2.0,110,0.82
2019,4,7,12,14.4,72,3.8,110,0.73
2019,4,7,13,15.4,67,2.3,110,1.09
2019,4,7,14,15.9,62,2.8,90,1.31
2019,4,7,15,14.7,62,2.5,90,0.58
2019,4,7,16,12.4,83,2.8,70,0.01
2019,4,7,17,11.4,85,3.0,50,0.06
2019,4,7,18,10.5,88,2.8,70,0.00
2019,4,8,8,11.7,87,2.3,270,0.70
2019,4,8,9,14.2,76,1.9,180,1.55
2019,4,8,10,16.2,57,2.2,200,2.28
2019,4,8,11,17.4,41,2.7,250,2.89
2019,4,8,12,17.9,52,4.1,230,3.13
2019,4,8,13,17.6,51,5.1,230,2.95
2019,4,8,14,17.2,65,5.2,180,3.09
2019,4,8,15,17.4,55,4.5,200,2.81
2019,4,8,16,17.0,53,5.5,230,2.11
2019,4,8,17,15.5,59,3.1,70,1.33
2019,4,8,18,13.2,58,3.3,70,0.59
2019,4,9,8,11.8,50,4.2,70,0.69
2019,4,9,9,13.8,43,3.8,70,1.46
2019,4,9,10,14.2,45,3.3,70,1.98
2019,4,9,11,14.7,44,4.7,70,2.35
2019,4,9,12,15.1,45,4.7,70,3.10
2019,4,9,13,14.6,49,3.7,70,2.58
2019,4,9,14,14.4,48,4.5,70,2.04
2019,4,9,15,12.6,53,5.0,70,0.92
2019,4,9,16,11.9,56,5.4,70,0.22
2019,4,9,17,11.6,54,4.8,50,0.17
2019,4,9,18,11.4,58,5.7,50,0.05
2019,4,10,8,8.1,82,5.4,50,0.13
2019,4,10,9,8.6,81,4.1,50,0.31
2019,4,10,10,8.9,79,3.7,50,0.47
2019,4,10,11,10.2,75,4.5,50,1.00
2019,4,10,12,11.8,68,4.9,50,1.81
2019,4,10,13,11.5,68,3.5,50,1.44
2019,4,10,14,12.6,64,2.4,50,1.30
2019,4,10,15,12.2,66,2.0,50,0.77
2019,4,10,16,11.5,65,3.2,50,0.37
2019,4,10,17,11.1,65,2.6,20,0.20
2019,4,10,18,10.5,65,3.3,20,0.03
2019,4,11,8,10.4,59,1.8,50,0.95
2019,4,11,9,12.5,52,2.2,20,1.81
2019,4,11,10,13.6,48,2.2,50,2.10
2019,4,11,11,13.4,55,2.5,110,2.15
2019,4,11,12,12.8,60,3.1,110,1.95
2019,4,11,13,12.1,62,3.7,110,1.50
2019,4,11,14,11.7,60,3.2,90,0.86
2019,4,11,15,11.8,58,2.9,90,1.02
2019,4,11,16,11.6,58,3.1,90,0.88
2019,4,11,17,11.1,58,2.6,90,0.60
2019,4,11,18,10.7,60,1.4,70,0.31
2019,4,12,8,9.1,77,1.9,320,0.83
2019,4,12,9,10.9,68,2.0,290,1.60
2019,4,12,10,12.4,60,3.6,340,2.51
2019,4,12,11,14.1,44,4.8,290,3.04
2019,4,12,12,14.9,44,5.4,290,3.28
2019,4,12,13,16.4,40,3.3,110,2.45
2019,4,12,14,15.5,46,4.2,200,1.65
2019,4,12,15,15.6,40,2.6,140,1.39
2019,4,12,16,15.8,38,3.0,110,2.30
2019,4,12,17,14.7,44,4.7,200,1.56
2019,4,12,18,14.0,53,2.9,200,0.76
2019,4,13,8,12.9,60,0.5,70,0.77
2019,4,13,9,15.1,55,2.4,200,1.35
2019,4,13,10,15.5,62,4.0,200,1.99
2019,4,13,11,15.7,60,3.7,200,2.19
2019,4,13,12,15.7,57,4.2,200,1.65
2019,4,13,13,16.4,53,5.0,200,2.13
2019,4,13,14,16.7,48,5.2,200,2.37
2019,4,13,15,16.6,47,5.5,200,2.79
2019,4,13,16,16.7,37,5.8,230,2.38
2019,4,13,17,16.0,43,5.3,230,1.63
2019,4,13,18,15.4,39,5.2,230,0.85
2019,4,14,8,13.2,52,3.0,270,0.31
2019,4,14,9,13.9,52,3.3,230,0.76
2019,4,14,10,14.4,55,3.5,250,0.72
2019,4,14,11,14.3,59,4.8,250,0.95
2019,4,14,12,14.3,55,7.1,250,0.79
2019,4,14,13,14.1,57,6.0,250,0.61
2019,4,14,14,13.7,59,7.1,230,0.39
2019,4,14,15,13.7,64,6.3,250,0.43
2019,4,14,16,15.0,60,4.7,270,0.82
2019,4,14,17,14.7,60,6.5,270,0.85
2019,4,14,18,15.3,58,5.5,270,0.85
2019,4,15,8,10.2,35,2.8,20,1.06
2019,4,15,9,12.0,33,1.7,290,1.89
2019,4,15,10,13.8,26,2.0,360,2.59
2019,4,15,11,15.0,25,3.9,340,3.15
2019,4,15,12,17.8,23,2.4,340,3.47
2019,4,15,13,15.1,35,5.1,200,3.50
2019,4,15,14,16.4,32,2.7,200,3.29
2019,4,15,15,15.8,36,4.8,200,2.96
2019,4,15,16,14.7,42,5.5,200,2.41
2019,4,15,17,14.5,41,4.4,200,1.65
2019,4,15,18,13.8,48,4.5,230,0.84
2019,4,16,8,14.1,43,0.4,0,0.92
2019,4,16,9,17.9,33,0.7,140,1.82
2019,4,16,10,20.9,19,2.2,340,2.52
2019,4,16,11,20.1,31,2.7,230,3.12
2019,4,16,12,19.1,45,4.3,200,3.37
2019,4,16,13,19.1,35,5.3,200,3.17
2019,4,16,14,20.1,35,4.3,200,2.88
2019,4,16,15,19.2,43,3.7,200,2.66
2019,4,16,16,20.0,36,2.6,160,2.02
2019,4,16,17,18.3,40,3.3,180,1.07
2019,4,16,18,18.9,25,3.9,250,0.69
2019,4,17,8,15.5,56,2.8,230,0.27
2019,4,17,9,16.2,54,5.6,290,0.67
2019,4,17,10,17.7,51,3.7,320,1.42
2019,4,17,11,19.4,42,3.8,360,2.25
2019,4,17,12,22.0,33,2.2,360,2.97
2019,4,17,13,22.7,32,3.9,250,3.10
2019,4,17,14,22.9,28,4.6,270,2.68
2019,4,17,15,23.1,28,4.6,200,2.98
2019,4,17,16,22.8,26,4.2,200,2.44
2019,4,17,17,21.5,34,4.9,200,1.72
2019,4,17,18,20.2,36,4.4,230,0.88
2019,4,18,8,16.1,59,5.5,270,0.88
2019,4,18,9,17.3,54,6.4,270,1.80
2019,4,18,10,18.3,51,6.0,230,2.50
2019,4,18,11,19.0,53,6.2,200,3.09
2019,4,18,12,18.9,48,6.9,230,3.43
2019,4,18,13,19.3,48,7.7,230,3.53
2019,4,18,14,19.8,46,7.3,230,3.34
2019,4,18,15,18.7,56,7.2,230,2.97
2019,4,18,16,18.2,61,6.9,230,2.38
2019,4,18,17,17.9,63,6.7,230,1.60
2019,4,18,18,17.0,68,6.2,230,0.80
2019,4,19,8,14.4,69,4.0,50,0.52
2019,4,19,9,15.2,63,4.1,50,1.25
2019,4,19,10,16.3,57,3.8,50,1.59
2019,4,19,11,16.1,53,4.1,50,1.61
2019,4,19,12,15.7,57,2.8,70,1.48
2019,4,19,13,15.7,57,3.4,90,2.02
2019,4,19,14,14.8,57,3.2,70,1.33
2019,4,19,15,14.7,55,3.6,70,1.24
2019,4,19,16,14.5,54,3.1,90,1.37
2019,4,19,17,14.2,55,3.0,70,1.52
2019,4,19,18,12.7,59,2.8,70,0.26
2019,4,20,8,13.5,58,1.9,50,1.00
2019,4,20,9,15.5,55,2.7,140,1.79
2019,4,20,10,16.4,53,2.5,140,2.51
2019,4,20,11,16.9,57,3.7,200,3.06
2019,4,20,12,17.1,53,3.4,200,3.43
2019,4,20,13,17.7,52,4.1,200,3.52
2019,4,20,14,17.6,54,4.3,200,3.39
2019,4,20,15,17.4,58,4.6,200,3.00
2019,4,20,16,16.4,61,5.7,200,2.43
2019,4,20,17,16.6,62,5.0,200,1.71
2019,4,20,18,16.1,63,4.1,200,0.87
2019,4,21,8,17.6,59,1.0,50,0.89
2019,4,21,9,19.5,57,1.0,160,1.59
2019,4,21,10,19.3,56,1.6,230,2.32
2019,4,21,11,18.7,59,1.3,230,1.83
2019,4,21,12,19.6,56,3.1,200,1.13
2019,4,21,13,21.8,46,3.5,200,2.52
2019,4,21,14,20.9,59,3.9,200,2.71
2019,4,21,15,19.3,66,3.3,200,2.14
2019,4,21,16,19.9,56,4.3,200,1.90
2019,4,21,17,19.1,61,3.1,230,0.95
2019,4,21,18,18.7,60,2.5,250,0.47
2019,4,22,8,17.3,65,2.5,90,0.93
2019,4,22,9,19.0,61,3.0,90,1.72
2019,4,22,10,20.5,51,3.1,90,2.43
2019,4,22,11,21.7,47,3.2,90,3.03
2019,4,22,12,21.9,45,3.6,90,3.37
2019,4,22,13,21.2,52,4.1,90,3.46
2019,4,22,14,21.0,53,4.1,90,3.32
2019,4,22,15,20.2,51,3.5,90,3.01
2019,4,22,16,19.1,56,4.3,90,2.29
2019,4,22,17,18.0,61,3.7,90,1.43
2019,4,22,18,17.3,63,3.3,70,0.66
2019,4,23,8,16.7,54,1.5,90,0.61
2019,4,23,9,18.1,50,1.2,110,0.99
2019,4,23,10,19.5,45,1.2,110,1.26
2019,4,23,11,17.7,61,3.6,110,1.17
2019,4,23,12,18.1,64,2.0,90,1.06
2019,4,23,13,18.2,68,0.9,90,0.79
2019,4,23,14,17.9,76,1.1,200,0.56
2019,4,23,15,16.8,88,1.6,230,0.45
2019,4,23,16,16.4,90,2.3,110,0.27
2019,4,23,17,15.8,88,1.9,90,0.17
2019,4,23,18,15.9,89,2.1,70,0.13
2019,4,24,8,16.4,98,1.4,70,0.12
2019,4,24,9,16.8,98,1.3,70,6.00
2019,4,24,10,17.1,98,0.7,90,0.35
2019,4,24,11,17.8,98,0.5,140,0.63
2019,4,24,12,17.0,98,1.7,200,0.42
2019,4,24,13,17.8,98,3.6,200,0.65
2019,4,24,14,18.6,96,3.7,200,1.36
2019,4,24,15,19.2,91,2.1,230,1.51
2019,4,24,16,20.5,83,3.2,200,2.31
2019,4,24,17,17.0,93,4.9,200,0.92
2019,4,24,18,17.8,90,2.8,200,0.45
2019,4,25,8,14.4,75,3.8,50,0.37
2019,4,25,9,14.2,72,3.8,50,0.44
2019,4,25,10,13.9,77,2.6,50,0.28
2019,4,25,11,15.1,64,3.5,50,0.70
2019,4,25,12,15.8,58,2.6,50,0.66
2019,4,25,13,15.8,60,2.2,70,0.68
2019,4,25,14,16.2,56,2.2,70,0.80
2019,4,25,15,16.0,55,3.5,70,0.71
2019,4,25,16,16.2,55,1.9,70,0.61
2019,4,25,17,15.5,60,2.0,50,0.41
2019,4,25,18,14.8,66,3.7,20,6.00
2019,4,26,8,12.0,95,1.7,90,0.09
2019,4,26,9,12.3,94,1.6,90,0.22
2019,4,26,10,12.5,90,2.7,20,6.00
2019,4,26,11,13.0,85,2.7,50,0.54
2019,4,26,12,13.0,82,2.9,50,0.44
2019,4,26,13,13.0,78,3.2,50,0.42
2019,4,26,14,12.6,76,3.8,50,0.37
2019,4,26,15,12.7,75,2.3,50,0.46
2019,4,26,16,11.5,87,2.2,50,0.19
2019,4,26,17,10.6,91,3.3,50,0.16
2019,4,26,18,10.1,91,2.0,50,0.09
2019,4,27,8,11.0,58,3.4,20,1.25
2019,4,27,9,13.4,51,2.8,20,2.05
2019,4,27,10,14.3,48,1.4,20,2.48
2019,4,27,11,15.8,52,3.6,140,3.29
2019,4,27,12,14.0,53,3.5,200,2.02
2019,4,27,13,16.0,52,2.9,140,3.16
2019,4,27,14,15.6,51,2.8,110,3.70
2019,4,27,15,15.0,51,5.0,110,3.07
2019,4,27,16,14.3,54,4.6,110,1.82
2019,4,27,17,14.0,54,3.5,110,1.54
2019,4,27,18,13.3,52,3.7,90,0.71
2019,4,28,8,12.8,60,1.0,90,0.58
2019,4,28,9,13.4,58,1.1,20,0.57
2019,4,28,10,13.7,57,1.7,90,0.68
2019,4,28,11,13.5,59,1.9,110,0.45
2019,4,28,12,13.9,57,2.1,90,0.71
2019,4,28,13,15.2,53,3.0,140,1.29
2019,4,28,14,16.7,49,2.7,110,2.33
2019,4,28,15,16.5,47,3.1,110,2.87
2019,4,28,16,15.8,47,3.6,110,2.58
2019,4,28,17,15.2,51,3.4,110,1.83
2019,4,28,18,14.4,56,3.5,110,0.97
2019,4,29,8,13.0,77,2.0,20,0.09
2019,4,29,9,12.1,92,2.9,50,0.21
2019,4,29,10,12.4,94,2.5,50,0.24
2019,4,29,11,12.9,95,1.9,50,0.18
2019,4,29,12,13.4,96,2.1,50,0.36
2019,4,29,13,13.7,96,1.8,50,0.29
2019,4,29,14,13.6,96,3.6,50,0.28
2019,4,29,15,13.5,96,3.2,50,0.27
2019,4,29,16,13.3,96,4.0,50,0.29
2019,4,29,17,13.0,96,4.1,50,0.22
2019,4,29,18,13.0,96,3.5,50,0.13
2019,4,30,8,15.2,82,3.7,50,0.99
2019,4,30,9,16.8,77,2.6,50,1.57
2019,4,30,10,15.7,82,2.0,90,0.70
2019,4,30,11,16.7,75,1.3,50,0.76
2019,4,30,12,17.4,73,2.0,70,1.16
2019,4,30,13,17.6,73,1.8,50,1.15
2019,4,30,14,17.9,72,1.9,50,0.87
2019,4,30,15,18.7,73,2.0,90,1.62
2019,4,30,16,18.5,74,1.9,90,1.60
2019,4,30,17,16.8,79,1.7,90,0.96
2019,4,30,18,16.1,82,2.9,110,0.72
2019,5,1,8,14.8,89,0.8,290,0.31
2019,5,1,9,15.9,84,2.3,340,0.85
2019,5,1,10,16.6,76,2.6,360,1.23
2019,5,1,11,18.7,66,1.3,290,1.63
2019,5,1,12,19.6,61,2.4,290,1.85
2019,5,1,13,19.9,70,4.1,200,2.85
2019,5,1,14,19.6,68,4.2,180,2.38
2019,5,1,15,18.7,74,5.1,200,2.71
2019,5,1,16,19.5,68,5.4,180,2.37
2019,5,1,17,19.4,65,4.7,230,1.35
2019,5,1,18,18.9,58,4.7,270,0.31
2019,5,2,8,17.6,52,1.1,110,1.08
2019,5,2,9,18.8,49,1.8,200,1.86
2019,5,2,10,19.7,48,3.7,230,2.55
2019,5,2,11,19.2,52,4.4,200,3.10
2019,5,2,12,18.8,54,4.6,200,3.49
2019,5,2,13,19.2,58,5.7,200,3.62
2019,5,2,14,18.8,71,6.2,200,3.47
2019,5,2,15,20.2,52,5.9,230,3.07
2019,5,2,16,20.8,47,3.9,200,2.50
2019,5,2,17,20.2,46,4.8,230,1.80
2019,5,2,18,18.3,59,4.1,180,0.98
2019,5,3,8,19.4,33,1.2,140,1.25
2019,5,3,9,22.0,29,2.4,140,2.03
2019,5,3,10,23.1,28,2.3,140,2.70
2019,5,3,11,22.3,31,2.9,180,3.20
2019,5,3,12,22.9,32,3.3,200,3.52
2019,5,3,13,22.9,36,3.5,200,3.58
2019,5,3,14,21.2,57,4.4,110,3.41
2019,5,3,15,21.6,53,4.3,110,3.04
2019,5,3,16,20.8,52,3.8,110,2.46
2019,5,3,17,21.1,41,2.4,90,1.77
2019,5,3,18,20.0,52,1.6,90,0.96
2019,5,4,8,18.9,47,1.0,360,1.14
2019,5,4,9,21.6,37,1.4,110,1.94
2019,5,4,10,21.9,43,1.6,200,2.60
2019,5,4,11,22.4,40,2.0,200,3.07
2019,5,4,12,22.2,53,3.1,200,3.32
2019,5,4,13,22.2,52,2.5,200,3.25
2019,5,4,14,21.8,55,2.8,200,2.97
2019,5,4,15,22.3,50,2.3,200,2.63
2019,5,4,16,22.1,47,1.2,160,2.12
2019,5,4,17,21.8,44,1.7,180,1.67
2019,5,4,18,20.4,42,2.2,200,0.75
2019,5,5,8,18.6,58,2.2,200,1.09
2019,5,5,9,20.6,53,3.0,200,1.81
2019,5,5,10,21.4,41,4.5,250,2.23
2019,5,5,11,22.7,35,4.7,250,2.74
2019,5,5,12,22.0,47,3.6,200,2.95
2019,5,5,13,20.9,65,5.2,200,3.33
2019,5,5,14,20.6,66,5.8,200,3.46
2019,5,5,15,21.2,54,5.0,200,3.08
2019,5,5,16,21.2,58,4.2,200,2.49
2019,5,5,17,23.8,34,4.5,250,1.78
2019,5,5,18,22.9,33,5.7,250,0.99
2019,5,6,8,18.6,37,3.6,320,1.24
2019,5,6,9,20.8,45,3.2,90,1.94
2019,5,6,10,17.6,60,0.4,0,1.30
2019,5,6,11,17.9,66,2.6,90,1.29
2019,5,6,12,18.7,63,4.1,110,3.17
2019,5,6,13,18.5,59,3.8,90,3.59
2019,5,6,14,19.2,56,2.5,70,3.43
2019,5,6,15,18.1,56,3.2,90,3.06
2019,5,6,16,17.3,60,4.1,70,2.52
2019,5,6,17,16.0,63,4.2,70,1.67
2019,5,6,18,14.5,64,3.6,70,0.81
2019,5,7,8,13.3,60,3.6,340,1.32
2019,5,7,9,15.7,51,1.6,340,2.08
2019,5,7,10,17.2,37,3.5,360,2.79
2019,5,7,11,19.3,26,1.3,20,3.30
2019,5,7,12,19.4,38,3.0,200,3.61
2019,5,7,13,18.9,39,7.1,200,3.67
2019,5,7,14,17.9,51,6.0,200,3.54
2019,5,7,15,17.4,51,5.1,180,3.11
2019,5,7,16,17.1,51,5.8,200,2.52
2019,5,7,17,18.2,41,4.6,230,1.86
2019,5,7,18,16.7,45,6.1,230,1.06
2019,5,8,8,16.1,33,2.0,340,1.27
2019,5,8,9,18.8,33,1.7,230,2.02
2019,5,8,10,18.5,45,2.8,180,2.45
2019,5,8,11,19.5,37,4.9,200,2.71
2019,5,8,12,21.1,24,5.6,250,3.12
2019,5,8,13,21.4,32,4.5,250,2.83
2019,5,8,14,20.1,32,6.4,200,3.08
2019,5,8,15,18.9,38,5.4,230,1.68
2019,5,8,16,19.1,36,5.8,230,1.96
2019,5,8,17,19.3,31,6.1,250,1.35
2019,5,8,18,18.3,36,5.5,230,0.39
2019,5,9,8,17.7,30,1.4,340,0.97
2019,5,9,9,19.5,30,2.0,340,1.74
2019,5,9,10,21.2,30,2.7,270,2.46
2019,5,9,11,22.6,25,3.6,250,3.20
2019,5,9,12,20.2,37,5.0,200,3.54
2019,5,9,13,20.7,38,5.1,200,3.40
2019,5,9,14,20.9,37,5.5,160,2.65
2019,5,9,15,20.5,39,4.8,200,2.30
2019,5,9,16,20.8,43,4.2,200,2.54
2019,5,9,17,20.4,47,3.1,180,1.83
2019,5,9,18,20.2,41,4.0,200,1.01
2019,5,10,8,19.2,35,1.5,140,0.96
2019,5,10,9,20.9,33,1.1,140,1.61
2019,5,10,10,20.5,34,3.7,200,2.20
2019,5,10,11,21.5,35,4.4,200,2.48
2019,5,10,12,21.8,32,4.2,200,3.50
2019,5,10,13,22.0,35,5.0,200,3.65
2019,5,10,14,22.8,31,4.2,200,3.51
2019,5,10,15,22.3,30,2.5,200,2.81
2019,5,10,16,22.2,37,2.7,230,2.34
2019,5,10,17,20.8,34,2.5,200,1.39
2019,5,10,18,20.2,46,4.4,200,0.89
2019,5,11,8,17.1,50.1,2.7,230,1.02
2019,5,11,9,19.1,46.9,3.2,200,1.62
2019,5,11,10,22.5,29,3.1,200,2.76
2019,5,11,11,22.3,30,3.9,200,3.33
2019,5,11,12,23.7,26,2.8,180,3.67
2019,5,11,13,23.1,31,3.3,200,3.77
2019,5,11,14,23.8,41,4.0,180,3.61
2019,5,11,15,23.0,37,2.7,200,3.21
2019,5,11,16,23.1,50,3.3,200,2.67
2019,5,11,17,22.7,47,1.1,160,1.67
2019,5,11,18,22.0,53,0.8,140,0.97
2019,5,12,8,21.4,30,2.0,50,1.17
2019,5,12,9,23.7,26,2.8,70,2.03
2019,5,12,10,24.9,24,1.8,70,2.80
2019,5,12,11,24.9,25,3.6,110,3.28
2019,5,12,12,25.4,23,4.1,110,3.65
2019,5,12,13,25.7,27,3.5,110,3.75
2019,5,12,14,25.5,26,3.8,90,3.61
2019,5,12,15,24.7,34,3.6,110,3.24
2019,5,12,16,23.3,39,3.8,110,2.67
2019,5,12,17,23.0,38,2.9,90,1.93
2019,5,12,18,21.1,50,3.1,70,1.12
2019,5,13,8,18.4,59,2.2,110,1.23
2019,5,13,9,19.2,63,3.7,110,1.95
2019,5,13,10,20.0,62,3.3,110,2.58
2019,5,13,11,20.0,62,4.2,110,3.19
2019,5,13,12,20.0,65,4.8,110,3.45
2019,5,13,13,20.2,64,3.4,110,3.26
2019,5,13,14,20.2,65,3.5,110,3.18
2019,5,13,15,19.2,70,4.6,110,2.58
2019,5,13,16,18.9,69,3.6,110,1.72
2019,5,13,17,19.1,67,1.5,110,1.06
2019,5,13,18,18.9,69,1.0,110,0.42
2019,5,14,8,21.5,72,1.7,290,1.09
2019,5,14,9,21.0,73,4.3,200,1.99
2019,5,14,10,22.4,66,3.2,200,2.56
2019,5,14,11,24.2,60,4.6,200,3.02
2019,5,14,12,22.7,67,5.8,200,3.50
2019,5,14,13,22.9,67,5.1,200,3.63
2019,5,14,14,22.3,70,3.7,200,3.45
2019,5,14,15,21.6,77,5.1,230,3.08
2019,5,14,16,22.4,72,3.3,200,2.51
2019,5,14,17,21.6,72,3.4,200,1.22
2019,5,14,18,21.9,67,2.3,200,0.74
2019,5,15,8,22.3,64,1.3,90,1.11
2019,5,15,9,22.1,61,1.7,90,1.56
2019,5,15,10,22.5,59,2.2,110,1.94
2019,5,15,11,23.8,57,2.2,90,3.15
2019,5,15,12,24.1,57,1.4,90,3.39
2019,5,15,13,25.6,48,1.8,110,3.65
2019,5,15,14,24.6,54,3.0,110,3.49
2019,5,15,15,24.7,53,2.6,90,2.99
2019,5,15,16,24.6,51,2.2,110,2.32
2019,5,15,17,24.4,50,2.4,200,1.77
2019,5,15,18,24.0,53,1.5,200,1.20
2019,5,16,8,21.7,56,0.8,70,1.00
2019,5,16,9,23.9,56,2.1,140,2.01
2019,5,16,10,24.8,58,2.8,200,2.61
2019,5,16,11,24.9,62,2.9,200,3.13
2019,5,16,12,24.3,65,2.4,110,3.47
2019,5,16,13,25.1,58,2.6,90,3.62
2019,5,16,14,24.9,58,3.0,110,3.49
2019,5,16,15,25.4,49,2.3,70,2.92
2019,5,16,16,25.6,52,1.6,110,2.56
2019,5,16,17,25.6,49,2.0,50,1.84
2019,5,16,18,23.2,58,2.6,50,0.80
2019,5,17,8,22.4,62,2.1,90,1.29
2019,5,17,9,23.0,64,3.2,110,2.05
2019,5,17,10,22.7,71,3.6,110,2.69
2019,5,17,11,23.6,64,3.4,110,2.50
2019,5,17,12,22.8,67,3.2,110,3.09
2019,5,17,13,23.5,68,2.4,90,3.16
2019,5,17,14,22.4,69,3.0,90,2.15
2019,5,17,15,22.7,64,2.7,90,1.66
2019,5,17,16,22.4,64,3.4,110,1.59
2019,5,17,17,22.3,62,2.3,90,1.36
2019,5,17,18,21.7,63,2.8,110,0.68
2019,5,18,8,17.3,93,3.3,70,0.13
2019,5,18,9,17.3,93,3.4,50,0.28
2019,5,18,10,17.3,94,3.0,70,0.44
2019,5,18,11,17.0,95,4.1,110,0.50
2019,5,18,12,16.9,95,3.6,70,0.35
2019,5,18,13,17.1,96,3.3,70,0.39
2019,5,18,14,17.0,96,3.9,70,0.47
2019,5,18,15,16.7,96,3.3,70,0.32
2019,5,18,16,16.5,96,4.5,50,0.36
2019,5,18,17,16.9,94,3.8,50,0.15
2019,5,18,18,17.1,91,4.4,70,0.12
2019,5,19,8,20.4,71,2.5,70,0.46
2019,5,19,9,20.6,71,2.6,70,0.52
2019,5,19,10,21.4,72,2.6,70,1.05
2019,5,19,11,21.6,72,2.9,90,1.45
2019,5,19,12,21.1,73,4.0,90,1.37
2019,5,19,13,21.0,74,3.6,90,1.18
2019,5,19,14,20.2,83,3.5,90,0.95
2019,5,19,15,19.0,91,3.3,110,0.42
2019,5,19,16,18.4,95,6.3,140,0.24
2019,5,19,17,18.1,96,3.8,90,0.16
2019,5,19,18,18.3,95,3.3,70,0.07
2019,5,20,8,18.5,91,3.6,230,0.54
2019,5,20,9,19.7,86,4.4,250,1.41
2019,5,20,10,19.5,86,7.0,270,1.31
2019,5,20,11,19.7,84,6.1,270,0.83
2019,5,20,12,20.9,80,5.1,250,1.46
2019,5,20,13,21.0,78,5.4,250,1.72
2019,5,20,14,22.6,73,5.1,270,2.08
2019,5,20,15,23.0,59,4.2,290,1.91
2019,5,20,16,23.0,51,4.3,290,2.28
2019,5,20,17,22.4,34,4.7,320,1.99
2019,5,20,18,21.7,35,4.6,270,1.25
2019,5,21,8,15.4,38,4.0,340,1.53
2019,5,21,9,17.7,32,2.4,360,2.32
2019,5,21,10,19.7,32,2.2,320,2.97
2019,5,21,11,21.3,34,2.6,270,3.46
2019,5,21,12,21.5,43,3.4,180,3.71
2019,5,21,13,21.9,36,6.1,200,3.80
2019,5,21,14,20.8,44,7.1,200,3.67
2019,5,21,15,21.9,39,5.6,230,3.26
2019,5,21,16,21.0,48,7.4,230,2.68
2019,5,21,17,21.0,44,7.3,230,1.97
2019,5,21,18,20.9,48,4.2,230,1.17
2019,5,22,8,18.9,40,3.7,270,1.48
2019,5,22,9,21.2,33,3.0,250,2.26
2019,5,22,10,23.0,32,3.0,270,2.95
2019,5,22,11,22.6,46,4.4,200,3.45
2019,5,22,12,23.5,35,4.9,200,3.75
2019,5,22,13,24.2,38,5.0,200,3.85
2019,5,22,14,24.2,33,6.7,200,3.69
2019,5,22,15,24.0,31,6.1,200,3.33
2019,5,22,16,23.9,38,5.5,200,2.75
2019,5,22,17,22.2,48,4.9,200,2.00
2019,5,22,18,22.0,52,4.8,200,1.19
2019,5,23,8,20.1,59,6.2,270,1.30
2019,5,23,9,22.1,51,4.7,270,2.07
2019,5,23,10,22.2,60,4.0,200,2.67
2019,5,23,11,21.7,61,5.2,230,3.12
2019,5,23,12,22.0,58,5.6,200,3.54
2019,5,23,13,23.4,55,4.6,200,3.69
2019,5,23,14,25.3,44,5.2,230,3.58
2019,5,23,15,22.8,62,5.8,180,3.19
2019,5,23,16,22.8,58,5.1,200,2.58
2019,5,23,17,20.7,70,5.3,200,1.85
2019,5,23,18,20.2,74,3.5,200,1.12
2019,5,24,8,21.9,61,3.7,270,1.33
2019,5,24,9,23.8,52,3.0,230,2.08
2019,5,24,10,24.6,58,2.7,230,2.67
2019,5,24,11,23.3,64,3.6,200,3.12
2019,5,24,12,23.0,67,4.0,230,3.44
2019,5,24,13,22.2,68,5.1,200,3.50
2019,5,24,14,24.4,55,2.8,200,3.37
2019,5,24,15,24.1,56,4.7,180,2.99
2019,5,24,16,23.8,56,3.2,200,2.50
2019,5,24,17,22.5,62,4.8,200,1.82
2019,5,24,18,21.2,68,5.4,200,1.03
2019,5,25,8,24.4,42,2.2,340,1.19
2019,5,25,9,26.5,37,2.9,250,1.95
2019,5,25,10,27.1,36,3.7,250,2.25
2019,5,25,11,28.0,35,5.1,250,2.50
2019,5,25,12,28.9,30,5.4,250,2.62
2019,5,25,13,29.9,29,4.1,250,2.82
2019,5,25,14,26.5,45,3.3,230,2.41
2019,5,25,15,26.7,46,4.0,200,2.09
2019,5,25,16,26.4,44,3.3,230,1.94
2019,5,25,17,26.8,42,3.3,230,2.01
2019,5,25,18,23.3,52,3.3,230,0.89
2019,5,26,8,22.3,60,2.0,230,1.33
2019,5,26,9,22.4,65,2.0,230,2.11
2019,5,26,10,22.0,72,2.5,230,2.74
2019,5,26,11,23.9,57,3.9,200,3.29
2019,5,26,12,24.7,55,3.9,200,3.61
2019,5,26,13,25.2,48,4.3,200,3.69
2019,5,26,14,24.8,53,5.0,200,3.57
2019,5,26,15,24.3,52,5.9,230,2.93
2019,5,26,16,24.1,59,7.6,230,2.00
2019,5,26,17,23.6,65,6.7,230,1.17
2019,5,26,18,23.2,65,5.4,230,0.64
2019,5,27,8,19.1,93,5.7,230,0.15
2019,5,27,9,19.0,95,3.8,230,0.19
2019,5,27,10,18.7,96,4.4,200,0.08
2019,5,27,11,18.7,96,3.7,230,0.08
2019,5,27,12,18.7,96,6.9,230,0.10
2019,5,27,13,18.8,95,11.5,230,0.19
2019,5,27,14,18.7,95,13.5,230,0.14
2019,5,27,15,18.8,96,9.7,230,0.07
2019,5,27,16,18.7,96,7.3,230,0.06
2019,5,27,17,18.8,96,11.2,250,0.00
2019,5,27,18,19.2,96,10.3,230,0.00
2019,5,28,8,16.3,63,6.1,340,1.10
2019,5,28,9,17.1,61,3.7,360,1.14
2019,5,28,10,19.9,54,2.4,340,2.37
2019,5,28,11,21.5,48,1.7,70,2.58
2019,5,28,12,21.2,53,3.3,110,1.84
2019,5,28,13,22.0,48,3.4,140,2.56
2019,5,28,14,21.9,46,2.9,140,2.59
2019,5,28,15,20.9,49,2.7,110,2.34
2019,5,28,16,21.1,45,2.8,140,1.66
2019,5,28,17,19.7,41,2.1,110,0.90
2019,5,28,18,19.0,37,1.8,110,0.44
2019,5,29,8,19.5,39,2.8,270,1.44
2019,5,29,9,21.1,35,4.8,270,2.17
2019,5,29,10,22.8,33,4.8,270,2.87
2019,5,29,11,24.7,30,4.2,270,3.34
2019,5,29,12,25.4,32,3.9,200,3.69
2019,5,29,13,23.7,41,4.4,200,3.76
2019,5,29,14,22.0,59,5.4,200,3.61
2019,5,29,15,21.7,59,6.6,200,3.17
2019,5,29,16,23.9,45,5.8,230,2.62
2019,5,29,17,24.0,45,5.4,230,1.95
2019,5,29,18,22.5,57,5.8,230,1.22
2019,5,30,8,21.8,29,2.4,290,1.43
2019,5,30,9,24.0,29,1.4,290,2.01
2019,5,30,10,25.9,25,2.0,290,2.84
2019,5,30,11,25.2,29,4.4,200,3.37
2019,5,30,12,25.6,27,3.8,180,3.68
2019,5,30,13,25.8,27,4.7,200,3.74
2019,5,30,14,24.7,29,6.6,200,3.08
2019,5,30,15,25.3,24,5.7,230,2.41
2019,5,30,16,25.3,26,5.8,250,1.48
2019,5,30,17,25.2,28,3.3,230,1.14
2019,5,30,18,24.2,31,4.7,250,0.43
2019,5,31,8,15.5,74,2.7,270,0.15
2019,5,31,9,16.4,69,2.1,250,0.28
2019,5,31,10,16.8,68,3.3,250,0.42
2019,5,31,11,17.0,64,3.9,230,0.59
2019,5,31,12,19.0,55,5.9,230,2.18
2019,5,31,13,19.6,56,5.5,230,3.16
2019,5,31,14,19.8,56,6.2,200,3.61
2019,5,31,15,20.5,54,5.8,200,3.13
2019,5,31,16,21.2,53,5.4,230,2.71
2019,5,31,17,20.7,53,5.9,230,2.00
2019,5,31,18,19.7,58,6.3,230,1.23
2019,6,1,8,20.1,51,2.6,290,1.42
2019,6,1,9,21.4,49,2.7,320,2.01
2019,6,1,10,22.8,43,2.6,360,2.78
2019,6,1,11,23.3,40,2.3,360,2.81
2019,6,1,12,23.0,56,4.2,180,3.14
2019,6,1,13,23.2,52,5.0,200,3.71
2019,6,1,14,24.6,44,3.7,200,3.39
2019,6,1,15,22.1,51,4.9,200,2.33
2019,6,1,16,21.8,50,5.1,200,1.51
2019,6,1,17,21.9,49,3.9,230,1.30
2019,6,1,18,19.9,67,5.4,200,0.69
2019,6,2,8,20.3,61,1.1,250,1.08
2019,6,2,9,23.1,53,2.3,200,1.89
2019,6,2,10,24.3,51,2.6,200,2.73
2019,6,2,11,24.0,45,5.6,200,3.29
2019,6,2,12,24.0,42,5.1,200,3.58
2019,6,2,13,23.4,47,6.5,200,3.68
2019,6,2,14,23.8,46,4.1,200,3.38
2019,6,2,15,23.2,41,3.5,230,1.83
2019,6,2,16,23.5,37,3.0,200,1.41
2019,6,2,17,22.2,44,3.2,230,0.99
2019,6,2,18,22.7,46,2.2,200,1.19
2019,6,3,8,21.4,54,1.6,200,1.29
2019,6,3,9,23.7,49,2.7,200,2.02
2019,6,3,10,23.5,51,3.1,200,2.67
2019,6,3,11,24.0,50,3.4,200,3.17
2019,6,3,12,23.3,50,6.2,200,3.57
2019,6,3,13,25.0,48,5.2,200,3.68
2019,6,3,14,25.4,50,5.8,200,3.53
2019,6,3,15,24.8,51,5.5,200,3.17
2019,6,3,16,24.4,53,4.8,200,2.42
2019,6,3,17,23.4,57,4.1,230,1.61
2019,6,3,18,22.7,58,4.2,200,1.02
2019,6,4,8,24.7,60,2.2,340,1.28
2019,6,4,9,24.3,59,2.1,230,2.04
2019,6,4,10,24.4,58,2.0,250,2.69
2019,6,4,11,25.5,52,3.5,200,3.18
2019,6,4,12,24.3,54,5.0,200,3.42
2019,6,4,13,25.1,56,3.3,200,3.61
2019,6,4,14,25.8,60,4.1,200,3.50
2019,6,4,15,26.1,62,2.9,200,3.20
2019,6,4,16,25.5,66,3.3,200,2.68
2019,6,4,17,25.4,66,2.9,200,2.00
2019,6,4,18,24.9,69,3.9,200,1.19
2019,6,5,8,25.3,61,1.3,320,1.22
2019,6,5,9,27.4,49,1.6,160,1.91
2019,6,5,10,29.5,47,2.6,140,2.66
2019,6,5,11,27.3,50,4.7,110,3.22
2019,6,5,12,26.9,50,3.4,110,3.57
2019,6,5,13,27.3,44,3.5,110,3.64
2019,6,5,14,26.9,43,3.7,110,3.49
2019,6,5,15,26.6,44,2.9,110,3.13
2019,6,5,16,26.6,45,2.2,90,2.58
2019,6,5,17,26.2,46,3.2,110,1.89
2019,6,5,18,24.6,49,3.2,110,1.18
2019,6,6,8,22.4,68,1.2,230,1.22
2019,6,6,9,23.9,67,2.1,200,1.88
2019,6,6,10,23.2,71,3.8,200,2.13
2019,6,6,11,23.7,72,4.0,200,2.41
2019,6,6,12,24.6,68,4.2,200,3.10
2019,6,6,13,25.6,67,3.3,200,2.79
2019,6,6,14,26.4,61,3.1,200,3.05
2019,6,6,15,26.4,63,3.7,200,2.51
2019,6,6,16,25.3,67,3.0,230,1.50
2019,6,6,17,24.8,71,2.2,230,0.55
2019,6,6,18,23.5,76,2.7,200,0.19
2019,6,7,8,19.0,92,1.6,50,0.24
2019,6,7,9,19.3,92,1.4,200,0.35
2019,6,7,10,18.6,95,3.0,200,0.23
2019,6,7,11,18.7,96,2.6,230,0.26
2019,6,7,12,19.0,96,0.9,250,0.52
2019,6,7,13,19.2,96,0.2,0,0.30
2019,6,7,14,19.8,95,1.2,140,0.46
2019,6,7,15,19.6,95,0.8,70,0.31
2019,6,7,16,20.0,94,1.6,20,0.26
2019,6,7,17,19.5,91,1.7,50,0.13
2019,6,7,18,19.2,86,3.2,50,0.16
2019,6,8,8,20.4,74,1.4,140,0.89
2019,6,8,9,20.8,73,2.5,110,1.22
2019,6,8,10,21.7,71,3.2,140,2.81
2019,6,8,11,21.3,73,4.2,110,2.67
2019,6,8,12,21.0,72,3.0,110,1.57
2019,6,8,13,21.8,68,3.0,90,1.67
2019,6,8,14,21.8,71,3.6,110,2.43
2019,6,8,15,21.3,73,3.2,110,2.53
2019,6,8,16,21.3,70,2.8,90,2.42
2019,6,8,17,20.8,72,3.2,90,2.04
2019,6,8,18,19.1,76,3.1,90,0.73
2019,6,9,8,18.6,70,2.4,50,0.91
2019,6,9,9,18.9,69,3.2,70,0.89
2019,6,9,10,19.9,65,2.2,70,1.19
2019,6,9,11,20.6,62,3.5,70,1.77
2019,6,9,12,21.5,59,2.8,50,2.89
2019,6,9,13,21.6,62,2.8,70,2.03
2019,6,9,14,21.6,64,3.3,90,2.03
2019,6,9,15,20.8,67,3.0,90,1.73
2019,6,9,16,21.0,68,3.2,90,2.05
2019,6,9,17,20.7,68,3.9,90,2.08
2019,6,9,18,20.2,67,2.8,70,1.25
2019,6,10,8,19.4,65,2.4,20,1.12
2019,6,10,9,21.0,61,2.7,70,1.79
2019,6,10,10,22.7,53,2.2,70,2.50
2019,6,10,11,21.4,59,2.3,70,1.74
2019,6,10,12,21.2,61,3.3,90,1.56
2019,6,10,13,20.9,65,3.1,90,1.19
2019,6,10,14,20.7,61,3.9,90,1.23
2019,6,10,15,21.1,64,3.6,90,2.04
2019,6,10,16,20.9,64,4.0,90,1.64
2019,6,10,17,21.2,60,3.1,90,1.69
2019,6,10,18,20.2,64,2.7,50,1.13
2019,6,11,8,19.6,64,2.3,20,1.38
2019,6,11,9,20.1,61,2.5,50,1.61
2019,6,11,10,21.8,53,1.7,50,2.24
2019,6,11,11,19.4,70,3.9,110,1.49
2019,6,11,12,19.9,68,3.0,110,1.55
2019,6,11,13,19.4,70,3.0,110,0.94
2019,6,11,14,19.3,70,2.3,110,0.34
2019,6,11,15,20.0,69,3.8,110,1.76
2019,6,11,16,20.2,69,2.5,90,1.12
2019,6,11,17,20.7,66,1.8,90,1.50
2019,6,11,18,19.4,71,2.3,70,0.86
2019,6,12,8,18.8,70,2.0,140,0.76
2019,6,12,9,19.8,67,2.7,200,1.10
2019,6,12,10,21.6,63,2.8,160,2.41
2019,6,12,11,21.7,64,2.7,140,2.49
2019,6,12,12,21.6,66,3.1,110,3.13
2019,6,12,13,21.0,68,4.1,110,2.44
2019,6,12,14,21.6,65,4.3,110,3.68
2019,6,12,15,21.8,65,4.2,110,3.46
2019,6,12,16,21.9,64,2.8,110,2.62
2019,6,12,17,21.3,67,3.5,140,2.00
2019,6,12,18,19.9,68,4.0,110,1.19
2019,6,13,8,19.9,71,0.9,70,1.30
2019,6,13,9,20.9,70,3.6,110,2.20
2019,6,13,10,21.5,69,3.5,140,2.88
2019,6,13,11,21.3,70,4.7,110,3.37
2019,6,13,12,21.5,68,4.0,110,3.70
2019,6,13,13,22.2,66,3.3,110,3.81
2019,6,13,14,22.1,61,5.0,110,3.72
2019,6,13,15,22.1,67,3.7,110,3.38
2019,6,13,16,22.4,64,3.3,110,2.69
2019,6,13,17,22.2,60,1.2,90,1.69
2019,6,13,18,22.2,58,1.0,90,0.98
2019,6,14,8,20.0,73,0.2,0,6.00
2019,6,14,9,20.6,72,1.3,140,0.33
2019,6,14,10,21.8,69,1.7,50,0.53
2019,6,14,11,22.9,73,1.7,70,1.08
2019,6,14,12,23.0,74,2.1,110,1.13
2019,6,14,13,23.5,71,2.0,90,1.48
2019,6,14,14,22.6,75,1.5,90,0.77
2019,6,14,15,21.0,81,2.7,110,0.21
2019,6,14,16,20.4,92,2.0,50,0.20
2019,6,14,17,19.4,94,2.9,20,0.12
2019,6,14,18,18.7,90,4.1,20,0.12
2019,6,15,8,18.4,80,2.4,360,0.62
2019,6,15,9,19.3,80,4.1,340,1.20
2019,6,15,10,22.0,70,2.2,20,2.33
2019,6,15,11,24.1,58,1.4,360,2.90
2019,6,15,12,25.1,53,1.6,360,3.03
2019,6,15,13,23.8,60,4.5,200,2.89
2019,6,15,14,24.5,57,2.3,180,2.35
2019,6,15,15,24.8,55,2.0,160,2.06
2019,6,15,16,22.2,72,3.8,200,1.73
2019,6,15,17,21.1,75,4.2,200,1.00
2019,6,15,18,22.1,64,2.2,160,0.94
2019,6,16,8,20.5,75,2.7,320,1.27
2019,6,16,9,22.5,64,1.4,160,1.90
2019,6,16,10,22.9,67,3.5,140,2.49
2019,6,16,11,22.6,64,3.9,140,3.36
2019,6,16,12,22.8,67,3.0,110,3.35
2019,6,16,13,22.8,68,3.0,140,2.42
2019,6,16,14,21.9,72,3.0,110,1.61
2019,6,16,15,22.0,69,4.3,110,2.08
2019,6,16,16,21.2,73,3.7,110,1.61
2019,6,16,17,20.7,72,2.6,90,0.69
2019,6,16,18,19.9,74,3.5,110,0.35
2019,6,17,8,20.9,73,2.5,200,1.09
2019,6,17,9,21.2,74,2.9,200,1.36
2019,6,17,10,21.2,74,4.8,200,1.94
2019,6,17,11,22.1,72,3.1,200,1.71
2019,6,17,12,22.5,72,5.1,200,2.41
2019,6,17,13,22.8,72,6.1,200,3.33
2019,6,17,14,23.3,72,6.3,200,3.59
2019,6,17,15,23.8,70,5.5,230,3.24
2019,6,17,16,23.9,66,4.9,230,2.65
2019,6,17,17,23.0,73,4.9,200,1.95
2019,6,17,18,21.5,78,6.1,200,1.03
2019,6,18,8,21.2,77,3.2,250,0.48
2019,6,18,9,21.5,78,3.8,270,0.72
2019,6,18,10,22.7,73,3.3,270,1.09
2019,6,18,11,23.0,72,3.3,200,1.32
2019,6,18,12,23.3,69,2.1,250,1.19
2019,6,18,13,23.1,74,3.4,180,1.38
2019,6,18,14,22.9,78,2.2,230,0.71
2019,6,18,15,24.0,67,5.0,250,1.21
2019,6,18,16,24.3,65,4.6,250,1.36
2019,6,18,17,22.9,71,4.7,200,0.61
2019,6,18,18,23.2,68,3.1,200,0.46
2019,6,19,8,23.0,74,1.0,140,1.05
2019,6,19,9,24.8,67,0.7,360,1.72
2019,6,19,10,25.0,71,2.4,200,2.18
2019,6,19,11,27.0,64,1.6,140,2.82
2019,6,19,12,26.4,60,3.7,110,3.24
2019,6,19,13,26.6,59,3.8,110,3.13
2019,6,19,14,26.6,63,2.3,200,3.14
2019,6,19,15,26.8,65,2.9,200,2.72
2019,6,19,16,26.6,61,2.6,200,2.32
2019,6,19,17,25.9,61,2.4,200,1.69
2019,6,19,18,24.2,68,2.2,200,0.55
2019,6,20,8,24.2,69,1.7,290,1.08
2019,6,20,9,26.2,59,2.7,200,1.90
2019,6,20,10,27.3,55,1.0,200,2.55
2019,6,20,11,26.4,64,3.4,200,3.13
2019,6,20,12,27.0,60,4.1,180,3.33
2019,6,20,13,26.2,62,5.7,200,3.24
2019,6,20,14,25.8,67,4.7,200,2.98
2019,6,20,15,26.3,62,5.0,200,3.07
2019,6,20,16,26.0,67,5.0,200,2.44
2019,6,20,17,24.1,76,4.5,200,1.33
2019,6,20,18,23.5,78,3.8,200,0.77
2019,6,21,8,22.5,77,3.5,200,1.21
2019,6,21,9,24.5,67,0.9,230,1.85
2019,6,21,10,23.8,76,5.1,200,2.63
2019,6,21,11,23.8,76,5.4,200,3.11
2019,6,21,12,25.2,70,4.9,200,3.40
2019,6,21,13,26.3,62,4.5,200,3.53
2019,6,21,14,26.5,60,3.2,200,2.76
2019,6,21,15,25.7,62,4.7,200,3.15
2019,6,21,16,25.5,62,4.4,200,2.63
2019,6,21,17,24.7,65,5.7,200,1.87
2019,6,21,18,24.5,68,2.0,160,1.23
2019,6,22,8,21.1,67,3.1,50,0.95
2019,6,22,9,22.5,64,2.3,50,1.86
2019,6,22,10,23.6,60,2.5,70,2.14
2019,6,22,11,24.6,58,2.0,70,2.93
2019,6,22,12,24.1,60,3.2,90,3.48
2019,6,22,13,24.2,59,3.3,90,3.18
2019,6,22,14,23.8,61,4.5,90,3.72
2019,6,22,15,23.6,64,3.7,110,3.29
2019,6,22,16,23.5,64,4.1,90,2.71
2019,6,22,17,22.8,65,3.5,90,2.06
2019,6,22,18,21.4,69,3.3,70,1.03
2019,6,23,8,21.1,68,1.7,50,0.88
2019,6,23,9,20.9,70,2.4,110,0.91
2019,6,23,10,22.6,64,2.6,90,2.26
2019,6,23,11,23.6,60,3.1,70,3.15
2019,6,23,12,23.1,63,3.1,110,2.70
2019,6,23,13,22.4,64,3.0,110,1.54
2019,6,23,14,24.3,57,2.8,70,2.89
2019,6,23,15,24.8,52,2.7,70,2.09
2019,6,23,16,24.1,61,2.7,110,2.64
2019,6,23,17,23.5,63,1.8,70,1.55
2019,6,23,18,22.6,66,2.2,70,1.35
2019,6,24,8,22.2,61,1.3,50,1.24
2019,6,24,9,24.0,60,2.9,140,2.14
2019,6,24,10,24.2,61,3.2,140,2.84
2019,6,24,11,23.1,64,3.9,140,3.27
2019,6,24,12,23.1,68,4.0,110,3.04
2019,6,24,13,22.9,66,3.5,140,3.15
2019,6,24,14,23.6,65,4.5,110,2.83
2019,6,24,15,23.0,65,3.9,110,3.20
2019,6,24,16,23.4,65,3.6,140,2.71
2019,6,24,17,23.0,65,2.7,110,2.03
2019,6,24,18,21.5,74,3.9,110,1.27
2019,6,25,8,22.0,74,1.8,110,1.17
2019,6,25,9,22.8,74,3.4,110,2.05
2019,6,25,10,22.9,74,3.4,110,2.63
2019,6,25,11,22.2,75,4.4,110,2.12
2019,6,25,12,22.9,72,4.3,110,2.30
2019,6,25,13,23.7,70,4.2,110,3.65
2019,6,25,14,23.3,67,4.6,110,2.83
2019,6,25,15,25.3,51,2.3,110,2.55
2019,6,25,16,26.2,50,2.4,90,2.79
2019,6,25,17,26.4,51,2.6,90,1.97
2019,6,25,18,26.2,45,2.5,90,1.56
2019,6,26,8,21.6,71,2.8,50,0.16
2019,6,26,9,21.2,85,2.5,70,0.19
2019,6,26,10,20.6,93,2.4,70,0.20
2019,6,26,11,20.5,95,1.7,70,0.12
2019,6,26,12,20.5,96,1.4,50,0.13
2019,6,26,13,21.0,96,0.9,70,0.20
2019,6,26,14,21.0,96,1.3,50,0.18
2019,6,26,15,21.1,96,1.8,70,0.18
2019,6,26,16,21.0,97,2.1,70,0.14
2019,6,26,17,20.9,97,1.7,70,0.05
2019,6,26,18,20.8,97,2.4,70,0.01
2019,6,27,8,21.9,98,1.4,70,0.13
2019,6,27,9,22.4,98,0.8,50,0.20
2019,6,27,10,22.5,98,0.7,70,0.33
2019,6,27,11,23.1,98,0.4,0,0.55
2019,6,27,12,23.8,97,3.3,200,1.33
2019,6,27,13,23.6,94,3.3,200,1.69
2019,6,27,14,23.6,93,3.2,200,0.92
2019,6,27,15,23.7,92,3.3,200,1.35
2019,6,27,16,23.6,92,4.7,200,1.46
2019,6,27,17,23.8,89,2.9,200,1.24
2019,6,27,18,23.9,89,4.2,200,1.13
2019,6,28,8,21.7,94,2.1,50,0.17
2019,6,28,9,22.0,91,2.7,70,0.54
2019,6,28,10,22.0,89,3.1,90,0.61
2019,6,28,11,22.4,87,1.8,70,0.72
2019,6,28,12,22.4,85,2.4,70,0.77
2019,6,28,13,22.8,85,1.8,90,0.93
2019,6,28,14,23.8,79,1.8,90,1.32
2019,6,28,15,25.0,73,3.1,110,2.82
2019,6,28,16,24.5,74,2.9,110,2.18
2019,6,28,17,24.4,75,2.8,110,2.12
2019,6,28,18,23.2,81,3.2,110,1.11
2019,6,29,8,22.2,86,1.8,200,0.43
2019,6,29,9,22.3,85,1.8,270,0.40
2019,6,29,10,21.0,93,1.9,290,0.24
2019,6,29,11,20.6,96,0.5,160,0.24
2019,6,29,12,20.6,96,0.9,50,0.44
2019,6,29,13,20.3,97,1.1,70,0.30
2019,6,29,14,20.2,98,1.0,70,0.28
2019,6,29,15,20.3,98,2.1,90,0.19
2019,6,29,16,20.4,98,1.5,70,0.14
2019,6,29,17,20.4,98,2.3,70,0.05
2019,6,29,18,20.4,98,2.1,50,0.00
2019,6,30,8,22.8,91,2.2,290,0.70
2019,6,30,9,24.0,81,1.4,290,1.32
2019,6,30,10,25.4,74,1.2,200,1.36
2019,6,30,11,26.7,72,1.9,200,2.18
2019,6,30,12,27.3,73,3.1,200,3.36
2019,6,30,13,25.3,82,5.0,200,2.21
2019,6,30,14,24.9,83,5.1,200,1.69
2019,6,30,15,25.0,82,4.9,230,2.14
2019,6,30,16,24.7,83,2.8,200,1.66
2019,6,30,17,23.5,87,2.6,230,0.36
2019,6,30,18,22.4,92,3.4,200,0.26
2019,7,1,8,24.6,76,1.1,180,0.65
2019,7,1,9,25.6,76,3.8,290,1.61
2019,7,1,10,27.2,64,2.0,340,2.52
2019,7,1,11,25.4,81,4.0,200,2.13
2019,7,1,12,24.7,83,3.6,200,1.37
2019,7,1,13,24.2,84,3.6,200,1.04
2019,7,1,14,24.0,84,2.2,230,0.57
2019,7,1,15,23.3,90,4.4,180,0.68
2019,7,1,16,23.2,89,2.0,200,0.59
2019,7,1,17,23.3,87,2.8,200,0.53
2019,7,1,18,22.8,89,2.3,230,0.36
2019,7,2,8,23.9,77,2.5,340,1.16
2019,7,2,9,25.1,72,2.9,340,1.99
2019,7,2,10,25.3,79,5.0,200,2.62
2019,7,2,11,25.9,74,3.5,180,2.87
2019,7,2,12,26.3,70,4.1,180,2.65
2019,7,2,13,25.9,70,4.1,200,1.78
2019,7,2,14,25.6,69,4.9,200,1.58
2019,7,2,15,25.2,68,5.4,200,1.52
2019,7,2,16,24.6,76,3.0,200,1.21
2019,7,2,17,24.3,71,3.9,200,0.95
2019,7,2,18,24.4,75,4.5,200,1.32
2019,7,3,8,22.2,92,1.4,200,0.76
2019,7,3,9,22.4,92,0.8,270,1.11
2019,7,3,10,23.5,84,1.4,230,1.44
2019,7,3,11,22.6,90,2.0,230,1.18
2019,7,3,12,22.9,91,1.8,200,2.20
2019,7,3,13,21.8,95,2.3,230,1.17
2019,7,3,14,23.4,83,1.8,200,1.33
2019,7,3,15,23.9,81,2.1,200,1.85
2019,7,3,16,23.4,83,3.0,200,1.11
2019,7,3,17,23.2,84,1.6,250,0.77
2019,7,3,18,23.0,83,1.6,200,0.47
2019,7,4,8,24.9,67,0.5,200,1.16
2019,7,4,9,26.6,67,1.0,340,1.97
2019,7,4,10,27.5,66,2.3,340,2.63
2019,7,4,11,27.2,66,3.7,200,3.11
2019,7,4,12,27.1,71,3.7,200,3.37
2019,7,4,13,26.0,76,4.2,200,3.57
2019,7,4,14,27.3,69,2.4,200,3.44
2019,7,4,15,26.9,64,2.3,200,1.86
2019,7,4,16,27.1,67,2.4,200,2.22
2019,7,4,17,26.0,72,1.9,230,1.95
2019,7,4,18,26.1,58,1.0,200,1.03
2019,7,5,8,23.5,77,1.0,110,1.04
2019,7,5,9,24.7,75,1.0,70,1.43
2019,7,5,10,25.0,75,0.8,90,2.20
2019,7,5,11,25.8,73,1.4,90,2.59
2019,7,5,12,26.8,62,2.3,110,2.85
2019,7,5,13,26.9,62,2.4,90,3.17
2019,7,5,14,26.3,64,2.3,110,2.61
2019,7,5,15,25.5,71,2.0,70,1.73
2019,7,5,16,26.1,62,2.3,90,1.86
2019,7,5,17,26.0,60,2.2,70,1.63
2019,7,5,18,24.9,73,3.1,90,1.45
2019,7,6,8,24.0,68,3.2,50,1.12
2019,7,6,9,25.3,65,3.3,50,2.01
2019,7,6,10,27.2,60,2.8,70,2.74
2019,7,6,11,28.2,55,3.6,70,3.20
2019,7,6,12,28.8,56,3.0,70,3.59
2019,7,6,13,28.5,53,3.3,70,3.69
2019,7,6,14,28.3,56,3.2,70,3.58
2019,7,6,15,27.6,58,3.6,90,3.24
2019,7,6,16,27.3,58,3.5,90,2.71
2019,7,6,17,27.0,59,4.1,70,2.04
2019,7,6,18,26.0,61,3.6,70,1.28
2019,7,7,8,22.6,69,2.6,50,0.67
2019,7,7,9,23.7,63,4.0,50,1.67
2019,7,7,10,24.5,57,3.0,50,1.98
2019,7,7,11,25.8,55,3.6,70,2.93
2019,7,7,12,26.1,54,3.7,90,3.73
2019,7,7,13,25.7,58,4.5,90,3.92
2019,7,7,14,25.7,59,4.1,90,3.73
2019,7,7,15,25.7,55,4.6,70,3.38
2019,7,7,16,24.9,62,3.6,90,2.45
2019,7,7,17,25.1,58,2.9,70,1.79
2019,7,7,18,23.6,65,3.6,70,1.04
2019,7,8,8,21.3,76,2.5,50,0.31
2019,7,8,9,21.9,75,3.1,50,0.57
2019,7,8,10,23.0,71,1.8,70,0.90
2019,7,8,11,23.8,69,2.6,70,1.49
2019,7,8,12,24.7,66,2.6,90,1.60
2019,7,8,13,26.6,62,2.6,70,3.43
2019,7,8,14,25.4,66,3.0,90,2.10
2019,7,8,15,24.4,69,3.4,70,1.39
2019,7,8,16,24.8,65,2.9,50,1.16
2019,7,8,17,23.9,66,2.9,70,0.84
2019,7,8,18,23.2,66,2.6,50,0.41
2019,7,9,8,21.4,75,3.1,50,0.29
2019,7,9,9,22.5,73,3.9,50,0.66
2019,7,9,10,22.8,71,2.7,50,0.83
2019,7,9,11,24.4,67,3.0,70,1.50
2019,7,9,12,25.3,66,3.1,50,1.94
2019,7,9,13,24.0,69,2.5,70,0.88
2019,7,9,14,24.2,69,2.9,50,0.77
2019,7,9,15,22.8,75,2.8,70,0.30
2019,7,9,16,23.3,73,4.0,50,0.50
2019,7,9,17,24.5,64,3.6,50,1.66
2019,7,9,18,23.2,65,4.0,50,0.89
2019,7,10,8,22.1,77,3.3,50,0.27
2019,7,10,9,22.6,78,3.5,50,0.47
2019,7,10,10,22.4,79,4.4,70,0.34
2019,7,10,11,22.2,81,4.0,50,0.34
2019,7,10,12,21.8,89,3.8,50,0.46
2019,7,10,13,21.9,88,4.0,50,0.43
2019,7,10,14,21.8,87,4.0,50,0.34
2019,7,10,15,21.6,94,3.4,50,0.28
2019,7,10,16,21.7,95,3.7,50,0.24
2019,7,10,17,21.7,95,3.9,50,0.14
2019,7,10,18,21.8,96,4.1,50,0.10
2019,7,11,8,22.2,98,2.6,270,0.30
2019,7,11,9,22.5,97,2.8,270,0.69
2019,7,11,10,23.3,93,3.9,270,1.08
2019,7,11,11,25.0,86,5.8,250,2.49
2019,7,11,12,25.2,82,3.6,200,2.11
2019,7,11,13,25.5,81,4.3,200,2.36
2019,7,11,14,26.9,74,6.1,200,3.41
2019,7,11,15,27.0,71,5.0,200,3.23
2019,7,11,16,26.6,74,5.2,200,2.59
2019,7,11,17,26.6,73,5.3,250,1.58
2019,7,11,18,25.2,75,7.1,250,0.46
2019,7,12,8,23.8,75,2.0,340,1.02
2019,7,12,9,24.7,78,3.3,200,1.76
2019,7,12,10,25.2,78,4.3,200,2.13
2019,7,12,11,26.6,66,1.9,200,3.01
2019,7,12,12,28.1,54,2.4,340,3.44
2019,7,12,13,28.0,63,2.3,290,2.94
2019,7,12,14,26.8,66,3.8,200,2.85
2019,7,12,15,26.2,68,4.7,160,1.60
2019,7,12,16,26.4,67,5.1,180,2.73
2019,7,12,17,25.5,71,3.4,200,1.76
2019,7,12,18,24.7,73,2.9,200,0.68
2019,7,13,8,22.6,91,2.5,200,0.35
2019,7,13,9,23.2,88,2.5,200,0.59
2019,7,13,10,23.0,89,3.7,200,0.66
2019,7,13,11,22.7,91,3.9,200,0.99
2019,7,13,12,22.5,84,4.4,200,1.18
2019,7,13,13,23.3,73,3.6,200,1.30
2019,7,13,14,22.2,74,3.4,200,1.25
2019,7,13,15,22.8,76,2.7,200,1.03
2019,7,13,16,22.8,78,2.1,180,0.85
2019,7,13,17,23.1,76,1.3,230,0.72
2019,7,13,18,23.1,72,2.5,180,0.71
2019,7,14,8,22.9,78,1.5,90,0.84
2019,7,14,9,24.4,73,1.4,90,1.60
2019,7,14,10,25.8,65,2.5,110,2.08
2019,7,14,11,26.0,63,3.9,110,3.18
2019,7,14,12,26.4,63,4.0,140,3.49
2019,7,14,13,25.8,69,5.0,110,3.63
2019,7,14,14,26.3,63,3.6,110,3.47
2019,7,14,15,26.5,62,3.1,110,2.95
2019,7,14,16,25.6,70,3.6,110,2.06
2019,7,14,17,25.5,71,3.6,90,1.85
2019,7,14,18,24.9,71,2.4,90,1.01
2019,7,15,8,23.1,79,2.0,110,0.53
2019,7,15,9,23.6,77,1.9,90,0.62
2019,7,15,10,23.8,76,2.5,110,0.83
2019,7,15,11,24.9,76,2.4,110,1.13
2019,7,15,12,25.4,73,2.7,140,2.26
2019,7,15,13,26.0,75,3.4,110,2.62
2019,7,15,14,26.0,75,2.8,110,2.38
2019,7,15,15,26.1,73,3.4,110,2.23
2019,7,15,16,25.9,73,3.3,110,2.33
2019,7,15,17,25.6,71,2.3,90,1.91
2019,7,15,18,24.6,77,2.9,90,1.19
2019,7,16,8,23.7,78,2.4,50,1.01
2019,7,16,9,24.7,74,1.3,70,1.30
2019,7,16,10,25.9,66,3.1,110,2.51
2019,7,16,11,26.5,64,4.1,110,2.80
2019,7,16,12,26.5,64,3.7,110,3.43
2019,7,16,13,26.5,66,2.8,110,3.34
2019,7,16,14,26.8,68,4.0,110,3.35
2019,7,16,15,26.2,71,3.6,110,3.10
2019,7,16,16,26.5,68,2.9,90,2.60
2019,7,16,17,26.3,66,3.0,90,1.94
2019,7,16,18,25.2,73,2.9,90,1.21
2019,7,17,8,24.2,73,2.3,90,0.96
2019,7,17,9,25.2,71,3.0,70,1.90
2019,7,17,10,24.9,71,4.1,90,1.94
2019,7,17,11,25.3,73,2.9,90,2.21
2019,7,17,12,25.4,69,3.3,110,2.66
2019,7,17,13,27.1,64,2.7,90,3.25
2019,7,17,14,27.4,62,2.6,110,2.84
2019,7,17,15,27.0,66,3.7,140,3.26
2019,7,17,16,25.8,72,3.4,110,2.05
2019,7,17,17,26.1,70,3.3,110,1.72
2019,7,17,18,23.8,82,4.6,110,0.96
2019,7,18,8,21.3,98,2.1,20,0.10
2019,7,18,9,21.7,98,3.6,50,0.46
2019,7,18,10,22.1,97,1.3,50,0.46
2019,7,18,11,22.3,97,1.7,70,0.52
2019,7,18,12,22.5,95,2.4,70,0.65
2019,7,18,13,21.8,97,1.6,90,0.33
2019,7,18,14,22.1,98,1.1,50,0.28
2019,7,18,15,22.2,98,1.8,90,0.19
2019,7,18,16,22.5,97,1.8,110,0.27
2019,7,18,17,22.9,97,1.1,50,0.34
2019,7,18,18,22.8,97,1.6,50,6.00
2019,7,19,8,22.8,99,0.7,180,0.00
2019,7,19,9,23.0,99,2.5,90,0.09
2019,7,19,10,22.9,99,2.0,70,0.06
2019,7,19,11,22.9,99,1.6,50,0.06
2019,7,19,12,23.1,97,3.2,110,0.07
2019,7,19,13,23.3,97,2.1,70,0.20
2019,7,19,14,23.4,95,4.5,110,0.10
2019,7,19,15,23.3,97,2.4,90,0.07
2019,7,19,16,23.4,99,2.6,50,0.29
2019,7,19,17,23.6,98,1.6,110,0.26
2019,7,19,18,23.3,99,1.9,70,0.13
2019,7,20,8,23.9,99,8.9,140,0.03
2019,7,20,9,23.5,99,9.2,140,0.05
2019,7,20,10,23.7,97,6.4,160,0.19
2019,7,20,11,23.4,99,6.4,140,6.00
2019,7,20,12,23.7,97,8.5,160,0.30
2019,7,20,13,23.8,96,6.5,140,0.52
2019,7,20,14,23.5,98,4.8,180,0.33
2019,7,20,15,23.8,99,6.0,160,0.26
2019,7,20,16,23.4,99,4.5,180,6.00
2019,7,20,17,23.2,99,5.3,180,0.16
2019,7,20,18,23.1,99,4.1,200,0.02
2019,7,21,8,22.4,100,7.3,230,0.08
2019,7,21,9,22.6,98,8.3,230,0.17
2019,7,21,10,23.1,97,7.9,250,0.33
2019,7,21,11,22.9,98,5.7,250,0.67
2019,7,21,12,23.7,95,6.6,230,0.91
2019,7,21,13,24.9,90,6.4,200,2.14
2019,7,21,14,24.3,92,6.3,230,1.73
2019,7,21,15,24.6,89,6.6,230,1.50
2019,7,21,16,25.3,87,4.5,230,1.06
2019,7,21,17,25.9,87,5.8,270,0.99
2019,7,21,18,25.1,88,5.6,230,0.51
2019,7,22,8,25.2,88,4.1,270,0.91
2019,7,22,9,26.3,84,3.6,250,1.38
2019,7,22,10,27.2,79,3.6,200,1.92
2019,7,22,11,27.3,80,3.5,160,2.69
2019,7,22,12,26.5,86,5.1,200,3.34
2019,7,22,13,27.9,80,4.9,200,3.25
2019,7,22,14,28.5,76,4.5,200,3.22
2019,7,22,15,28.1,79,5.8,200,2.96
2019,7,22,16,28.3,78,5.0,180,2.46
2019,7,22,17,28.9,78,4.5,250,1.79
2019,7,22,18,28.6,76,5.3,230,1.06
2019,7,23,8,25.3,92,2.8,200,0.62
2019,7,23,9,26.6,88,4.3,200,1.74
2019,7,23,10,26.9,86,4.1,180,2.35
2019,7,23,11,28.9,76,3.5,200,3.39
2019,7,23,12,28.4,80,5.5,250,2.20
2019,7,23,13,29.1,77,4.6,200,2.19
2019,7,23,14,29.4,73,6.0,200,3.53
2019,7,23,15,29.0,73,6.4,230,3.14
2019,7,23,16,28.7,78,5.5,200,2.68
2019,7,23,17,28.3,76,5.0,200,1.97
2019,7,23,18,28.4,75,3.2,200,0.81
2019,7,24,8,25.5,89,3.7,250,0.51
2019,7,24,9,25.7,89,3.1,250,0.55
2019,7,24,10,26.6,85,3.4,250,0.85
2019,7,24,11,27.4,82,3.9,230,1.85
2019,7,24,12,27.7,79,5.9,200,2.45
2019,7,24,13,27.9,81,5.5,230,3.15
2019,7,24,14,29.1,75,5.3,230,3.17
2019,7,24,15,27.7,78,6.8,230,2.15
2019,7,24,16,26.5,88,6.2,230,0.66
2019,7,24,17,26.7,84,5.0,230,0.56
2019,7,24,18,26.2,90,4.6,230,0.38
2019,7,25,8,25.5,96,4.8,230,0.20
2019,7,25,9,25.2,98,4.7,230,0.21
2019,7,25,10,25.3,97,4.9,230,6.00
2019,7,25,11,26.0,94,5.1,230,0.92
2019,7,25,12,26.9,88,5.5,230,1.95
2019,7,25,13,27.0,88,5.2,230,1.88
2019,7,25,14,26.1,95,5.1,230,0.71
2019,7,25,15,26.1,94,5.0,230,0.60
2019,7,25,16,25.7,97,4.3,230,0.34
2019,7,25,17,25.6,97,5.3,250,0.47
2019,7,25,18,25.2,98,3.4,250,6.00
2019,7,26,8,25.3,99,6.7,230,0.31
2019,7,26,9,25.2,99,7.2,230,0.46
2019,7,26,10,25.3,99,7.3,230,0.56
2019,7,26,11,26.6,93,7.1,250,1.51
2019,7,26,12,26.2,96,6.5,230,1.35
2019,7,26,13,25.7,96,6.6,200,0.62
2019,7,26,14,26.3,95,7.8,250,0.59
2019,7,26,15,26.2,94,8.0,230,0.80
2019,7,26,16,26.2,93,7.3,230,0.60
2019,7,26,17,26.5,90,5.2,230,0.36
2019,7,26,18,26.5,91,5.7,230,0.34
2019,7,27,8,25.8,100,3.6,250,0.31
2019,7,27,9,26.0,98,5.5,250,0.49
2019,7,27,10,26.3,95,4.1,230,0.81
2019,7,27,11,26.4,96,3.8,200,0.68
2019,7,27,12,26.4,95,4.0,230,0.61
2019,7,27,13,26.5,97,3.9,250,0.87
2019,7,27,14,26.9,96,3.8,230,1.24
2019,7,27,15,26.4,97,5.1,250,0.73
2019,7,27,16,26.6,96,5.6,230,0.65
2019,7,27,17,26.0,99,6.4,230,0.28
2019,7,27,18,26.0,100,4.8,230,0.27
2019,7,28,8,26.3,95,6.1,230,1.11
2019,7,28,9,26.9,92,7.4,230,1.84
2019,7,28,10,27.4,92,8.7,230,1.76
2019,7,28,11,28.2,85,7.8,230,2.96
2019,7,28,12,28.0,87,8.2,230,2.35
2019,7,28,13,27.8,86,8.2,230,1.91
2019,7,28,14,28.4,85,8.4,230,2.13
2019,7,28,15,28.8,82,6.0,230,2.46
2019,7,28,16,28.8,77,7.0,230,2.57
2019,7,28,17,28.2,77,7.7,230,2.06
2019,7,28,18,27.6,83,5.9,230,0.63
2019,7,29,8,26.0,100,4.5,230,0.44
2019,7,29,9,26.5,98,5.4,230,0.62
2019,7,29,10,27.2,95,3.9,200,1.39
2019,7,29,11,27.1,95,3.7,200,1.00
2019,7,29,12,28.2,88,4.7,230,1.87
2019,7,29,13,29.9,82,4.6,200,3.01
2019,7,29,14,29.0,85,4.0,200,2.36
2019,7,29,15,30.2,80,5.9,200,3.15
2019,7,29,16,29.6,79,6.4,250,3.05
2019,7,29,17,27.6,87,5.3,270,1.55
2019,7,29,18,27.5,83,4.5,230,0.80
2019,7,30,8,27.6,83,4.6,200,1.28
2019,7,30,9,28.1,80,3.9,230,1.44
2019,7,30,10,28.9,78,5.0,200,2.00
2019,7,30,11,29.5,80,6.3,200,2.73
2019,7,30,12,29.4,81,6.0,200,3.70
2019,7,30,13,29.5,81,6.0,230,3.77
2019,7,30,14,29.8,83,6.7,250,3.80
2019,7,30,15,30.2,83,7.0,250,3.53
2019,7,30,16,28.7,87,7.5,250,2.42
2019,7,30,17,28.5,86,5.7,230,1.06
2019,7,30,18,28.3,86,5.2,200,0.97
2019,7,31,8,27.9,81,4.6,200,0.99
2019,7,31,9,29.0,75,5.3,200,1.81
2019,7,31,10,29.1,82,6.9,200,2.62
2019,7,31,11,29.5,77,5.8,200,3.20
2019,7,31,12,29.7,75,5.6,230,2.78
2019,7,31,13,30.8,71,5.4,200,3.25
2019,7,31,14,30.6,73,5.2,230,3.54
2019,7,31,15,30.0,77,6.3,230,3.15
2019,7,31,16,29.6,77,6.4,230,2.64
2019,7,31,17,29.6,76,6.2,230,1.97
2019,7,31,18,29.4,77,5.0,230,1.22
2019,8,1,8,28.1,74,3.7,250,1.18
2019,8,1,9,29.1,72,3.9,250,1.92
2019,8,1,10,29.3,75,3.6,200,2.58
2019,8,1,11,29.5,77,4.5,180,3.10
2019,8,1,12,29.8,77,5.8,200,3.44
2019,8,1,13,29.5,81,6.2,200,3.55
2019,8,1,14,30.0,79,5.8,200,3.43
2019,8,1,15,29.4,85,5.1,200,2.64
2019,8,1,16,29.8,82,4.0,180,2.35
2019,8,1,17,30.8,71,4.3,200,1.93
2019,8,1,18,30.1,73,4.5,200,1.16
2019,8,2,8,30.2,71,0.7,140,1.12
2019,8,2,9,31.4,68,2.3,140,1.87
2019,8,2,10,31.2,69,3.2,200,2.52
2019,8,2,11,31.5,69,3.4,200,3.06
2019,8,2,12,31.1,70,3.3,180,3.42
2019,8,2,13,31.8,72,2.8,200,3.46
2019,8,2,14,32.8,63,1.8,200,3.29
2019,8,2,15,32.5,59,2.9,110,3.04
2019,8,2,16,32.2,58,2.8,110,2.56
2019,8,2,17,31.4,62,2.5,110,1.87
2019,8,2,18,30.5,67,2.2,90,1.11
2019,8,3,8,29.1,71,1.9,70,1.01
2019,8,3,9,30.4,67,2.1,70,1.79
2019,8,3,10,30.5,66,3.4,90,2.31
2019,8,3,11,31.2,63,3.0,110,3.03
2019,8,3,12,31.4,64,3.7,110,3.34
2019,8,3,13,32.3,59,3.0,110,3.46
2019,8,3,14,32.2,61,3.2,110,3.36
2019,8,3,15,32.2,62,2.8,140,3.05
2019,8,3,16,31.5,62,3.5,140,2.54
2019,8,3,17,31.2,64,2.3,110,1.78
2019,8,3,18,30.0,71,1.8,110,0.94
2019,8,4,8,29.3,66,1.4,90,1.01
2019,8,4,9,30.9,61,1.5,110,1.69
2019,8,4,10,30.5,65,3.4,110,2.28
2019,8,4,11,30.5,63,3.0,110,2.28
2019,8,4,12,31.0,67,2.6,110,3.25
2019,8,4,13,30.9,67,3.5,110,3.36
2019,8,4,14,31.9,61,1.5,90,2.74
2019,8,4,15,31.8,64,2.4,110,2.99
2019,8,4,16,30.3,69,3.2,110,2.45
2019,8,4,17,29.6,74,4.0,110,1.79
2019,8,4,18,29.0,75,3.7,110,1.03
2019,8,5,8,28.8,69,1.8,110,0.98
2019,8,5,9,29.9,71,2.0,110,1.70
2019,8,5,10,30.2,73,2.7,110,2.38
2019,8,5,11,30.9,71,2.7,110,2.93
2019,8,5,12,30.9,70,3.1,90,3.30
2019,8,5,13,31.2,67,2.9,90,3.38
2019,8,5,14,31.4,68,2.8,90,3.27
2019,8,5,15,32.8,61,2.8,90,2.76
2019,8,5,16,30.4,68,3.0,110,2.01
2019,8,5,17,30.2,57,2.4,90,1.16
2019,8,5,18,29.4,50,2.3,70,0.53
2019,8,6,8,27.4,78,4.0,20,0.53
2019,8,6,9,28.6,76,3.4,50,1.04
2019,8,6,10,28.9,74,4.3,50,1.27
2019,8,6,11,29.5,72,4.5,50,1.38
2019,8,6,12,28.9,74,4.3,50,0.99
2019,8,6,13,28.0,79,5.4,20,0.74
2019,8,6,14,26.9,90,3.3,50,0.36
2019,8,6,15,25.4,96,4.4,50,0.12
2019,8,6,16,23.8,97,4.4,50,0.04
2019,8,6,17,23.6,98,4.2,50,0.07
2019,8,6,18,23.7,98,4.8,50,0.05
2019,8,7,8,26.5,91,5.4,200,0.59
2019,8,7,9,28.3,82,4.3,250,1.93
2019,8,7,10,28.2,87,6.2,200,2.03
2019,8,7,11,28.9,82,5.9,200,3.10
2019,8,7,12,29.3,82,6.5,200,3.07
2019,8,7,13,30.0,78,5.5,200,3.59
2019,8,7,14,29.2,80,6.5,200,3.41
2019,8,7,15,30.0,75,6.7,200,3.08
2019,8,7,16,29.9,74,7.0,250,2.58
2019,8,7,17,30.5,66,5.8,230,1.87
2019,8,7,18,29.2,81,3.9,200,1.12
2019,8,8,8,28.5,82,0.5,140,0.81
2019,8,8,9,29.1,77,2.3,200,1.19
2019,8,8,10,30.3,73,2.2,200,1.88
2019,8,8,11,31.2,71,4.1,200,3.00
2019,8,8,12,30.8,68,5.0,200,3.40
2019,8,8,13,31.4,65,4.6,200,3.50
2019,8,8,14,32.3,64,4.0,180,3.30
2019,8,8,15,31.7,69,3.9,200,3.12
2019,8,8,16,31.0,74,5.5,200,2.56
2019,8,8,17,30.4,77,4.4,200,1.88
2019,8,8,18,29.0,82,4.2,200,0.86
2019,8,9,8,29.0,75,2.4,140,1.05
2019,8,9,9,29.5,80,2.3,110,1.53
2019,8,9,10,30.1,77,2.4,110,2.20
2019,8,9,11,30.9,73,1.9,110,2.63
2019,8,9,12,32.1,64,2.0,110,2.71
2019,8,9,13,31.8,62,1.3,110,2.46
2019,8,9,14,32.0,59,3.3,160,2.31
2019,8,9,15,32.3,68,1.3,90,2.47
2019,8,9,16,31.5,69,1.5,110,1.73
2019,8,9,17,30.2,76,1.8,70,1.14
2019,8,9,18,29.3,80,1.6,90,0.70
2019,8,10,8,27.6,81,2.8,70,0.83
2019,8,10,9,28.0,82,2.2,70,0.78
2019,8,10,10,29.0,75,3.5,90,1.48
2019,8,10,11,29.7,74,3.5,70,2.39
2019,8,10,12,30.4,66,3.3,70,2.92
2019,8,10,13,30.8,66,3.0,70,3.51
2019,8,10,14,31.6,60,3.5,90,3.63
2019,8,10,15,31.1,57,3.8,70,2.84
2019,8,10,16,30.9,63,3.4,70,2.58
2019,8,10,17,30.2,69,3.1,70,1.72
2019,8,10,18,29.8,68,3.9,70,1.09
2019,8,11,8,27.7,78,3.2,90,0.71
2019,8,11,9,28.3,75,3.9,90,1.48
2019,8,11,10,30.0,70,2.9,90,2.54
2019,8,11,11,30.2,69,3.3,70,3.05
2019,8,11,12,29.2,73,3.8,110,2.44
2019,8,11,13,29.9,72,3.8,110,2.46
2019,8,11,14,29.8,72,3.2,90,2.98
2019,8,11,15,29.1,75,2.7,110,2.25
2019,8,11,16,29.9,72,2.5,90,1.80
2019,8,11,17,29.1,72,2.8,70,1.34
2019,8,11,18,28.9,71,3.6,70,1.07
2019,8,12,8,28.6,88,2.7,200,0.74
2019,8,12,9,29.7,80,3.4,200,1.55
2019,8,12,10,30.6,73,3.8,180,2.38
2019,8,12,11,31.2,73,4.1,180,2.93
2019,8,12,12,31.2,71,3.7,230,3.40
2019,8,12,13,31.6,66,5.0,230,3.53
2019,8,12,14,31.4,67,5.3,230,3.41
2019,8,12,15,31.7,67,4.3,200,3.07
2019,8,12,16,30.6,71,5.4,200,2.56
2019,8,12,17,30.5,71,4.2,200,1.87
2019,8,12,18,30.0,75,3.5,180,1.12
2019,8,13,8,29.9,69,2.0,50,0.98
2019,8,13,9,31.8,61,1.9,90,1.78
2019,8,13,10,33.0,60,2.6,110,2.52
2019,8,13,11,33.2,57,2.9,90,3.00
2019,8,13,12,33.2,56,3.7,90,3.38
2019,8,13,13,34.0,54,3.4,90,3.49
2019,8,13,14,34.8,51,2.4,90,3.35
2019,8,13,15,34.3,51,3.2,90,3.03
2019,8,13,16,34.8,50,3.2,50,2.48
2019,8,13,17,33.8,52,3.9,50,1.82
2019,8,13,18,33.3,53,4.3,50,1.07
2019,8,14,8,29.1,76,3.5,50,0.72
2019,8,14,9,29.8,73,3.2,50,0.83
2019,8,14,10,31.6,66,4.8,50,2.45
2019,8,14,11,32.3,63,5.0,50,2.84
2019,8,14,12,32.9,64,3.6,50,2.69
2019,8,14,13,32.6,63,5.4,50,2.88
2019,8,14,14,32.9,61,4.8,50,2.84
2019,8,14,15,32.0,65,4.7,50,2.09
2019,8,14,16,31.8,65,3.6,50,1.29
2019,8,14,17,31.0,66,5.5,50,1.09
2019,8,14,18,30.3,67,4.1,50,0.41
2019,8,15,8,27.1,88,4.1,20,0.13
2019,8,15,9,28.3,81,3.6,50,0.59
2019,8,15,10,27.0,93,3.1,20,0.62
2019,8,15,11,27.2,92,2.2,20,0.58
2019,8,15,12,27.4,92,2.9,360,0.87
2019,8,15,13,27.3,96,0.5,50,0.75
2019,8,15,14,26.7,96,4.1,360,0.84
2019,8,15,15,26.8,95,2.1,360,0.79
2019,8,15,16,27.8,91,1.5,270,1.21
2019,8,15,17,27.5,89,2.9,340,0.61
2019,8,15,18,27.4,87,3.3,340,0.52
2019,8,16,8,27.5,78,7.5,250,0.94
2019,8,16,9,28.7,76,4.5,270,1.79
2019,8,16,10,29.2,75,6.5,270,2.46
2019,8,16,11,29.9,71,6.8,270,3.00
2019,8,16,12,30.8,69,4.2,270,3.30
2019,8,16,13,31.3,62,4.7,230,2.92
2019,8,16,14,30.3,67,6.0,230,2.96
2019,8,16,15,30.3,69,6.6,230,3.08
2019,8,16,16,29.9,70,6.8,230,2.00
2019,8,16,17,29.5,72,7.0,230,1.63
2019,8,16,18,28.9,73,4.9,230,0.77
2019,8,17,8,26.4,71,1.7,320,1.04
2019,8,17,9,27.7,64,2.2,320,1.79
2019,8,17,10,29.0,68,3.9,180,2.45
2019,8,17,11,29.2,67,4.5,180,3.00
2019,8,17,12,29.0,68,4.4,180,3.36
2019,8,17,13,29.4,69,5.1,180,3.48
2019,8,17,14,29.4,65,5.2,230,3.37
2019,8,17,15,29.3,67,6.6,250,3.02
2019,8,17,16,28.7,68,7.1,230,2.51
2019,8,17,17,29.8,61,5.4,250,1.81
2019,8,17,18,29.1,62,5.6,250,1.01
2019,8,18,8,26.4,87,2.6,270,0.44
2019,8,18,9,27.9,78,2.3,250,1.12
2019,8,18,10,29.0,75,3.3,200,1.90
2019,8,18,11,29.1,78,4.7,200,1.77
2019,8,18,12,29.5,76,4.1,180,2.80
2019,8,18,13,29.2,77,4.6,200,2.85
2019,8,18,14,29.6,77,4.8,200,2.77
2019,8,18,15,29.2,81,5.9,200,2.32
2019,8,18,16,29.2,78,6.0,230,1.98
2019,8,18,17,28.9,79,5.3,230,1.48
2019,8,18,18,28.4,80,4.6,250,0.78
2019,8,19,8,26.6,82,1.9,90,0.62
2019,8,19,9,28.2,75,1.2,110,1.06
2019,8,19,10,29.6,72,1.9,110,2.04
2019,8,19,11,29.5,76,3.2,110,2.68
2019,8,19,12,29.3,75,3.5,110,2.66
2019,8,19,13,29.3,73,3.2,110,2.60
2019,8,19,14,29.5,72,4.1,110,2.30
2019,8,19,15,29.5,64,3.8,140,2.28
2019,8,19,16,28.8,72,3.1,110,1.34
2019,8,19,17,28.7,73,2.3,110,1.38
2019,8,19,18,28.0,76,2.5,110,0.70
2019,8,20,8,26.2,77,4.9,50,0.40
2019,8,20,9,27.0,72,3.4,50,0.90
2019,8,20,10,27.2,70,3.6,50,1.02
2019,8,20,11,28.4,67,3.3,70,1.55
2019,8,20,12,29.8,62,2.7,70,2.70
2019,8,20,13,28.3,67,3.7,70,1.33
2019,8,20,14,29.1,67,3.7,50,2.30
2019,8,20,15,28.4,69,3.4,70,0.95
2019,8,20,16,28.4,69,3.1,50,1.59
2019,8,20,17,28.3,66,4.4,50,1.19
2019,8,20,18,27.3,69,3.9,50,0.71
2019,8,21,8,26.2,77,1.4,140,0.24
2019,8,21,9,27.0,77,1.8,90,0.73
2019,8,21,10,27.0,82,2.3,140,0.65
2019,8,21,11,28.6,84,1.4,110,1.64
2019,8,21,12,28.3,81,1.5,110,1.22
2019,8,21,13,28.3,80,1.2,160,1.01
2019,8,21,14,28.9,77,2.6,180,1.76
2019,8,21,15,28.0,82,4.1,200,2.02
2019,8,21,16,26.8,90,3.8,200,1.11
2019,8,21,17,27.3,89,1.9,200,0.59
2019,8,21,18,27.1,89,1.6,180,6.00
2019,8,22,8,26.1,96,8.4,230,0.03
2019,8,22,9,26.0,97,7.7,230,0.30
2019,8,22,10,25.7,99,7.0,250,0.14
2019,8,22,11,26.0,99,6.9,230,0.17
2019,8,22,12,26.2,97,9.3,250,0.31
2019,8,22,13,26.1,95,9.9,230,0.27
2019,8,22,14,26.3,90,7.7,250,0.52
2019,8,22,15,26.2,92,5.8,250,0.43
2019,8,22,16,26.9,88,3.5,250,0.52
2019,8,22,17,26.6,89,5.4,230,6.00
2019,8,22,18,27.1,87,3.5,230,0.51
2019,8,23,8,25.0,81,2.9,320,0.30
2019,8,23,9,25.3,79,2.5,320,0.50
2019,8,23,10,25.2,70,2.3,270,0.45
2019,8,23,11,25.3,68,2.5,290,0.42
2019,8,23,12,25.1,75,1.7,270,0.36
2019,8,23,13,24.9,74,1.4,360,0.47
2019,8,23,14,26.4,74,3.9,270,1.34
2019,8,23,15,27.9,61,2.9,250,1.88
2019,8,23,16,27.1,62,4.4,200,1.59
2019,8,23,17,27.0,65,3.6,230,0.89
2019,8,23,18,27.2,69,2.6,230,0.79
2019,8,24,8,23.6,63,2.5,340,1.00
2019,8,24,9,25.6,58,2.1,360,2.00
2019,8,24,10,26.8,56,2.2,340,2.59
2019,8,24,11,27.4,54,4.3,290,2.89
2019,8,24,12,26.9,56,4.4,290,2.51
2019,8,24,13,27.0,51,4.5,320,2.09
2019,8,24,14,28.0,57,2.9,250,2.04
2019,8,24,15,27.4,57,2.4,290,1.30
2019,8,24,16,27.6,60,2.5,200,1.37
2019,8,24,17,26.9,55,2.9,230,0.77
2019,8,24,18,26.6,60,3.1,250,0.53
2019,8,25,8,23.7,69,1.4,90,0.36
2019,8,25,9,23.2,76,3.9,340,0.52
2019,8,25,10,24.2,70,0.9,230,0.71
2019,8,25,11,26.5,64,2.5,180,1.86
2019,8,25,12,25.6,64,3.5,200,1.64
2019,8,25,13,25.4,65,3.3,180,1.03
2019,8,25,14,26.9,62,2.6,250,1.29
2019,8,25,15,27.3,57,3.5,230,1.57
2019,8,25,16,26.1,62,4.0,180,1.25
2019,8,25,17,25.6,63,3.8,200,0.70
2019,8,25,18,25.3,71,3.2,230,0.35
2019,8,26,8,25.1,74,1.4,140,0.93
2019,8,26,9,27.0,65,1.9,90,1.61
2019,8,26,10,27.8,64,2.0,90,2.40
2019,8,26,11,28.2,60,3.7,110,2.98
2019,8,26,12,28.6,62,3.3,140,3.33
2019,8,26,13,28.1,64,2.8,140,2.93
2019,8,26,14,27.3,68,4.3,200,2.07
2019,8,26,15,27.5,71,4.1,200,3.01
2019,8,26,16,27.2,74,3.0,180,2.29
2019,8,26,17,26.2,78,3.5,200,1.00
2019,8,26,18,25.0,79,2.8,180,0.51
2019,8,27,8,23.0,94,2.5,50,0.21
2019,8,27,9,24.1,94,2.7,50,0.56
2019,8,27,10,25.1,90,0.9,290,0.67
2019,8,27,11,23.8,95,2.9,340,0.42
2019,8,27,12,24.4,96,1.7,250,0.39
2019,8,27,13,23.6,96,3.0,340,0.30
2019,8,27,14,23.5,97,2.2,320,0.24
2019,8,27,15,23.0,97,3.7,340,0.19
2019,8,27,16,23.7,96,1.3,340,0.37
2019,8,27,17,24.7,89,0.7,160,0.58
2019,8,27,18,24.3,93,0.9,230,0.19
2019,8,28,8,23.4,99,0.9,290,0.08
2019,8,28,9,23.6,98,1.2,360,0.26
2019,8,28,10,24.1,94,0.9,320,0.41
2019,8,28,11,25.1,88,1.0,340,1.03
2019,8,28,12,25.6,88,2.0,160,0.78
2019,8,28,13,25.2,90,3.1,200,0.76
2019,8,28,14,26.0,85,2.4,200,1.29
2019,8,28,15,26.2,87,2.3,180,1.37
2019,8,28,16,25.2,88,2.9,200,0.63
2019,8,28,17,25.0,91,2.9,180,0.42
2019,8,28,18,24.5,95,3.1,250,0.11
2019,8,29,8,23.5,89,3.8,290,0.20
2019,8,29,9,23.2,96,1.8,270,0.18
2019,8,29,10,23.2,97,1.0,360,0.19
2019,8,29,11,23.4,97,4.0,270,0.47
2019,8,29,12,24.1,88,3.4,250,0.76
2019,8,29,13,24.0,90,3.5,200,0.65
2019,8,29,14,23.7,89,5.5,230,0.59
2019,8,29,15,23.8,89,5.7,230,0.76
2019,8,29,16,23.6,91,3.0,200,0.37
2019,8,29,17,23.3,93,4.5,230,0.12
2019,8,29,18,22.9,86,5.3,270,0.09
2019,8,30,8,22.5,85,2.1,270,0.89
2019,8,30,9,23.8,78,4.3,270,1.71
2019,8,30,10,25.5,69,2.4,270,2.39
2019,8,30,11,26.4,62,3.7,290,2.83
2019,8,30,12,28.1,61,3.2,230,3.43
2019,8,30,13,28.2,58,2.2,230,2.95
2019,8,30,14,27.7,61,4.2,200,2.74
2019,8,30,15,28.1,60,4.5,230,2.43
2019,8,30,16,28.1,58,4.1,230,2.26
2019,8,30,17,27.4,60,5.1,200,1.57
2019,8,30,18,26.7,62,5.5,270,0.74
2019,8,31,8,23.3,64,2.1,140,0.74
2019,8,31,9,24.7,59,1.8,160,1.46
2019,8,31,10,25.8,57,2.2,290,2.15
2019,8,31,11,26.3,52,2.9,270,2.23
2019,8,31,12,27.1,58,4.2,230,2.93
2019,8,31,13,28.1,58,3.8,230,3.33
2019,8,31,14,27.0,55,5.2,230,3.22
2019,8,31,15,26.9,54,5.2,200,2.84
2019,8,31,16,26.9,58,3.8,200,2.17
2019,8,31,17,25.8,67,4.1,230,1.27
2019,8,31,18,25.6,71,2.4,180,0.70
2019,9,1,8,23.3,76,1.4,90,0.35
2019,9,1,9,24.3,72,1.4,90,0.61
2019,9,1,10,25.5,65,1.2,90,0.83
2019,9,1,11,26.2,66,1.8,110,1.48
2019,9,1,12,26.7,74,2.4,200,1.75
2019,9,1,13,26.7,72,2.1,180,1.58
2019,9,1,14,26.2,73,2.8,200,1.03
2019,9,1,15,25.1,82,2.3,200,0.67
2019,9,1,16,24.6,85,2.1,180,0.40
2019,9,1,17,24.2,86,2.1,200,0.26
2019,9,1,18,23.6,90,2.0,70,0.10
2019,9,2,8,20.9,99,3.0,70,0.15
2019,9,2,9,20.8,100,2.0,70,0.20
2019,9,2,10,20.6,100,1.8,90,0.13
2019,9,2,11,20.7,100,2.0,50,0.23
2019,9,2,12,20.2,100,1.5,90,0.20
2019,9,2,13,20.5,100,2.2,70,6.00
2019,9,2,14,21.3,100,1.1,70,0.35
2019,9,2,15,21.7,98,2.3,70,0.56
2019,9,2,16,22.4,95,2.2,70,0.68
2019,9,2,17,22.3,94,1.9,70,0.41
2019,9,2,18,22.0,98,2.5,50,0.03
2019,9,3,8,22.5,99,1.9,70,0.17
2019,9,3,9,22.7,98,1.3,70,0.18
2019,9,3,10,22.5,99,2.9,360,0.29
2019,9,3,11,23.4,92,0.9,70,0.61
2019,9,3,12,24.9,85,1.6,50,1.31
2019,9,3,13,25.7,82,1.4,110,1.26
2019,9,3,14,25.5,82,1.4,90,0.98
2019,9,3,15,23.9,96,2.1,70,0.48
2019,9,3,16,24.4,94,0.9,110,0.52
2019,9,3,17,23.7,95,2.3,70,0.35
2019,9,3,18,23.2,89,2.8,50,0.14
2019,9,4,8,23.3,96,2.7,50,0.19
2019,9,4,9,24.0,94,1.9,50,0.42
2019,9,4,10,25.2,87,1.2,70,0.72
2019,9,4,11,26.4,86,1.7,90,1.48
2019,9,4,12,25.7,89,2.6,110,1.34
2019,9,4,13,26.0,89,2.6,110,1.46
2019,9,4,14,26.1,90,1.3,90,1.05
2019,9,4,15,26.4,88,0.6,70,0.80
2019,9,4,16,26.1,91,1.1,70,0.64
2019,9,4,17,26.2,87,1.3,70,0.39
2019,9,4,18,25.8,87,1.8,90,0.32
2019,9,5,8,26.0,87,1.3,70,0.61
2019,9,5,9,26.8,85,2.3,90,1.04
2019,9,5,10,28.7,79,1.6,90,2.10
2019,9,5,11,29.0,76,3.0,110,2.85
2019,9,5,12,28.7,77,4.3,110,3.02
2019,9,5,13,28.3,82,4.4,110,3.01
2019,9,5,14,27.7,86,2.9,110,2.39
2019,9,5,15,28.4,85,2.2,90,1.65
2019,9,5,16,28.4,85,2.3,90,1.90
2019,9,5,17,27.9,87,1.8,70,1.10
2019,9,5,18,27.6,88,1.5,90,0.59
2019,9,6,8,27.2,86,1.4,70,0.58
2019,9,6,9,27.6,85,2.5,70,1.04
2019,9,6,10,27.6,85,2.4,90,0.81
2019,9,6,11,28.2,84,2.6,90,1.44
2019,9,6,12,27.6,85,2.6,90,1.05
2019,9,6,13,28.0,83,2.6,90,0.95
2019,9,6,14,28.4,80,2.5,90,1.30
2019,9,6,15,28.2,80,3.5,70,1.11
2019,9,6,16,28.4,80,3.1,70,1.18
2019,9,6,17,28.1,79,2.8,70,0.91
2019,9,6,18,27.5,78,3.9,70,0.27
2019,9,7,8,27.2,78,9.5,160,0.16
2019,9,7,9,27.3,79,9.3,140,0.21
2019,9,7,10,25.7,95,7.9,180,0.49
2019,9,7,11,26.3,95,8.3,200,1.35
2019,9,7,12,26.7,91,6.7,200,1.69
2019,9,7,13,26.2,94,9.4,230,0.89
2019,9,7,14,25.5,96,8.6,230,0.76
2019,9,7,15,26.7,88,7.7,250,1.22
2019,9,7,16,26.6,88,8.2,250,0.84
2019,9,7,17,26.1,86,8.0,250,0.70
2019,9,7,18,25.9,85,6.3,230,0.29
2019,9,8,8,24.5,95,1.5,230,0.33
2019,9,8,9,24.9,95,1.7,180,0.65
2019,9,8,10,25.1,90,1.7,200,0.67
2019,9,8,11,25.8,93,0.4,0,0.75
2019,9,8,12,26.2,93,2.0,180,0.98
2019,9,8,13,26.4,89,1.8,180,1.20
2019,9,8,14,27.9,84,2.3,160,1.91
2019,9,8,15,28.8,76,2.3,200,2.37
2019,9,8,16,28.3,79,2.3,200,1.93
2019,9,8,17,27.1,84,4.6,200,1.59
2019,9,8,18,26.0,89,2.7,200,0.36
2019,9,9,8,27.1,80,1.6,160,0.77
2019,9,9,9,28.6,76,1.8,90,1.50
2019,9,9,10,30.1,70,3.1,140,2.25
2019,9,9,11,29.6,68,3.6,110,2.73
2019,9,9,12,29.7,67,3.9,110,2.73
2019,9,9,13,29.8,70,3.5,110,3.23
2019,9,9,14,29.6,76,2.2,90,3.01
2019,9,9,15,29.6,72,4.4,110,2.79
2019,9,9,16,28.3,84,2.7,90,1.09
2019,9,9,17,27.8,81,1.5,70,0.50
2019,9,9,18,27.2,88,2.1,90,6.00
2019,9,10,8,26.1,91,3.4,200,0.45
2019,9,10,9,27.7,83,3.9,200,1.48
2019,9,10,10,27.5,86,4.1,200,1.64
2019,9,10,11,27.3,89,3.7,230,1.57
2019,9,10,12,27.2,88,5.7,200,1.41
2019,9,10,13,27.8,83,5.2,200,1.53
2019,9,10,14,28.4,79,4.3,200,1.96
2019,9,10,15,28.5,76,5.1,200,1.82
2019,9,10,16,28.1,78,4.8,230,1.25
2019,9,10,17,28.1,75,4.5,200,1.01
2019,9,10,18,27.7,77,3.7,230,0.43
2019,9,11,8,26.1,100,0.9,140,0.51
2019,9,11,9,26.1,98,3.4,200,1.11
2019,9,11,10,27.1,90,1.0,90,1.26
2019,9,11,11,27.9,87,1.9,180,1.91
2019,9,11,12,28.6,84,1.9,140,2.36
2019,9,11,13,26.6,91,3.1,110,1.58
2019,9,11,14,24.9,89,2.4,70,0.51
2019,9,11,15,24.7,84,3.2,90,0.36
2019,9,11,16,25.1,84,3.3,70,0.50
2019,9,11,17,25.0,80,4.2,50,0.26
2019,9,11,18,24.4,81,3.3,50,0.15
2019,9,12,8,21.0,90,3.9,50,0.20
2019,9,12,9,21.6,83,4.1,50,0.59
2019,9,12,10,22.6,80,3.0,50,1.04
2019,9,12,11,22.8,74,5.1,50,1.17
2019,9,12,12,22.5,72,4.9,50,0.99
2019,9,12,13,22.8,70,4.0,50,0.99
2019,9,12,14,21.9,78,3.7,50,1.05
2019,9,12,15,22.4,71,3.9,50,0.65
2019,9,12,16,22.8,69,4.2,50,1.08
2019,9,12,17,22.5,69,4.3,50,0.47
2019,9,12,18,21.6,73,4.5,50,0.14
2019,9,13,8,22.6,70,3.8,50,0.80
2019,9,13,9,24.6,64,3.0,50,1.46
2019,9,13,10,24.3,65,4.1,70,1.99
2019,9,13,11,25.8,59,3.5,70,2.08
2019,9,13,12,26.6,56,3.2,70,3.19
2019,9,13,13,26.7,56,3.8,70,3.29
2019,9,13,14,27.1,52,3.0,70,3.17
2019,9,13,15,26.6,57,2.4,70,2.45
2019,9,13,16,26.3,56,2.2,70,1.88
2019,9,13,17,25.5,56,3.6,70,1.40
2019,9,13,18,24.2,63,2.9,70,0.63
2019,9,14,8,22.3,74,1.1,360,0.67
2019,9,14,9,22.6,74,0.9,160,0.71
2019,9,14,10,25.5,65,1.8,140,1.58
2019,9,14,11,26.2,66,3.4,200,2.58
2019,9,14,12,26.9,65,4.1,200,3.12
2019,9,14,13,27.4,64,3.4,180,3.22
2019,9,14,14,27.2,65,3.1,200,3.06
2019,9,14,15,27.5,64,2.0,230,2.65
2019,9,14,16,26.8,66,2.7,200,2.06
2019,9,14,17,26.4,65,2.3,200,1.34
2019,9,14,18,26.0,72,2.0,200,0.55
2019,9,15,8,24.4,75,2.2,50,0.43
2019,9,15,9,26.6,67,2.3,50,1.18
2019,9,15,10,28.3,65,2.6,110,2.18
2019,9,15,11,28.7,66,2.6,70,2.87
2019,9,15,12,28.8,60,2.3,70,2.39
2019,9,15,13,28.0,66,2.7,90,1.64
2019,9,15,14,28.0,66,3.3,90,2.93
2019,9,15,15,27.9,59,3.7,90,2.66
2019,9,15,16,27.5,61,3.4,90,2.00
2019,9,15,17,27.2,67,3.4,70,1.33
2019,9,15,18,26.0,71,2.6,70,0.52
2019,9,16,8,22.9,71,2.9,50,0.72
2019,9,16,9,24.7,65,2.0,50,1.60
2019,9,16,10,25.7,64,3.0,20,2.29
2019,9,16,11,26.9,59,1.9,50,2.33
2019,9,16,12,27.7,56,2.4,50,2.91
2019,9,16,13,27.3,59,1.8,70,1.81
2019,9,16,14,26.6,63,2.2,70,1.36
2019,9,16,15,26.3,66,1.3,50,1.42
2019,9,16,16,27.3,60,2.3,70,1.77
2019,9,16,17,26.3,61,2.4,70,1.36
2019,9,16,18,25.2,55,3.7,50,0.61
2019,9,17,8,22.0,70,3.0,50,0.59
2019,9,17,9,23.0,65,4.4,70,0.92
2019,9,17,10,25.0,55,4.9,50,1.59
2019,9,17,11,25.7,52,5.3,50,2.62
2019,9,17,12,26.5,47,4.3,50,3.12
2019,9,17,13,27.5,43,3.9,70,3.24
2019,9,17,14,27.7,44,3.3,50,3.07
2019,9,17,15,28.1,40,2.2,50,2.65
2019,9,17,16,27.0,38,3.2,50,2.03
2019,9,17,17,26.1,41,2.3,90,1.37
2019,9,17,18,24.5,45,4.0,20,0.54
2019,9,18,8,21.5,67,0.8,290,0.61
2019,9,18,9,21.7,58,1.6,320,0.78
2019,9,18,10,23.0,56,1.9,320,1.36
2019,9,18,11,25.3,52,2.1,340,2.17
2019,9,18,12,26.2,46,2.4,270,2.37
2019,9,18,13,27.8,40,1.6,270,2.16
2019,9,18,14,27.7,47,1.9,90,2.88
2019,9,18,15,27.9,45,2.7,70,2.61
2019,9,18,16,26.7,52,3.1,70,1.85
2019,9,18,17,26.2,54,2.4,70,1.33
2019,9,18,18,25.0,51,2.0,90,0.50
2019,9,19,8,21.9,55,2.9,50,0.76
2019,9,19,9,23.3,48,3.9,50,1.66
2019,9,19,10,24.1,47,4.8,70,2.47
2019,9,19,11,24.8,42,3.8,360,2.93
2019,9,19,12,24.7,44,4.4,20,3.18
2019,9,19,13,25.3,45,3.5,50,3.32
2019,9,19,14,24.7,48,3.4,50,2.96
2019,9,19,15,24.2,49,3.6,90,2.29
2019,9,19,16,23.8,50,3.2,50,2.07
2019,9,19,17,23.2,54,2.7,70,1.32
2019,9,19,18,21.6,56,4.0,70,0.53
2019,9,20,8,19.3,67,3.3,90,0.24
2019,9,20,9,20.3,66,2.4,90,0.44
2019,9,20,10,22.7,61,3.5,90,1.07
2019,9,20,11,24.7,54,4.9,90,2.55
2019,9,20,12,25.1,55,4.5,90,2.84
2019,9,20,13,25.7,51,4.9,90,3.35
2019,9,20,14,25.1,51,4.8,90,2.56
2019,9,20,15,24.9,54,4.7,200,2.27
2019,9,20,16,23.7,58,5.4,70,1.31
2019,9,20,17,23.0,60,5.4,50,0.74
2019,9,20,18,22.3,61,5.1,50,0.27
2019,9,21,8,18.1,97,3.5,50,0.08
2019,9,21,9,18.6,95,3.8,50,0.17
2019,9,21,10,18.9,99,4.0,70,0.22
2019,9,21,11,19.0,98,4.7,50,0.35
2019,9,21,12,19.6,90,4.4,50,0.65
2019,9,21,13,19.7,96,5.0,70,0.36
2019,9,21,14,19.8,82,5.1,50,0.31
2019,9,21,15,18.7,80,5.0,50,0.18
2019,9,21,16,17.5,94,4.5,50,0.14
2019,9,21,17,17.2,93,5.3,50,0.10
2019,9,21,18,17.5,89,3.0,50,0.02
2019,9,22,8,18.6,95,6.4,50,0.04
2019,9,22,9,18.9,95,6.8,50,0.11
2019,9,22,10,18.9,97,6.5,50,0.24
2019,9,22,11,19.0,96,6.9,50,0.27
2019,9,22,12,18.9,97,7.4,50,0.26
2019,9,22,13,19.0,98,6.9,50,6.00
2019,9,22,14,18.7,95,8.3,50,0.24
2019,9,22,15,18.5,95,8.2,50,0.20
2019,9,22,16,18.3,96,8.1,50,0.14
2019,9,22,17,18.0,95,8.7,50,0.07
2019,9,22,18,17.6,95,8.6,50,0.00
2019,9,23,8,17.3,94,1.8,290,0.21
2019,9,23,9,18.7,81,2.7,230,0.81
2019,9,23,10,19.5,75,3.4,290,1.12
2019,9,23,11,19.9,75,3.0,340,1.29
2019,9,23,12,19.4,85,3.0,270,1.15
2019,9,23,13,20.0,85,2.8,180,1.47
2019,9,23,14,19.0,89,2.7,200,1.14
2019,9,23,15,18.2,99,1.8,230,0.43
2019,9,23,16,18.4,99,1.9,290,0.53
2019,9,23,17,18.2,91,0.9,320,0.28
2019,9,23,18,17.6,98,2.5,320,0.06
2019,9,24,8,17.2,87,2.8,340,0.77
2019,9,24,9,19.5,76,1.0,320,1.59
2019,9,24,10,21.5,69,1.0,250,2.24
2019,9,24,11,23.4,55,2.3,140,2.75
2019,9,24,12,23.0,61,4.0,200,3.07
2019,9,24,13,23.5,58,3.5,200,3.10
2019,9,24,14,23.1,57,4.4,200,2.89
2019,9,24,15,23.7,53,2.4,180,2.51
2019,9,24,16,22.3,54,2.3,140,1.47
2019,9,24,17,22.0,59,2.2,110,0.94
2019,9,24,18,20.8,56,2.4,110,0.30
2019,9,25,8,19.6,66,0.7,160,0.76
2019,9,25,9,22.3,58,2.2,70,1.50
2019,9,25,10,22.7,60,2.8,70,1.85
2019,9,25,11,23.8,57,3.4,90,2.59
2019,9,25,12,24.2,58,3.0,90,2.73
2019,9,25,13,24.6,58,2.7,90,2.35
2019,9,25,14,24.4,61,2.7,70,2.41
2019,9,25,15,23.9,64,2.2,70,1.69
2019,9,25,16,23.0,64,2.9,50,1.06
2019,9,25,17,22.2,68,2.7,50,0.52
2019,9,25,18,21.3,65,3.3,50,0.14
2019,9,26,8,21.6,80,3.6,50,0.64
2019,9,26,9,23.9,72,2.3,50,1.50
2019,9,26,10,25.9,64,1.8,50,2.09
2019,9,26,11,26.4,63,2.4,90,2.67
2019,9,26,12,26.8,64,2.1,90,3.01
2019,9,26,13,27.2,60,2.9,90,3.05
2019,9,26,14,27.1,60,3.4,90,2.76
2019,9,26,15,27.1,57,2.6,90,2.45
2019,9,26,16,25.9,63,2.9,90,1.23
2019,9,26,17,24.3,73,2.4,90,0.61
2019,9,26,18,23.3,69,3.0,70,0.19
2019,9,27,8,21.7,80,3.2,50,0.24
2019,9,27,9,22.2,80,3.0,50,0.39
2019,9,27,10,23.4,76,2.5,50,0.61
2019,9,27,11,24.0,74,2.0,50,0.81
2019,9,27,12,25.0,72,2.2,70,1.48
2019,9,27,13,24.7,74,2.7,110,0.79
2019,9,27,14,25.2,71,2.6,90,1.45
2019,9,27,15,23.8,80,2.6,90,0.77
2019,9,27,16,23.1,85,2.7,70,0.24
2019,9,27,17,22.1,97,2.6,70,0.14
2019,9,27,18,21.8,98,2.5,50,0.01
2019,9,28,8,23.0,99,0.5,50,0.31
2019,9,28,9,23.2,99,1.5,90,0.57
2019,9,28,10,24.3,95,1.0,110,0.90
2019,9,28,11,25.9,86,2.3,140,1.85
2019,9,28,12,23.7,96,2.2,110,0.51
2019,9,28,13,23.6,94,2.0,110,0.63
2019,9,28,14,23.6,96,1.1,90,0.51
2019,9,28,15,23.1,100,1.1,90,0.34
2019,9,28,16,22.4,100,2.0,20,0.11
2019,9,28,17,22.0,100,0.9,50,0.11
2019,9,28,18,21.7,100,0.5,140,0.08
2019,9,29,8,22.1,100,0.7,70,0.26
2019,9,29,9,22.7,100,1.2,200,0.50
2019,9,29,10,25.1,87,1.7,250,1.86
2019,9,29,11,26.4,83,0.9,320,1.92
2019,9,29,12,28.2,75,2.1,250,2.83
2019,9,29,13,27.2,80,3.0,230,2.23
2019,9,29,14,27.7,79,3.1,200,2.00
2019,9,29,15,27.0,80,3.5,200,2.07
2019,9,29,16,25.4,88,3.4,200,1.13
2019,9,29,17,24.4,95,3.6,200,0.50
2019,9,29,18,24.3,92,2.1,200,0.24
2019,9,30,8,23.2,95,0.8,70,0.26
2019,9,30,9,24.5,84,1.0,230,0.75
2019,9,30,10,24.5,89,0.8,70,0.81
2019,9,30,11,25.6,77,1.0,50,1.14
2019,9,30,12,25.4,81,3.3,200,2.15
2019,9,30,13,27.0,77,2.8,180,2.37
2019,9,30,14,27.0,76,2.7,180,2.17
2019,9,30,15,26.8,80,4.2,200,2.28
2019,9,30,16,26.8,77,3.0,230,1.71
2019,9,30,17,26.1,83,2.6,180,1.01
2019,9,30,18,24.0,97,4.5,230,6.00
2019,10,1,8,22.7,91,1.8,70,0.10
2019,10,1,9,23.0,90,1.3,90,0.11
2019,10,1,10,22.6,100,1.4,360,0.14
2019,10,1,11,22.4,100,0.9,20,0.20
2019,10,1,12,23.1,100,1.3,50,0.46
2019,10,1,13,23.3,96,1.3,90,0.53
2019,10,1,14,22.6,100,1.5,200,0.24
2019,10,1,15,22.4,98,2.9,290,0.34
2019,10,1,16,21.9,91,3.0,340,0.34
2019,10,1,17,22.0,85,2.3,320,0.20
2019,10,1,18,22.1,88,2.0,20,0.04
2019,10,2,8,21.6,100,2.5,50,0.01
2019,10,2,9,22.0,100,3.0,50,0.08
2019,10,2,10,22.6,100,4.2,50,0.15
2019,10,2,11,23.0,100,3.6,70,0.18
2019,10,2,12,23.1,100,3.4,90,0.12
2019,10,2,13,23.1,100,3.1,70,0.09
2019,10,2,14,23.2,100,3.4,70,0.01
2019,10,2,15,23.2,100,3.0,70,0.01
2019,10,2,16,23.3,100,4.0,90,0.04
2019,10,2,17,23.1,100,4.5,140,0.02
2019,10,2,18,23.0,100,3.4,90,0.00
2019,10,3,8,23.6,81,7.6,230,0.32
2019,10,3,9,23.3,82,7.3,250,0.77
2019,10,3,10,23.7,80,8.3,250,1.24
2019,10,3,11,24.8,76,4.4,270,1.36
2019,10,3,12,26.7,65,5.2,270,2.62
2019,10,3,13,27.5,59,5.5,270,2.98
2019,10,3,14,28.1,59,4.9,270,2.55
2019,10,3,15,28.6,55,3.4,290,2.30
2019,10,3,16,27.7,58,2.2,320,1.46
2019,10,3,17,27.3,59,2.4,320,0.86
2019,10,3,18,25.7,64,1.3,340,0.29
2019,10,4,8,22.9,73,1.3,90,0.58
2019,10,4,9,24.6,62,2.0,110,1.34
2019,10,4,10,24.7,64,4.0,140,2.03
2019,10,4,11,25.3,60,3.4,110,2.52
2019,10,4,12,25.7,59,3.1,110,2.82
2019,10,4,13,25.4,60,3.5,110,2.87
2019,10,4,14,25.1,71,4.1,110,2.69
2019,10,4,15,25.0,72,3.0,110,2.26
2019,10,4,16,24.2,77,3.4,110,1.66
2019,10,4,17,23.5,77,3.5,110,0.93
2019,10,4,18,22.4,80,2.3,110,0.21
2019,10,5,8,22.1,86,2.0,270,0.31
2019,10,5,9,23.3,79,4.1,250,1.02
2019,10,5,10,24.1,75,4.8,250,1.63
2019,10,5,11,24.1,76,3.9,230,1.42
2019,10,5,12,25.2,69,4.6,200,1.79
2019,10,5,13,26.2,70,4.7,200,2.75
2019,10,5,14,24.7,78,3.9,200,1.89
2019,10,5,15,23.7,79,4.8,200,0.71
2019,10,5,16,24.7,75,3.4,200,0.98
2019,10,5,17,22.4,88,2.4,90,0.36
2019,10,5,18,20.9,97,3.2,70,0.07
2019,10,6,8,17.5,66,4.1,50,0.39
2019,10,6,9,18.8,61,3.8,50,1.15
2019,10,6,10,20.4,59,3.8,50,1.79
2019,10,6,11,21.3,55,4.6,50,2.06
2019,10,6,12,21.6,50,3.8,70,2.52
2019,10,6,13,21.5,51,4.5,50,2.24
2019,10,6,14,21.8,55,3.0,70,2.33
2019,10,6,15,22.6,47,4.1,50,2.19
2019,10,6,16,21.8,51,3.8,50,1.72
2019,10,6,17,21.2,52,2.3,50,0.92
2019,10,6,18,18.7,59,4.4,70,0.15
2019,10,7,8,18.3,72,2.4,50,0.31
2019,10,7,9,18.3,73,3.0,50,0.22
2019,10,7,10,18.7,74,2.7,50,0.39
2019,10,7,11,20.2,68,1.9,50,0.93
2019,10,7,12,21.1,65,2.6,70,1.29
2019,10,7,13,20.8,68,2.5,70,1.07
2019,10,7,14,20.3,69,2.1,70,0.63
2019,10,7,15,19.7,71,2.3,70,0.29
2019,10,7,16,19.3,74,2.3,70,0.21
2019,10,7,17,19.3,76,2.0,70,0.13
2019,10,7,18,19.0,85,2.4,50,0.01
2019,10,8,8,16.7,68,2.3,110,0.43
2019,10,8,9,18.3,60,2.6,160,0.95
2019,10,8,10,19.5,59,2.0,230,1.71
2019,10,8,11,21.1,53,3.2,90,2.38
2019,10,8,12,20.9,51,5.6,290,2.41
2019,10,8,13,21.6,48,4.4,290,2.86
2019,10,8,14,22.3,48,3.2,290,2.34
2019,10,8,15,23.3,47,3.0,340,2.24
2019,10,8,16,23.7,47,2.3,320,1.50
2019,10,8,17,23.2,47,3.0,290,0.87
2019,10,8,18,21.3,46,2.4,290,0.19
2019,10,9,8,14.9,42,0.8,270,0.58
2019,10,9,9,16.9,46,1.7,270,1.39
2019,10,9,10,19.2,41,1.8,270,2.06
2019,10,9,11,21.2,41,1.7,90,2.51
2019,10,9,12,22.1,42,2.4,140,2.86
2019,10,9,13,22.6,47,2.8,200,2.87
2019,10,9,14,22.3,53,3.6,200,2.67
2019,10,9,15,22.4,54,2.8,180,2.23
2019,10,9,16,20.7,58,3.3,200,1.32
2019,10,9,17,21.4,51,3.0,200,1.00
2019,10,9,18,19.2,56,1.6,200,0.18
2019,10,10,8,17.5,59,0.6,160,0.54
2019,10,10,9,20.5,52,0.6,70,1.30
2019,10,10,10,22.3,51,1.5,110,1.99
2019,10,10,11,23.2,55,2.6,180,2.48
2019,10,10,12,23.5,53,3.6,180,2.72
2019,10,10,13,23.5,50,3.5,250,2.74
2019,10,10,14,23.6,55,4.6,200,2.61
2019,10,10,15,24.4,53,3.0,180,2.19
2019,10,10,16,23.8,55,3.0,180,1.56
2019,10,10,17,23.8,52,3.1,270,0.84
2019,10,10,18,21.1,56,2.5,290,0.16
2019,10,11,8,19.6,66,0.3,0,0.50
2019,10,11,9,21.5,59,1.0,250,1.24
2019,10,11,10,23.2,39,3.3,50,1.96
2019,10,11,11,24.9,36,2.2,50,2.37
2019,10,11,12,25.7,40,2.8,90,2.74
2019,10,11,13,26.0,44,3.6,50,2.74
2019,10,11,14,26.6,46,2.9,50,2.51
2019,10,11,15,26.6,48,2.6,70,2.12
2019,10,11,16,25.5,39,4.3,50,1.56
2019,10,11,17,24.4,52,3.5,50,0.89
2019,10,11,18,21.8,61,4.6,50,0.17
2019,10,12,8,20.1,59,4.8,20,0.50
2019,10,12,9,21.1,56,5.1,50,1.09
2019,10,12,10,22.9,47,4.5,50,1.92
2019,10,12,11,24.0,46,3.5,50,2.43
2019,10,12,12,23.7,47,6.5,50,2.50
2019,10,12,13,24.2,45,6.6,50,2.71
2019,10,12,14,24.1,43,6.0,50,2.60
2019,10,12,15,23.2,47,7.3,50,2.20
2019,10,12,16,22.3,46,7.1,50,1.62
2019,10,12,17,20.9,51,6.1,20,0.83
2019,10,12,18,19.1,55,6.5,20,0.16
2019,10,13,8,17.1,62,3.8,50,0.53
2019,10,13,9,18.6,59,3.7,50,1.15
2019,10,13,10,20.1,55,4.3,50,1.29
2019,10,13,11,21.0,48,5.4,70,2.05
2019,10,13,12,22.6,45,4.5,50,2.66
2019,10,13,13,22.5,47,4.4,50,2.62
2019,10,13,14,22.7,47,4.9,50,2.55
2019,10,13,15,22.1,46,4.8,50,2.36
2019,10,13,16,20.9,49,4.0,50,1.31
2019,10,13,17,20.0,51,5.0,50,0.83
2019,10,13,18,18.0,58,3.5,50,0.16
2019,10,14,8,15.8,67,1.8,340,0.52
2019,10,14,9,18.9,60,2.3,20,1.26
2019,10,14,10,20.8,54,1.5,20,1.95
2019,10,14,11,21.4,53,2.0,270,2.43
2019,10,14,12,22.2,50,2.2,230,2.69
2019,10,14,13,22.9,48,3.1,200,2.73
2019,10,14,14,21.7,54,5.2,200,2.53
2019,10,14,15,21.4,56,4.0,200,2.11
2019,10,14,16,21.6,55,2.8,160,1.47
2019,10,14,17,21.1,59,2.5,200,0.74
2019,10,14,18,19.3,63,1.8,200,0.12
2019,10,15,8,15.6,69,3.3,50,0.07
2019,10,15,9,16.0,68,4.5,50,0.40
2019,10,15,10,16.0,67,4.3,50,0.39
2019,10,15,11,15.9,66,3.9,70,0.30
2019,10,15,12,16.1,66,4.6,50,0.36
2019,10,15,13,16.5,64,4.2,50,0.80
2019,10,15,14,17.3,62,3.2,50,0.98
2019,10,15,15,18.1,58,3.5,70,1.57
2019,10,15,16,17.8,61,3.5,70,0.76
2019,10,15,17,17.5,61,3.2,70,0.70
2019,10,15,18,15.5,67,2.2,50,0.12
2019,10,16,8,14.3,59,1.6,50,0.29
2019,10,16,9,17.3,49,1.9,50,1.18
2019,10,16,10,18.8,47,3.0,50,1.96
2019,10,16,11,19.5,49,2.0,50,1.95
2019,10,16,12,20.3,51,2.0,50,2.44
2019,10,16,13,21.4,50,2.6,110,2.75
2019,10,16,14,20.3,52,3.1,140,2.53
2019,10,16,15,20.1,56,3.6,110,2.12
2019,10,16,16,19.9,56,2.3,90,1.48
2019,10,16,17,17.8,62,2.9,70,0.63
2019,10,16,18,16.6,65,3.0,50,0.15
2019,10,17,8,15.5,69,3.0,50,0.27
2019,10,17,9,16.7,67,3.3,50,0.62
2019,10,17,10,19.6,59,3.3,50,1.28
2019,10,17,11,20.2,59,3.3,70,1.67
2019,10,17,12,20.4,56,3.6,70,1.86
2019,10,17,13,20.7,56,2.8,70,1.47
2019,10,17,14,20.1,60,3.1,70,1.17
2019,10,17,15,19.3,59,4.1,50,0.99
2019,10,17,16,19.0,61,3.2,50,0.49
2019,10,17,17,18.7,61,4.2,50,0.55
2019,10,17,18,17.7,63,4.4,50,0.05
2019,10,18,8,15.6,97,3.8,20,0.00
2019,10,18,9,16.2,99,2.8,50,0.12
2019,10,18,10,17.3,100,4.4,50,0.20
2019,10,18,11,17.4,100,3.7,50,0.11
2019,10,18,12,17.4,100,3.8,50,0.14
2019,10,18,13,17.7,100,3.1,50,0.15
2019,10,18,14,17.5,100,3.7,50,0.07
2019,10,18,15,17.5,100,3.7,50,0.10
2019,10,18,16,17.5,100,3.7,50,0.03
2019,10,18,17,17.5,100,4.7,50,0.00
2019,10,18,18,17.3,100,3.3,50,0.00
2019,10,19,8,17.4,84,1.4,320,0.48
2019,10,19,9,19.8,79,1.1,360,1.28
2019,10,19,10,21.2,72,1.5,50,1.96
2019,10,19,11,22.2,67,1.2,70,2.25
2019,10,19,12,22.7,64,1.7,20,2.23
2019,10,19,13,22.4,70,1.2,270,1.96
2019,10,19,14,22.5,68,3.2,200,1.63
2019,10,19,15,23.0,65,1.9,140,1.73
2019,10,19,16,21.9,70,2.7,140,0.65
2019,10,19,17,20.9,69,2.5,90,0.55
2019,10,19,18,19.2,79,2.3,70,0.14
2019,10,20,8,17.5,76,1.5,50,0.46
2019,10,20,9,20.3,65,1.8,50,1.21
2019,10,20,10,22.1,58,1.3,70,1.87
2019,10,20,11,23.2,47,2.0,70,2.35
2019,10,20,12,23.3,54,2.2,140,2.35
2019,10,20,13,23.1,58,2.8,140,2.39
2019,10,20,14,23.0,60,1.4,90,1.74
2019,10,20,15,21.3,68,2.4,90,1.05
2019,10,20,16,20.4,71,2.6,90,0.53
2019,10,20,17,20.3,73,3.0,90,0.61
2019,10,20,18,19.3,75,2.2,70,0.08
2019,10,21,8,17.6,71,3.1,50,0.37
2019,10,21,9,19.2,69,4.3,50,1.18
2019,10,21,10,21.4,60,3.7,50,1.68
2019,10,21,11,22.3,54,4.1,50,2.56
2019,10,21,12,23.1,50,3.5,70,2.93
2019,10,21,13,23.4,50,4.2,50,2.67
2019,10,21,14,23.0,50,3.6,70,2.53
2019,10,21,15,23.0,49,3.6,50,2.07
2019,10,21,16,21.8,55,3.6,70,1.33
2019,10,21,17,20.8,62,2.9,50,0.68
2019,10,21,18,18.8,65,3.3,50,0.10
2019,10,22,8,17.9,70,2.7,50,0.33
2019,10,22,9,18.5,69,2.9,50,0.59
2019,10,22,10,20.2,65,3.2,50,1.00
2019,10,22,11,22.0,60,2.7,50,1.42
2019,10,22,12,23.6,56,3.9,50,2.17
2019,10,22,13,22.4,62,3.7,50,2.03
2019,10,22,14,23.0,58,3.8,50,1.67
2019,10,22,15,22.3,60,3.1,50,1.41
2019,10,22,16,20.8,65,4.6,50,1.01
2019,10,22,17,21.3,64,2.4,50,0.58
2019,10,22,18,18.9,70,3.7,50,0.06
2019,10,23,8,17.3,70,2.9,20,6.00
2019,10,23,9,18.1,71,2.6,20,0.55
2019,10,23,10,18.9,69,2.3,50,0.59
2019,10,23,11,19.6,71,4.3,50,0.80
2019,10,23,12,20.0,72,2.8,50,1.07
2019,10,23,13,20.3,73,3.4,70,0.71
2019,10,23,14,20.7,69,4.6,50,0.99
2019,10,23,15,19.8,71,4.0,50,0.60
2019,10,23,16,19.3,72,3.1,50,0.20
2019,10,23,17,19.0,71,4.2,50,0.13
2019,10,23,18,18.8,70,4.0,50,0.00
2019,10,24,8,17.8,77,2.6,50,0.15
2019,10,24,9,18.5,76,3.0,50,0.32
2019,10,24,10,18.9,78,3.4,50,0.34
2019,10,24,11,19.3,78,3.7,20,0.63
2019,10,24,12,19.9,78,4.4,50,0.88
2019,10,24,13,20.8,73,4.2,50,0.91
2019,10,24,14,21.0,73,3.9,50,1.14
2019,10,24,15,19.8,78,4.1,50,0.76
2019,10,24,16,19.7,77,4.5,20,0.41
2019,10,24,17,19.0,79,3.6,50,0.16
2019,10,24,18,18.6,80,3.7,20,0.01
2019,10,25,8,17.4,77,3.2,320,0.34
2019,10,25,9,18.4,73,3.0,320,0.80
2019,10,25,10,19.3,72,2.6,340,1.38
2019,10,25,11,22.2,63,3.9,20,1.86
2019,10,25,12,23.0,59,1.7,20,1.77
2019,10,25,13,23.8,57,2.5,320,2.04
2019,10,25,14,24.7,57,2.2,320,2.35
2019,10,25,15,23.1,64,2.8,180,1.19
2019,10,25,16,21.7,70,2.6,140,0.67
2019,10,25,17,20.6,72,2.6,140,0.51
2019,10,25,18,19.6,78,1.8,110,0.04
2019,10,26,8,17.0,68,2.3,200,0.42
2019,10,26,9,17.3,65,2.6,250,1.00
2019,10,26,10,18.8,59,2.1,140,1.63
2019,10,26,11,19.6,54,2.3,50,2.25
2019,10,26,12,19.9,51,3.1,320,2.61
2019,10,26,13,21.0,47,2.6,320,2.63
2019,10,26,14,20.7,40,5.2,290,2.43
2019,10,26,15,21.0,35,4.1,290,1.96
2019,10,26,16,20.1,37,3.5,290,1.05
2019,10,26,17,18.3,35,2.6,340,0.43
2019,10,26,18,17.1,38,2.9,340,0.03
2019,10,27,8,11.9,51,2.7,200,0.43
2019,10,27,9,12.6,51,1.9,230,0.99
2019,10,27,10,13.5,46,1.5,50,1.27
2019,10,27,11,14.3,47,2.3,340,1.69
2019,10,27,12,17.1,34,2.0,320,2.59
2019,10,27,13,17.3,32,2.8,340,2.60
2019,10,27,14,18.5,26,2.5,270,1.90
2019,10,27,15,17.6,27,3.5,290,1.38
2019,10,27,16,17.6,27,1.7,340,0.90
2019,10,27,17,16.2,29,3.2,340,0.48
2019,10,27,18,15.1,31,3.3,340,0.03
2019,10,28,8,13.5,57,1.2,140,0.39
2019,10,28,9,14.9,48,1.1,340,1.02
2019,10,28,10,17.0,42,1.2,320,1.74
2019,10,28,11,17.8,38,3.9,270,2.06
2019,10,28,12,19.5,45,2.6,270,2.50
2019,10,28,13,19.5,42,4.7,230,2.58
2019,10,28,14,18.9,48,5.6,230,2.40
2019,10,28,15,18.7,51,4.7,230,1.91
2019,10,28,16,18.4,57,4.6,230,1.27
2019,10,28,17,17.0,59,4.8,250,0.42
2019,10,28,18,16.2,53,4.7,250,0.06
2019,10,29,8,14.9,74,1.8,250,0.34
2019,10,29,9,16.5,73,3.4,250,0.99
2019,10,29,10,17.2,69,4.6,250,1.52
2019,10,29,11,18.6,62,3.8,230,1.98
2019,10,29,12,20.0,47,3.8,270,2.21
2019,10,29,13,20.2,54,2.8,320,2.05
2019,10,29,14,20.6,49,4.7,250,2.05
2019,10,29,15,20.9,51,3.8,250,1.60
2019,10,29,16,20.4,46,4.2,250,1.09
2019,10,29,17,19.0,47,4.3,250,0.45
2019,10,29,18,17.8,45,2.9,270,0.03
2019,10,30,8,11.8,64,3.2,270,0.40
2019,10,30,9,13.1,57,3.1,320,1.12
2019,10,30,10,14.0,53,4.0,360,1.80
2019,10,30,11,15.1,47,6.2,290,2.30
2019,10,30,12,17.0,42,3.1,320,2.59
2019,10,30,13,18.9,36,2.8,290,2.61
2019,10,30,14,19.5,28,3.4,290,2.39
2019,10,30,15,19.9,29,2.5,290,1.97
2019,10,30,16,19.7,30,1.7,320,1.33
2019,10,30,17,18.9,34,2.5,290,0.59
2019,10,30,18,16.5,33,1.6,230,0.04
2019,10,31,8,14.1,51,2.1,160,0.38
2019,10,31,9,15.8,49,1.9,270,1.09
2019,10,31,10,16.3,51,4.3,290,1.76
2019,10,31,11,18.4,45,1.9,250,2.25
2019,10,31,12,19.2,39,2.6,290,2.52
2019,10,31,13,20.8,28,1.9,340,2.57
2019,10,31,14,22.4,34,3.2,270,2.36
2019,10,31,15,21.2,41,4.5,250,1.88
2019,10,31,16,20.6,46,4.1,230,1.25
2019,10,31,17,19.8,44,3.8,250,0.54
2019,10,31,18,17.8,47,3.4,270,0.03
2019,11,1,8,14.4,58,2.2,320,0.30
2019,11,1,9,17.3,49,1.6,320,0.99
2019,11,1,10,18.3,50,2.6,320,1.61
2019,11,1,11,20.0,49,2.6,320,2.10
2019,11,1,12,21.3,45,2.0,360,2.38
2019,11,1,13,23.2,42,1.7,110,2.39
2019,11,1,14,22.9,46,3.4,200,2.14
2019,11,1,15,22.4,44,2.4,110,1.63
2019,11,1,16,21.0,49,2.5,110,1.05
2019,11,1,17,19.5,54,2.8,70,0.42
2019,11,1,18,18.3,59,2.7,50,0.01
2019,11,2,8,16.2,66,2.8,50,0.29
2019,11,2,9,18.6,59,2.8,50,0.92
2019,11,2,10,20.4,54,1.6,50,1.55
2019,11,2,11,21.9,54,2.6,110,2.12
2019,11,2,12,22.1,54,1.9,90,2.35
2019,11,2,13,20.2,60,3.9,110,1.90
2019,11,2,14,20.6,59,3.1,140,1.42
2019,11,2,15,19.6,61,2.2,110,0.89
2019,11,2,16,19.3,62,2.3,110,0.58
2019,11,2,17,18.8,65,1.8,110,0.51
2019,11,2,18,18.1,64,1.5,90,0.02
2019,11,3,8,15.0,71,3.2,320,0.16
2019,11,3,9,16.0,70,1.3,290,0.55
2019,11,3,10,17.0,67,1.0,290,0.75
2019,11,3,11,17.9,61,2.2,340,1.06
2019,11,3,12,18.4,63,1.9,320,1.22
2019,11,3,13,21.1,52,1.7,20,2.12
2019,11,3,14,22.1,51,2.1,160,1.64
2019,11,3,15,19.6,58,3.5,200,1.28
2019,11,3,16,19.8,58,2.0,160,0.86
2019,11,3,17,19.0,60,1.5,200,0.40
2019,11,3,18,18.3,69,1.5,70,0.03
2019,11,4,8,13.4,75,2.9,50,0.12
2019,11,4,9,14.2,73,2.9,50,0.39
2019,11,4,10,15.1,71,3.6,50,0.61
2019,11,4,11,16.5,64,1.8,50,0.87
2019,11,4,12,17.9,57,2.1,70,1.47
2019,11,4,13,19.0,53,2.3,50,1.86
2019,11,4,14,18.3,51,2.3,70,1.71
2019,11,4,15,17.2,54,3.1,70,1.09
2019,11,4,16,17.6,52,2.7,70,1.00
2019,11,4,17,16.0,56,2.6,70,0.44
2019,11,4,18,14.3,58,3.2,50,0.02
2019,11,5,8,13.3,71,0.7,110,0.29
2019,11,5,9,15.6,60,1.0,160,0.93
2019,11,5,10,16.3,60,2.8,320,1.56
2019,11,5,11,17.3,57,3.2,320,2.08
2019,11,5,12,18.7,46,1.9,360,2.40
2019,11,5,13,19.1,46,3.0,360,2.41
2019,11,5,14,20.6,39,2.1,340,2.22
2019,11,5,15,20.3,41,2.3,230,1.80
2019,11,5,16,20.1,40,2.2,320,1.19
2019,11,5,17,18.9,44,2.7,270,0.48
2019,11,5,18,16.3,52,1.3,250,0.01
2019,11,6,8,13.5,55,1.3,180,0.30
2019,11,6,9,15.6,49,1.4,20,0.97
2019,11,6,10,17.7,42,0.8,200,1.62
2019,11,6,11,19.4,37,1.3,270,2.09
2019,11,6,12,21.0,33,3.0,140,2.39
2019,11,6,13,19.8,36,4.8,200,2.39
2019,11,6,14,19.7,37,4.2,200,2.15
2019,11,6,15,19.5,36,3.6,180,1.67
2019,11,6,16,18.4,47,4.1,200,1.20
2019,11,6,17,18.0,43,2.7,250,0.44
2019,11,6,18,15.7,55,1.7,250,0.01
2019,11,7,8,13.0,55,1.8,140,0.18
2019,11,7,9,12.8,58,2.4,360,0.61
2019,11,7,10,13.5,54,3.8,290,0.90
2019,11,7,11,15.8,43,3.0,160,1.75
2019,11,7,12,17.0,44,2.8,340,2.18
2019,11,7,13,18.0,43,3.7,290,2.41
2019,11,7,14,18.1,43,5.1,290,1.98
2019,11,7,15,18.8,39,2.9,320,1.56
2019,11,7,16,18.6,41,2.5,290,1.07
2019,11,7,17,17.4,47,0.8,110,0.41
2019,11,7,18,15.8,50,1.7,90,0.01
2019,11,8,8,11.7,57,3.6,340,6.00
2019,11,8,9,12.6,54,4.8,340,0.90
2019,11,8,10,13.5,51,4.9,340,1.53
2019,11,8,11,15.5,46,3.7,340,1.99
2019,11,8,12,16.5,47,2.9,340,2.29
2019,11,8,13,18.3,42,2.2,360,2.29
2019,11,8,14,18.5,44,2.7,360,2.09
2019,11,8,15,18.5,43,2.3,360,1.62
2019,11,8,16,18.1,38,2.3,360,1.06
2019,11,8,17,16.8,36,1.6,340,0.41
2019,11,8,18,14.5,30,2.5,340,0.01
2019,11,9,8,9.7,36,0.2,0,0.18
2019,11,9,9,13.7,36,1.8,140,0.90
2019,11,9,10,16.4,37,1.5,160,1.55
2019,11,9,11,18.3,39,1.2,360,2.01
2019,11,9,12,19.8,38,1.6,140,2.29
2019,11,9,13,20.1,37,3.3,180,2.27
2019,11,9,14,19.4,40,2.6,180,2.05
2019,11,9,15,19.3,39,2.9,180,1.66
2019,11,9,16,18.8,34,3.2,230,1.08
2019,11,9,17,17.4,47,1.8,90,0.43
2019,11,9,18,15.1,53,1.0,20,0.01
2019,11,10,8,11.1,49,0.3,0,0.20
2019,11,10,9,12.8,51,1.0,90,0.61
2019,11,10,10,14.0,41,0.3,0,0.64
2019,11,10,11,16.6,46,1.5,230,1.32
2019,11,10,12,18.1,43,2.5,270,1.26
2019,11,10,13,17.6,45,3.2,250,1.39
2019,11,10,14,16.7,52,3.3,200,0.90
2019,11,10,15,17.0,56,3.2,200,0.87
2019,11,10,16,16.4,61,3.9,200,0.44
2019,11,10,17,16.7,61,5.3,250,0.29
2019,11,10,18,16.4,64,4.2,230,0.01
2019,11,11,8,12.7,64,4.4,270,0.22
2019,11,11,9,14.1,62,4.4,270,0.86
2019,11,11,10,15.6,58,5.7,270,1.51
2019,11,11,11,16.4,54,5.5,250,1.97
2019,11,11,12,17.4,51,6.0,250,2.27
2019,11,11,13,18.2,47,6.5,250,2.31
2019,11,11,14,19.0,43,6.6,270,2.15
2019,11,11,15,18.9,43,4.8,270,1.38
2019,11,11,16,19.3,42,2.0,340,1.06
2019,11,11,17,18.1,44,4.6,270,0.43
2019,11,11,18,16.4,47,3.0,270,0.01
2019,11,12,8,11.6,63,3.0,360,6.00
2019,11,12,9,14.1,57,1.3,270,0.89
2019,11,12,10,16.2,52,1.7,160,1.53
2019,11,12,11,17.4,43,0.9,90,2.00
2019,11,12,12,18.9,37,2.7,160,2.32
2019,11,12,13,17.3,48,3.2,200,1.90
2019,11,12,14,18.1,43,3.5,200,1.72
2019,11,12,15,17.9,40,2.4,180,1.61
2019,11,12,16,16.5,48,3.1,200,0.84
2019,11,12,17,15.4,51,1.9,230,0.21
2019,11,12,18,14.3,53,1.7,270,0.01
2019,11,13,8,11.4,65,0.7,230,0.18
2019,11,13,9,13.4,55,0.6,230,0.45
2019,11,13,10,14.9,43,3.8,250,0.87
2019,11,13,11,15.5,48,4.2,270,1.03
2019,11,13,12,15.5,57,4.9,250,1.27
2019,11,13,13,16.0,61,6.6,270,1.16
2019,11,13,14,15.6,62,6.1,250,1.00
2019,11,13,15,15.9,59,7.5,270,0.43
2019,11,13,16,16.1,50,5.0,250,0.17
2019,11,13,17,16.0,48,5.5,250,0.18
2019,11,13,18,15.5,51,6.9,270,0.01
2019,11,14,8,6.4,42,2.2,360,0.24
2019,11,14,9,6.7,37,2.6,320,0.91
2019,11,14,10,7.5,34,2.7,340,1.58
2019,11,14,11,7.4,31,3.9,320,2.10
2019,11,14,12,8.8,28,3.5,290,2.37
2019,11,14,13,9.7,29,1.9,20,2.40
2019,11,14,14,10.0,24,3.7,290,2.20
2019,11,14,15,10.3,21,4.0,290,1.76
2019,11,14,16,10.6,24,2.3,320,1.14
2019,11,14,17,8.6,23,1.9,340,0.43
2019,11,14,18,6.8,24,2.2,340,0.00
2019,11,15,8,7.2,34,3.7,340,0.21
2019,11,15,9,9.2,32,3.5,290,0.86
2019,11,15,10,12.1,26,2.8,290,1.51
2019,11,15,11,13.4,26,5.1,250,2.00
2019,11,15,12,13.8,33,5.2,250,2.27
2019,11,15,13,15.4,36,4.5,230,2.29
2019,11,15,14,16.1,38,4.9,200,2.05
2019,11,15,15,15.6,41,4.8,230,1.60
2019,11,15,16,15.7,47,4.6,250,1.00
2019,11,15,17,14.1,58,5.5,250,0.36
2019,11,15,18,13.3,59,4.7,250,0.00
2019,11,16,8,12.5,70,2.9,250,0.17
2019,11,16,9,14.5,67,3.5,270,0.78
2019,11,16,10,16.1,63,5.0,270,1.38
2019,11,16,11,17.0,57,4.7,250,1.49
2019,11,16,12,18.1,55,5.0,250,2.12
2019,11,16,13,18.5,54,4.9,250,2.16
2019,11,16,14,19.6,54,4.2,200,1.95
2019,11,16,15,19.0,55,4.1,200,1.52
2019,11,16,16,18.5,58,4.2,200,0.88
2019,11,16,17,16.9,66,4.1,250,0.31
2019,11,16,18,16.0,67,3.5,250,0.01
2019,11,17,8,13.6,78,2.3,50,0.03
2019,11,17,9,14.7,78,2.2,50,0.18
2019,11,17,10,15.6,79,1.5,50,0.29
2019,11,17,11,16.7,74,1.6,70,0.38
2019,11,17,12,16.9,75,1.2,90,0.36
2019,11,17,13,17.8,73,2.1,90,0.54
2019,11,17,14,17.8,73,1.6,70,0.52
2019,11,17,15,18.7,75,2.5,90,0.73
2019,11,17,16,18.3,77,0.8,110,0.33
2019,11,17,17,18.3,68,2.1,140,0.01
2019,11,17,18,17.8,70,1.7,200,0.00
2019,11,18,8,15.8,67,4.1,270,0.11
2019,11,18,9,16.1,61,5.6,290,0.27
2019,11,18,10,17.2,56,3.5,290,0.95
2019,11,18,11,16.7,61,3.2,290,1.46
2019,11,18,12,15.5,55,3.9,320,1.81
2019,11,18,13,15.3,53,2.9,320,1.34
2019,11,18,14,15.5,51,3.7,290,1.01
2019,11,18,15,14.2,49,3.5,250,0.79
2019,11,18,16,13.1,51,2.4,340,0.72
2019,11,18,17,11.8,51,2.2,200,0.14
2019,11,18,18,10.8,46,2.7,290,0.00
2019,11,19,8,5.8,55,1.2,340,0.21
2019,11,19,9,7.8,51,1.7,290,0.90
2019,11,19,10,8.7,49,2.4,320,1.29
2019,11,19,11,10.0,48,2.2,320,2.02
2019,11,19,12,8.9,49,3.5,360,2.49
2019,11,19,13,10.6,38,2.4,340,2.31
2019,11,19,14,10.1,39,2.9,320,2.12
2019,11,19,15,10.5,38,1.8,320,1.69
2019,11,19,16,9.8,38,3.5,270,1.05
2019,11,19,17,8.2,39,2.8,320,0.36
2019,11,19,18,7.3,40,2.0,290,0.01
2019,11,20,8,3.0,44,3.2,50,0.19
2019,11,20,9,3.9,40,3.6,320,0.86
2019,11,20,10,5.5,38,3.5,290,1.54
2019,11,20,11,7.2,35,2.8,340,2.02
2019,11,20,12,8.5,32,3.5,340,2.29
2019,11,20,13,11.6,29,1.4,140,2.32
2019,11,20,14,12.2,28,1.4,360,2.09
2019,11,20,15,11.4,35,3.1,200,1.63
2019,11,20,16,11.4,35,2.4,230,1.01
2019,11,20,17,9.5,29,1.7,320,0.37
2019,11,20,18,7.9,32,2.1,320,0.00
2019,11,21,8,6.5,34,1.6,50,0.17
2019,11,21,9,10.3,33,2.2,50,0.78
2019,11,21,10,12.8,38,3.1,50,1.41
2019,11,21,11,15.0,37,2.9,50,1.91
2019,11,21,12,15.6,41,3.1,70,2.17
2019,11,21,13,15.7,43,3.4,110,2.22
2019,11,21,14,15.5,47,4.0,90,2.02
2019,11,21,15,15.3,48,2.8,90,1.51
2019,11,21,16,14.5,52,3.0,70,0.84
2019,11,21,17,12.8,56,3.0,50,0.28
2019,11,21,18,12.1,56,2.3,50,0.01
2019,11,22,8,12.3,66,3.3,50,0.16
2019,11,22,9,14.6,61,3.2,50,0.76
2019,11,22,10,17.2,58,3.3,50,1.39
2019,11,22,11,17.7,60,2.6,70,1.55
2019,11,22,12,19.8,54,2.2,90,2.23
2019,11,22,13,19.4,51,3.1,90,2.13
2019,11,22,14,19.5,53,2.7,90,2.21
2019,11,22,15,19.5,55,2.7,90,1.71
2019,11,22,16,17.9,62,3.2,70,1.03
2019,11,22,17,16.2,65,2.9,50,0.28
2019,11,22,18,14.9,67,2.6,50,0.00
2019,11,23,8,13.6,68,2.5,50,0.10
2019,11,23,9,16.2,60,2.7,50,0.71
2019,11,23,10,17.8,58,3.4,50,1.37
2019,11,23,11,19.7,54,2.2,50,1.84
2019,11,23,12,20.0,54,3.3,90,2.10
2019,11,23,13,20.1,54,2.4,90,2.16
2019,11,23,14,20.2,54,1.9,90,1.88
2019,11,23,15,19.5,57,2.2,70,1.41
2019,11,23,16,18.7,59,1.5,90,0.86
2019,11,23,17,17.2,67,1.6,70,0.34
2019,11,23,18,15.4,72,1.6,50,0.00
2019,11,24,8,14.5,95,0.4,0,0.00
2019,11,24,9,14.8,97,1.1,90,0.01
2019,11,24,10,15.2,98,1.2,70,0.16
2019,11,24,11,15.7,97,0.9,20,0.09
2019,11,24,12,16.9,99,0.7,110,0.56
2019,11,24,13,18.1,97,1.6,290,0.79
2019,11,24,14,18.7,89,1.9,290,0.90
2019,11,24,15,18.1,85,2.1,340,0.70
2019,11,24,16,17.7,81,1.9,340,0.57
2019,11,24,17,17.0,84,3.3,340,0.21
2019,11,24,18,16.7,82,1.1,320,0.00
2019,11,25,8,10.0,52,4.4,360,0.15
2019,11,25,9,10.4,45,5.9,340,0.73
2019,11,25,10,12.5,41,1.6,340,1.20
2019,11,25,11,14.1,40,2.8,20,1.20
2019,11,25,12,15.2,54,5.5,20,1.96
2019,11,25,13,15.3,56,4.7,50,1.86
2019,11,25,14,13.3,65,4.4,50,0.85
2019,11,25,15,11.7,71,4.3,50,0.36
2019,11,25,16,11.1,75,4.6,50,0.18
2019,11,25,17,10.7,75,4.9,50,0.15
2019,11,25,18,10.3,77,4.2,50,0.00
2019,11,26,8,8.9,76,2.7,20,0.04
2019,11,26,9,9.6,70,3.5,20,0.22
2019,11,26,10,12.8,56,2.8,50,0.78
2019,11,26,11,15.1,48,3.4,70,1.82
2019,11,26,12,15.9,46,2.8,50,2.12
2019,11,26,13,16.2,42,2.9,50,2.19
2019,11,26,14,16.3,45,2.8,70,1.99
2019,11,26,15,15.9,45,3.1,70,1.71
2019,11,26,16,13.9,50,2.3,70,0.89
2019,11,26,17,12.2,54,3.0,70,0.32
2019,11,26,18,11.0,58,3.1,50,0.00
2019,11,27,8,10.1,60,3.3,340,0.08
2019,11,27,9,10.9,56,3.3,320,0.54
2019,11,27,10,10.6,58,3.6,340,0.33
2019,11,27,11,11.6,59,1.7,320,0.65
2019,11,27,12,10.8,61,2.2,290,0.32
2019,11,27,13,10.8,61,2.0,340,0.37
2019,11,27,14,11.2,62,2.3,320,0.47
2019,11,27,15,11.5,61,1.2,140,0.35
2019,11,27,16,11.1,62,3.2,340,6.00
2019,11,27,17,10.6,61,3.6,340,0.07
2019,11,27,18,10.3,60,3.2,360,0.00
2019,11,28,8,9.1,75,3.8,50,0.02
2019,11,28,9,9.5,77,3.8,50,0.23
2019,11,28,10,9.6,77,5.4,50,0.51
2019,11,28,11,10.5,76,5.3,50,0.67
2019,11,28,12,10.4,73,3.4,50,0.65
2019,11,28,13,12.1,64,4.1,50,0.99
2019,11,28,14,12.4,62,3.3,50,1.20
2019,11,28,15,11.2,64,2.8,50,0.91
2019,11,28,16,10.5,67,4.0,20,0.58
2019,11,28,17,9.5,69,3.6,20,0.20
2019,11,28,18,8.8,68,3.0,20,0.00
2019,11,29,8,6.1,60,5.0,360,0.13
2019,11,29,9,7.3,52,2.8,110,0.74
2019,11,29,10,7.7,46,3.1,360,1.35
2019,11,29,11,9.0,35,3.6,320,1.85
2019,11,29,12,10.0,28,4.5,290,2.16
2019,11,29,13,12.1,28,2.4,320,2.22
2019,11,29,14,12.3,23,4.1,320,2.04
2019,11,29,15,13.8,20,1.7,340,1.62
2019,11,29,16,13.2,18,2.1,320,1.02
2019,11,29,17,10.9,18,2.3,340,0.33
2019,11,29,18,9.5,20,2.7,340,0.00
2019,11,30,8,8.2,64,0.7,160,0.10
2019,11,30,9,11.5,63,1.7,50,0.66
2019,11,30,10,11.7,60,1.7,320,0.94
2019,11,30,11,11.8,61,1.7,320,0.89
2019,11,30,12,12.3,60,2.0,340,0.87
2019,11,30,13,13.3,56,2.1,320,1.70
2019,11,30,14,13.9,56,2.6,360,1.61
2019,11,30,15,15.5,45,2.9,250,1.53
2019,11,30,16,14.7,40,4.3,250,0.96
2019,11,30,17,12.8,47,3.0,270,0.31
2019,11,30,18,11.4,57,1.8,290,0.00
2019,12,1,8,10.4,79,1.4,290,0.00
2019,12,1,9,9.7,80,3.5,320,0.05
2019,12,1,10,10.4,79,1.3,50,0.23
2019,12,1,11,10.8,84,0.7,160,0.37
2019,12,1,12,11.3,85,1.3,70,0.65
2019,12,1,13,11.2,90,0.6,50,0.62
2019,12,1,14,10.4,95,1.1,110,0.17
2019,12,1,15,9.5,97,2.9,70,0.06
2019,12,1,16,9.1,98,3.0,50,0.05
2019,12,1,17,8.7,99,4.4,50,0.00
2019,12,1,18,8.5,100,2.2,20,0.00
2019,12,2,8,5.9,56,2.9,140,0.08
2019,12,2,9,6.5,53,2.4,200,0.66
2019,12,2,10,7.7,52,2.4,70,1.28
2019,12,2,11,8.0,49,3.6,270,1.74
2019,12,2,12,9.0,45,3.2,270,2.01
2019,12,2,13,9.0,42,5.0,290,2.10
2019,12,2,14,10.1,39,2.7,340,1.94
2019,12,2,15,10.0,36,5.9,270,1.47
2019,12,2,16,8.8,35,2.4,340,0.94
2019,12,2,17,7.5,36,4.4,320,0.32
2019,12,2,18,6.5,40,4.4,270,0.00
2019,12,3,8,1.2,59,1.6,290,0.10
2019,12,3,9,3.6,48,1.2,290,0.65
2019,12,3,10,5.1,48,1.7,360,1.28
2019,12,3,11,6.3,44,2.6,250,1.77
2019,12,3,12,7.0,47,3.2,250,2.06
2019,12,3,13,7.8,44,2.9,230,2.08
2019,12,3,14,8.4,43,3.9,270,1.91
2019,12,3,15,7.4,45,5.5,250,1.15
2019,12,3,16,7.9,51,4.0,250,0.63
2019,12,3,17,6.8,54,4.9,270,0.21
2019,12,3,18,6.6,58,3.9,270,0.00
2019,12,4,8,5.4,62,3.6,270,0.07
2019,12,4,9,7.1,62,3.4,270,0.58
2019,12,4,10,8.5,56,4.2,270,1.16
2019,12,4,11,9.6,47,1.6,320,1.63
2019,12,4,12,10.3,44,2.3,360,1.93
2019,12,4,13,10.6,43,2.5,360,1.98
2019,12,4,14,11.2,40,2.1,340,1.54
2019,12,4,15,10.8,39,3.1,320,1.29
2019,12,4,16,10.0,42,2.6,360,0.74
2019,12,4,17,8.7,45,1.4,360,0.19
2019,12,4,18,7.8,45,1.4,340,0.00
2019,12,5,8,3.1,58,1.7,360,0.07
2019,12,5,9,4.8,49,2.3,360,0.60
2019,12,5,10,6.7,38,2.1,360,1.29
2019,12,5,11,8.3,30,1.4,360,1.77
2019,12,5,12,7.9,27,2.8,290,1.76
2019,12,5,13,8.8,30,2.3,360,2.09
2019,12,5,14,9.0,27,3.2,360,1.89
2019,12,5,15,8.4,30,2.9,340,1.40
2019,12,5,16,7.7,30,2.8,340,0.93
2019,12,5,17,5.5,30,3.1,360,6.00
2019,12,5,18,4.6,30,1.4,290,0.00
2019,12,6,8,-2.4,30,3.7,340,0.05
2019,12,6,9,-1.9,30,4.6,340,0.46
2019,12,6,10,0.0,27,2.8,320,0.72
2019,12,6,11,-0.1,26,3.7,360,1.01
2019,12,6,12,1.9,23,2.4,360,1.42
2019,12,6,13,2.6,22,3.8,340,1.52
2019,12,6,14,3.6,21,3.1,270,1.45
2019,12,6,15,3.6,20,3.8,340,1.17
2019,12,6,16,3.8,20,2.8,320,0.74
2019,12,6,17,2.8,19,2.8,320,0.30
2019,12,6,18,2.3,17,3.9,360,0.00
2019,12,7,8,-0.4,50,1.9,360,0.08
2019,12,7,9,1.0,48,3.0,360,0.66
2019,12,7,10,2.5,45,3.0,340,1.29
2019,12,7,11,5.2,38,2.5,320,1.79
2019,12,7,12,7.9,34,1.9,20,2.06
2019,12,7,13,8.1,36,2.9,290,2.09
2019,12,7,14,8.4,36,4.5,290,1.92
2019,12,7,15,8.8,35,4.1,270,1.55
2019,12,7,16,9.1,34,2.6,290,0.95
2019,12,7,17,7.0,38,1.9,360,0.29
2019,12,7,18,5.9,41,2.0,340,0.00
2019,12,8,8,3.0,48,0.9,360,0.07
2019,12,8,9,6.1,49,0.9,160,0.60
2019,12,8,10,7.3,43,1.0,320,1.24
2019,12,8,11,8.5,36,1.6,270,1.73
2019,12,8,12,9.4,32,2.0,270,2.04
2019,12,8,13,10.3,29,1.8,290,2.10
2019,12,8,14,11.5,21,2.7,230,1.96
2019,12,8,15,10.9,30,3.0,250,1.58
2019,12,8,16,10.8,30,2.5,250,0.98
2019,12,8,17,7.9,35,2.6,250,0.30
2019,12,8,18,6.4,37,1.5,320,0.00
2019,12,9,8,4.8,53,2.2,340,0.06
2019,12,9,9,6.1,48,2.8,320,0.58
2019,12,9,10,8.1,44,1.8,20,1.22
2019,12,9,11,8.3,37,4.4,340,1.75
2019,12,9,12,9.8,34,2.9,290,2.07
2019,12,9,13,11.9,28,2.7,270,2.07
2019,12,9,14,12.9,27,0.9,290,1.85
2019,12,9,15,12.9,31,2.5,270,1.50
2019,12,9,16,10.9,36,3.8,250,0.87
2019,12,9,17,9.3,35,3.2,250,0.26
2019,12,9,18,8.4,38,3.7,270,0.00
2019,12,10,8,7.8,71,0.3,0,0.06
2019,12,10,9,9.6,69,1.8,230,0.33
2019,12,10,10,12.8,62,3.1,250,0.98
2019,12,10,11,14.3,59,4.2,250,1.52
2019,12,10,12,14.8,56,4.2,250,1.82
2019,12,10,13,15.5,53,4.6,250,1.86
2019,12,10,14,16.1,54,4.5,250,1.70
2019,12,10,15,15.8,55,4.8,270,1.28
2019,12,10,16,15.1,58,3.7,230,0.72
2019,12,10,17,13.9,59,3.4,250,0.22
2019,12,10,18,12.9,64,3.3,250,0.00
2019,12,11,8,11.9,73,3.6,250,0.08
2019,12,11,9,13.1,70,3.4,270,0.52
2019,12,11,10,14.1,69,3.7,270,1.08
2019,12,11,11,15.0,63,4.1,270,1.54
2019,12,11,12,15.5,57,5.3,250,1.87
2019,12,11,13,15.6,54,6.9,250,1.92
2019,12,11,14,16.0,55,6.5,250,1.74
2019,12,11,15,15.9,53,8.0,250,1.32
2019,12,11,16,15.6,52,7.2,270,0.75
2019,12,11,17,14.8,54,7.5,250,0.21
2019,12,11,18,14.4,56,7.5,250,0.00
2019,12,12,8,3.0,45,1.4,360,0.06
2019,12,12,9,4.6,35,1.3,360,0.59
2019,12,12,10,5.2,30,3.9,290,1.23
2019,12,12,11,5.7,28,4.7,290,1.76
2019,12,12,12,6.7,24,4.1,290,2.06
2019,12,12,13,7.8,20,3.4,290,2.11
2019,12,12,14,8.3,20,2.8,340,1.96
2019,12,12,15,8.4,21,2.4,320,1.56
2019,12,12,16,9.1,17,1.3,270,0.98
2019,12,12,17,6.6,21,2.0,320,0.30
2019,12,12,18,5.4,23,1.0,320,0.00
2019,12,13,8,3.5,19,3.1,340,0.06
2019,12,13,9,6.0,27,1.4,110,0.55
2019,12,13,10,8.1,18,1.5,270,1.09
2019,12,13,11,9.7,27,2.1,290,1.47
2019,12,13,12,9.6,31,5.3,270,1.73
2019,12,13,13,10.0,31,4.5,270,1.75
2019,12,13,14,9.3,36,4.6,250,1.48
2019,12,13,15,9.2,37,4.4,250,0.92
2019,12,13,16,9.2,42,2.4,270,0.55
2019,12,13,17,8.7,39,3.7,250,0.19
2019,12,13,18,8.0,39,3.5,270,0.01
2019,12,14,8,7.2,65,4.7,270,0.04
2019,12,14,9,8.7,59,3.5,270,0.45
2019,12,14,10,10.1,53,2.3,340,0.99
2019,12,14,11,11.0,55,2.0,20,1.53
2019,12,14,12,10.5,48,5.5,290,1.93
2019,12,14,13,11.9,41,3.2,160,1.95
2019,12,14,14,12.2,28,3.1,340,1.91
2019,12,14,15,12.0,23,4.8,290,1.54
2019,12,14,16,11.8,22,2.5,340,0.91
2019,12,14,17,9.8,25,1.9,340,6.00
2019,12,14,18,8.5,29,1.2,360,0.00
2019,12,15,8,7.0,71,3.1,20,0.02
2019,12,15,9,8.5,67,3.5,50,0.27
2019,12,15,10,10.8,61,3.6,50,0.73
2019,12,15,11,11.7,59,2.4,50,0.94
2019,12,15,12,12.0,54,3.3,70,0.99
2019,12,15,13,14.2,50,3.1,90,1.83
2019,12,15,14,13.3,50,2.4,70,1.75
2019,12,15,15,13.3,49,3.3,90,1.47
2019,12,15,16,12.1,52,2.0,70,0.88
2019,12,15,17,9.9,55,2.9,70,0.19
2019,12,15,18,8.9,58,2.8,50,0.00
2019,12,16,8,6.9,74,0.4,0,0.04
2019,12,16,9,10.0,68,0.9,110,0.46
2019,12,16,10,12.5,60,0.6,20,1.04
2019,12,16,11,14.9,55,1.6,110,1.53
2019,12,16,12,15.5,56,2.7,140,1.83
2019,12,16,13,15.8,54,2.3,110,1.88
2019,12,16,14,15.3,55,2.8,140,1.57
2019,12,16,15,15.1,57,2.4,140,1.29
2019,12,16,16,13.4,58,1.6,110,0.56
2019,12,16,17,12.4,62,1.3,90,0.15
2019,12,16,18,11.7,63,1.4,70,0.00
2019,12,17,8,11.0,76,0.5,290,0.00
2019,12,17,9,11.7,75,1.4,50,0.11
2019,12,17,10,12.6,73,0.9,230,0.26
2019,12,17,11,15.2,70,2.2,250,0.77
2019,12,17,12,14.8,76,4.1,270,0.74
2019,12,17,13,14.4,80,5.5,270,0.48
2019,12,17,14,15.0,75,6.5,270,1.07
2019,12,17,15,16.3,75,3.9,270,1.03
2019,12,17,16,15.1,80,3.7,250,0.35
2019,12,17,17,14.8,83,5.0,250,0.17
2019,12,17,18,14.0,87,4.4,270,0.00
2019,12,18,8,8.0,51,5.9,340,0.03
2019,12,18,9,8.5,48,5.9,340,0.41
2019,12,18,10,9.0,48,5.2,340,0.87
2019,12,18,11,9.9,43,4.9,340,1.13
2019,12,18,12,11.7,39,3.4,320,1.64
2019,12,18,13,12.6,36,2.3,340,1.73
2019,12,18,14,15.1,30,1.4,340,1.74
2019,12,18,15,15.0,28,2.2,290,1.48
2019,12,18,16,14.5,27,2.1,320,0.92
2019,12,18,17,12.0,28,3.2,340,0.30
2019,12,18,18,11.0,32,3.6,340,0.00
2019,12,19,8,4.5,35,4.4,360,0.02
2019,12,19,9,5.2,31,5.3,360,0.48
2019,12,19,10,7.9,26,4.3,140,1.34
2019,12,19,11,8.6,23,4.3,180,1.63
2019,12,19,12,9.7,21,2.8,160,1.93
2019,12,19,13,11.3,18,2.7,90,1.98
2019,12,19,14,11.7,18,2.4,270,1.88
2019,12,19,15,11.2,18,2.7,360,1.42
2019,12,19,16,10.1,19,2.8,20,0.81
2019,12,19,17,8.8,19,2.2,70,0.17
2019,12,19,18,7.8,20,2.0,360,0.00
2019,12,20,8,1.8,37,1.7,340,0.02
2019,12,20,9,4.3,37,0.7,70,0.47
2019,12,20,10,6.5,39,1.2,290,1.06
2019,12,20,11,7.7,44,1.9,320,1.54
2019,12,20,12,8.2,40,1.5,340,1.85
2019,12,20,13,8.7,40,2.9,340,1.91
2019,12,20,14,8.7,38,2.8,340,1.61
2019,12,20,15,8.3,39,2.0,340,1.18
2019,12,20,16,7.5,40,1.6,340,0.54
2019,12,20,17,6.8,41,1.4,360,0.19
2019,12,20,18,6.2,41,1.9,340,0.00
2019,12,21,8,2.1,45,1.0,340,0.01
2019,12,21,9,3.7,35,0.6,200,6.00
2019,12,21,10,5.2,33,1.6,340,0.64
2019,12,21,11,5.9,35,1.3,270,0.80
2019,12,21,12,5.8,34,2.2,320,0.75
2019,12,21,13,5.3,37,3.0,340,0.55
2019,12,21,14,6.0,35,1.2,340,0.55
2019,12,21,15,5.4,37,4.2,340,0.42
2019,12,21,16,5.5,37,3.0,340,0.24
2019,12,21,17,5.7,34,0.5,20,0.13
2019,12,21,18,5.2,37,0.9,180,0.00
2019,12,22,8,5.1,49,1.0,290,0.00
2019,12,22,9,5.5,53,0.7,50,0.10
2019,12,22,10,6.6,47,2.2,50,0.28
2019,12,22,11,7.6,43,1.9,50,0.55
2019,12,22,12,8.3,43,3.3,50,0.71
2019,12,22,13,7.8,43,2.5,50,0.32
2019,12,22,14,8.2,47,2.9,20,0.31
2019,12,22,15,9.0,49,1.8,50,0.44
2019,12,22,16,9.9,50,2.9,20,0.56
2019,12,22,17,8.1,52,1.6,340,0.32
2019,12,22,18,7.3,52,4.1,340,0.01
2019,12,23,8,6.0,52,2.8,270,0.03
2019,12,23,9,8.1,47,2.1,360,0.47
2019,12,23,10,9.4,49,1.8,230,0.96
2019,12,23,11,11.0,49,1.7,360,1.47
2019,12,23,12,12.5,46,1.2,160,1.80
2019,12,23,13,12.1,46,2.9,360,1.88
2019,12,23,14,12.3,44,2.5,340,1.68
2019,12,23,15,12.5,41,2.1,360,1.24
2019,12,23,16,11.2,41,1.8,270,0.72
2019,12,23,17,10.0,43,1.8,360,0.21
2019,12,23,18,8.9,45,1.1,340,0.00
2019,12,24,8,3.2,62,0.7,340,0.02
2019,12,24,9,4.9,58,0.6,290,0.34
2019,12,24,10,8.1,53,1.5,200,1.01
2019,12,24,11,8.8,51,0.8,250,0.88
2019,12,24,12,11.6,46,0.8,200,1.78
2019,12,24,13,13.1,46,1.4,290,1.81
2019,12,24,14,13.7,45,1.4,140,1.73
2019,12,24,15,13.8,50,1.6,140,1.44
2019,12,24,16,13.4,54,0.5,20,0.90
2019,12,24,17,11.5,55,1.3,70,0.31
2019,12,24,18,9.5,57,0.7,360,0.00
2019,12,25,8,5.9,72,0.7,50,0.03
2019,12,25,9,9.3,66,0.3,0,0.43
2019,12,25,10,12.0,60,0.5,20,1.03
2019,12,25,11,14.3,56,1.1,270,1.51
2019,12,25,12,15.2,54,1.8,250,1.90
2019,12,25,13,15.0,47,3.9,250,1.96
2019,12,25,14,15.5,35,4.1,270,1.74
2019,12,25,15,15.4,39,2.6,270,1.29
2019,12,25,16,16.0,37,1.9,270,0.89
2019,12,25,17,13.1,40,3.0,320,0.28
2019,12,25,18,12.0,36,3.5,320,0.00
2019,12,26,8,9.4,43,0.4,0,0.00
2019,12,26,9,10.0,41,1.8,70,0.15
2019,12,26,10,11.1,52,1.9,50,0.21
2019,12,26,11,12.1,56,2.4,50,0.63
2019,12,26,12,11.9,64,1.9,20,0.37
2019,12,26,13,9.2,81,1.8,340,0.35
2019,12,26,14,6.5,77,6.1,340,0.29
2019,12,26,15,5.8,80,4.6,340,0.17
2019,12,26,16,6.1,78,3.1,360,0.08
2019,12,26,17,6.3,77,3.1,360,0.03
2019,12,26,18,5.9,78,4.5,360,0.00
2019,12,27,8,0.8,45,4.4,340,0.03
2019,12,27,9,1.9,39,4.2,360,0.49
2019,12,27,10,2.4,35,6.5,360,1.19
2019,12,27,11,4.5,33,4.4,20,1.72
2019,12,27,12,6.4,30,3.4,140,2.01
2019,12,27,13,7.0,28,1.9,270,2.08
2019,12,27,14,8.1,20,2.5,360,1.99
2019,12,27,15,8.0,21,4.6,290,1.65
2019,12,27,16,8.0,20,3.1,320,1.09
2019,12,27,17,6.1,23,1.8,320,0.39
2019,12,27,18,4.8,25,0.9,340,0.00
2019,12,28,8,0.1,34,1.0,290,0.03
2019,12,28,9,2.4,30,1.7,340,0.48
2019,12,28,10,4.7,29,0.8,360,1.11
2019,12,28,11,6.8,26,1.9,270,1.62
2019,12,28,12,8.7,24,2.7,200,1.96
2019,12,28,13,8.6,26,3.8,200,2.03
2019,12,28,14,9.1,27,3.7,180,1.93
2019,12,28,15,8.9,30,2.7,200,1.56
2019,12,28,16,9.0,26,2.4,200,1.02
2019,12,28,17,6.9,25,2.4,250,0.38
2019,12,28,18,5.3,31,1.9,290,0.00
2019,12,29,8,4.2,45,0.3,0,0.00
2019,12,29,9,5.3,45,0.3,0,0.15
2019,12,29,10,6.1,48,0.2,0,0.37
2019,12,29,11,7.0,48,0.2,0,0.37
2019,12,29,12,7.6,47,0.7,70,0.34
2019,12,29,13,8.0,48,0.7,70,0.37
2019,12,29,14,8.7,61,1.9,50,0.43
2019,12,29,15,9.4,58,1.4,50,0.46
2019,12,29,16,8.6,69,1.8,50,0.14
2019,12,29,17,8.4,68,1.6,20,0.03
2019,12,29,18,7.2,89,3.7,50,0.00
2019,12,30,8,8.1,97,1.0,50,0.00
2019,12,30,9,8.5,96,0.9,290,0.07
2019,12,30,10,9.0,93,2.4,320,0.31
2019,12,30,11,10.7,84,2.9,290,1.23
2019,12,30,12,12.1,79,2.1,320,1.54
2019,12,30,13,13.3,71,3.3,270,1.96
2019,12,30,14,13.7,71,3.5,270,1.90
2019,12,30,15,13.3,71,4.5,250,1.70
2019,12,30,16,13.5,70,2.2,250,0.93
2019,12,30,17,12.2,70,1.3,50,0.33
2019,12,30,18,10.9,77,0.7,320,0.00
2019,12,31,8,-2.1,28,2.7,360,0.03
2019,12,31,9,-1.8,29,3.9,360,0.49
2019,12,31,10,-0.8,28,2.8,360,1.16
2019,12,31,11,-0.3,23,3.8,320,1.73
2019,12,31,12,1.2,21,3.1,20,2.09
2019,12,31,13,1.1,19,6.0,290,2.18
2019,12,31,14,2.3,18,4.4,270,2.09
2019,12,31,15,3.2,18,3.5,320,1.71
2019,12,31,16,3.1,18,2.2,320,1.15
2019,12,31,17,1.4,19,2.3,340,0.45
2019,12,31,18,0.0,21,2.9,360,0.01
2020,1,1,8,-2.3,55,1.7,340,0.03
2020,1,1,9,0.2,50,0.5,360,0.48
2020,1,1,10,1.4,51,2.2,290,1.11
2020,1,1,11,3.0,49,3.1,340,1.66
2020,1,1,12,5.3,43,1.6,270,1.98
2020,1,1,13,6.5,41,2.7,250,2.05
2020,1,1,14,7.2,38,3.1,290,1.95
2020,1,1,15,7.1,40,2.4,290,1.61
2020,1,1,16,6.8,40,2.4,320,1.05
2020,1,1,17,5.3,41,2.5,290,0.39
2020,1,1,18,4.2,44,2.2,270,0.01
2020,1,2,8,1.0,58,2.1,340,0.02
2020,1,2,9,1.6,60,2.9,320,0.38
2020,1,2,10,3.6,54,2.5,320,0.98
2020,1,2,11,5.2,50,2.3,340,1.52
2020,1,2,12,6.9,46,3.4,290,1.83
2020,1,2,13,7.5,44,3.7,340,1.94
2020,1,2,14,8.9,42,1.8,340,1.78
2020,1,2,15,8.6,41,4.3,250,1.43
2020,1,2,16,9.0,38,1.7,340,0.93
2020,1,2,17,7.5,41,1.2,20,0.35
2020,1,2,18,6.2,45,1.4,20,0.01
2020,1,3,8,2.8,56,3.1,270,0.02
2020,1,3,9,3.1,58,4.0,320,0.44
2020,1,3,10,4.8,54,2.8,270,1.05
2020,1,3,11,7.7,44,3.7,180,1.58
2020,1,3,12,9.2,37,1.8,250,1.92
2020,1,3,13,10.3,34,2.1,360,2.09
2020,1,3,14,10.7,32,1.8,360,1.93
2020,1,3,15,11.1,29,2.7,360,1.61
2020,1,3,16,10.6,31,1.3,50,1.04
2020,1,3,17,8.8,33,1.3,360,0.40
2020,1,3,18,7.0,36,0.6,70,0.01
2020,1,4,8,2.6,33,2.9,340,0.01
2020,1,4,9,4.3,31,1.8,20,0.50
2020,1,4,10,4.8,34,1.2,20,0.76
2020,1,4,11,6.2,28,2.2,360,1.15
2020,1,4,12,6.8,29,4.0,290,1.66
2020,1,4,13,8.0,34,2.9,270,1.91
2020,1,4,14,8.7,36,4.9,290,1.93
2020,1,4,15,9.4,37,3.0,320,1.54
2020,1,4,16,9.0,38,3.9,290,1.01
2020,1,4,17,8.0,40,2.1,320,0.37
2020,1,4,18,7.1,36,1.5,360,0.01
2020,1,5,8,3.5,46,1.2,320,0.02
2020,1,5,9,6.3,44,0.5,140,0.42
2020,1,5,10,9.0,41,0.9,140,1.04
2020,1,5,11,10.5,36,1.0,180,1.57
2020,1,5,12,12.2,38,1.2,270,1.89
2020,1,5,13,12.9,42,1.7,90,2.03
2020,1,5,14,13.3,46,2.5,160,1.90
2020,1,5,15,12.8,48,2.4,200,1.59
2020,1,5,16,12.0,50,1.3,180,1.04
2020,1,5,17,10.5,57,1.3,160,0.38
2020,1,5,18,8.7,60,0.7,110,0.02
2020,1,6,8,6.6,84,0.7,140,0.00
2020,1,6,9,7.2,90,0.4,0,0.07
2020,1,6,10,7.9,86,1.1,90,0.22
2020,1,6,11,8.5,86,1.6,90,0.31
2020,1,6,12,8.6,88,1.8,50,0.27
2020,1,6,13,9.0,89,0.6,140,0.23
2020,1,6,14,8.6,97,1.6,70,0.27
2020,1,6,15,8.7,99,1.4,50,0.20
2020,1,6,16,8.7,100,1.9,50,0.12
2020,1,6,17,8.4,100,1.8,50,0.03
2020,1,6,18,8.4,100,1.8,50,0.00
2020,1,7,8,13.2,100,3.2,250,0.00
2020,1,7,9,13.2,100,5.2,290,0.01
2020,1,7,10,14.2,100,3.9,250,0.02
2020,1,7,11,14.4,100,4.4,250,0.09
2020,1,7,12,15.2,100,5.6,250,0.14
2020,1,7,13,15.6,100,6.0,250,0.09
2020,1,7,14,16.1,100,7.9,230,0.11
2020,1,7,15,17.1,95,9.6,230,0.15
2020,1,7,16,17.4,92,12.3,230,0.07
2020,1,7,17,17.2,98,12.2,250,0.02
2020,1,7,18,16.9,100,8.6,230,0.00
2020,1,8,8,8.4,68,10.4,250,0.03
2020,1,8,9,8.8,67,10.7,250,0.49
2020,1,8,10,9.4,66,6.4,270,0.86
2020,1,8,11,10.6,52,7.8,290,1.60
2020,1,8,12,10.7,54,5.4,290,2.21
2020,1,8,13,11.2,54,5.4,270,2.28
2020,1,8,14,11.4,53,5.4,290,2.12
2020,1,8,15,9.7,56,4.4,290,1.18
2020,1,8,16,10.3,56,3.3,290,0.89
2020,1,8,17,8.7,58,4.0,290,0.44
2020,1,8,18,7.9,59,3.2,290,0.02
2020,1,9,8,2.7,65,1.8,70,0.02
2020,1,9,9,4.2,57,1.6,230,0.42
2020,1,9,10,4.7,56,1.9,360,1.01
2020,1,9,11,7.0,47,1.7,20,1.54
2020,1,9,12,7.3,41,1.9,110,1.64
2020,1,9,13,9.2,35,2.7,140,1.78
2020,1,9,14,9.6,33,2.5,110,1.76
2020,1,9,15,9.1,33,2.1,290,1.41
2020,1,9,16,7.9,36,2.2,290,0.73
2020,1,9,17,7.2,34,1.3,290,0.28
2020,1,9,18,6.2,39,0.8,50,0.02
2020,1,10,8,1.2,52,0.2,0,0.01
2020,1,10,9,4.3,48,0.8,160,0.45
2020,1,10,10,7.3,43,1.1,160,1.04
2020,1,10,11,9.2,37,0.8,320,1.60
2020,1,10,12,9.8,37,2.4,270,1.95
2020,1,10,13,10.5,37,1.9,290,2.08
2020,1,10,14,11.8,36,1.7,110,1.93
2020,1,10,15,11.4,37,2.4,160,1.56
2020,1,10,16,10.3,37,2.9,270,0.88
2020,1,10,17,9.3,39,2.9,270,0.47
2020,1,10,18,7.2,37,2.0,290,0.02
2020,1,11,8,1.9,45,2.1,290,0.01
2020,1,11,9,4.3,37,2.4,90,0.42
2020,1,11,10,6.2,35,2.9,140,1.10
2020,1,11,11,7.1,40,3.0,290,1.61
2020,1,11,12,7.4,42,4.0,320,1.97
2020,1,11,13,8.5,38,4.1,290,2.08
2020,1,11,14,9.2,38,5.0,290,2.01
2020,1,11,15,10.2,35,3.3,320,1.67
2020,1,11,16,10.1,35,2.9,320,1.11
2020,1,11,17,8.6,37,3.7,340,0.50
2020,1,11,18,7.1,38,3.9,340,0.02
2020,1,12,8,2.0,57,1.9,230,0.01
2020,1,12,9,3.6,52,2.2,180,0.40
2020,1,12,10,4.7,49,2.8,340,1.14
2020,1,12,11,5.5,45,3.4,180,1.64
2020,1,12,12,6.1,42,4.4,270,1.99
2020,1,12,13,7.4,36,2.8,270,2.15
2020,1,12,14,7.8,34,5.0,270,2.06
2020,1,12,15,8.1,33,4.0,290,1.72
2020,1,12,16,8.5,33,3.2,320,1.17
2020,1,12,17,7.6,33,5.5,290,0.53
2020,1,12,18,5.8,37,4.2,290,0.03
2020,1,13,8,1.3,55,2.0,290,0.02
2020,1,13,9,3.2,51,2.3,290,0.44
2020,1,13,10,5.1,45,0.9,270,1.06
2020,1,13,11,5.4,44,3.3,270,1.63
2020,1,13,12,6.4,41,2.9,290,1.99
2020,1,13,13,7.8,39,1.9,340,2.16
2020,1,13,14,7.4,41,5.1,270,1.86
2020,1,13,15,7.3,41,4.7,270,1.63
2020,1,13,16,7.0,38,5.2,290,1.06
2020,1,13,17,6.3,37,4.8,270,0.52
2020,1,13,18,4.7,39,4.2,270,0.03
2020,1,14,8,0.1,42,1.2,290,0.02
2020,1,14,9,0.4,39,1.7,340,0.17
2020,1,14,10,1.6,39,2.8,340,0.39
2020,1,14,11,2.4,37,2.8,320,0.67
2020,1,14,12,3.1,38,2.4,340,0.80
2020,1,14,13,4.5,34,1.9,290,1.04
2020,1,14,14,4.5,35,3.0,270,1.01
2020,1,14,15,5.1,33,1.3,360,0.70
2020,1,14,16,4.9,34,2.4,320,0.70
2020,1,14,17,4.5,36,2.4,320,0.34
2020,1,14,18,3.4,36,0.9,320,0.03
2020,1,15,8,-0.1,52,2.4,360,0.02
2020,1,15,9,1.4,46,2.0,360,0.46
2020,1,15,10,3.7,44,2.1,70,1.14
2020,1,15,11,3.5,44,2.6,290,1.71
2020,1,15,12,3.8,40,3.2,320,2.10
2020,1,15,13,5.5,36,3.4,290,2.23
2020,1,15,14,6.1,33,2.7,340,2.13
2020,1,15,15,6.4,33,4.0,290,1.77
2020,1,15,16,6.9,30,3.2,290,1.21
2020,1,15,17,5.6,32,3.9,290,0.53
2020,1,15,18,3.8,34,2.6,320,0.02
2020,1,16,8,0.6,33,3.9,340,0.01
2020,1,16,9,0.4,41,1.7,360,0.23
2020,1,16,10,1.4,39,2.0,340,0.60
2020,1,16,11,3.3,32,1.5,340,0.91
2020,1,16,12,6.9,27,1.7,290,1.87
2020,1,16,13,6.8,28,1.8,320,1.83
2020,1,16,14,8.7,23,1.6,270,2.02
2020,1,16,15,8.7,25,1.7,270,1.59
2020,1,16,16,8.7,18,1.5,320,1.10
2020,1,16,17,6.2,26,3.5,340,0.47
2020,1,16,18,5.1,27,2.5,320,0.04
2020,1,17,8,3.4,35,0.5,290,0.02
2020,1,17,9,4.8,37,1.0,70,0.30
2020,1,17,10,8.5,43,2.6,50,1.01
2020,1,17,11,9.8,44,2.2,50,1.34
2020,1,17,12,10.6,42,1.3,50,1.33
2020,1,17,13,10.8,43,2.0,20,1.36
2020,1,17,14,11.3,40,0.7,180,1.25
2020,1,17,15,10.0,48,0.9,270,0.87
2020,1,17,16,10.7,44,0.7,140,0.70
2020,1,17,17,9.8,42,0.8,200,0.49
2020,1,17,18,7.9,37,2.5,340,0.05
2020,1,18,8,1.9,94,4.3,340,0.00
2020,1,18,9,2.6,91,5.8,340,0.13
2020,1,18,10,3.0,86,5.4,340,0.29
2020,1,18,11,3.9,83,3.8,340,0.71
2020,1,18,12,6.7,76,1.6,360,1.32
2020,1,18,13,9.0,67,1.5,360,1.44
2020,1,18,14,9.0,61,1.8,340,1.35
2020,1,18,15,8.2,53,2.4,320,0.78
2020,1,18,16,8.3,47,2.1,360,0.67
2020,1,18,17,8.7,48,1.8,340,0.59
2020,1,18,18,7.4,49,1.8,340,0.04
2020,1,19,8,2.7,37,2.6,160,0.01
2020,1,19,9,2.1,42,2.8,290,0.15
2020,1,19,10,2.7,42,2.0,250,0.32
2020,1,19,11,3.4,42,1.4,340,0.45
2020,1,19,12,5.1,45,3.4,270,0.95
2020,1,19,13,6.8,44,4.4,290,1.67
2020,1,19,14,8.8,42,2.2,290,2.00
2020,1,19,15,8.5,43,4.7,250,1.64
2020,1,19,16,8.5,42,5.3,250,1.14
2020,1,19,17,7.9,46,5.4,250,0.51
2020,1,19,18,7.0,49,4.4,270,0.05
2020,1,20,8,1.7,57,0.4,0,0.02
2020,1,20,9,4.0,51,3.9,270,0.42
2020,1,20,10,6.1,43,2.1,250,1.04
2020,1,20,11,7.6,40,2.0,320,1.59
2020,1,20,12,8.0,40,2.7,290,1.91
2020,1,20,13,8.2,40,3.9,290,1.77
2020,1,20,14,8.2,38,5.8,250,2.09
2020,1,20,15,8.9,37,4.4,250,1.71
2020,1,20,16,9.5,36,3.2,270,1.22
2020,1,20,17,8.4,35,2.9,320,0.60
2020,1,20,18,6.7,37,4.1,290,0.07
2020,1,21,8,0.4,34,2.0,340,0.04
2020,1,21,9,1.9,33,2.0,290,0.53
2020,1,21,10,4.5,29,1.2,230,1.21
2020,1,21,11,8.0,28,1.4,70,1.77
2020,1,21,12,9.1,38,2.8,110,2.11
2020,1,21,13,9.5,42,2.7,90,2.28
2020,1,21,14,9.5,45,3.8,110,2.20
2020,1,21,15,9.6,43,3.1,110,1.83
2020,1,21,16,9.2,44,2.0,90,1.31
2020,1,21,17,8.3,55,2.8,110,0.65
2020,1,21,18,6.2,60,2.2,70,0.07
2020,1,22,8,6.2,66,0.2,0,0.00
2020,1,22,9,6.9,66,0.5,90,0.08
2020,1,22,10,7.6,65,0.6,90,0.20
2020,1,22,11,8.3,68,0.8,50,0.24
2020,1,22,12,8.5,70,1.4,20,0.19
2020,1,22,13,8.7,72,1.1,50,0.16
2020,1,22,14,8.9,86,1.3,70,0.26
2020,1,22,15,9.0,91,1.5,50,0.20
2020,1,22,16,9.0,91,2.0,50,0.18
2020,1,22,17,8.5,96,3.0,50,0.01
2020,1,22,18,8.4,98,3.5,50,0.00
2020,1,23,8,8.5,100,4.3,50,0.00
2020,1,23,9,8.7,100,3.6,50,0.05
2020,1,23,10,8.9,100,2.4,50,0.17
2020,1,23,11,9.1,98,2.7,50,0.18
2020,1,23,12,9.2,97,2.0,50,0.23
2020,1,23,13,9.7,96,1.2,50,0.51
2020,1,23,14,10.1,92,2.2,50,0.45
2020,1,23,15,9.2,99,1.3,340,6.00
2020,1,23,16,10.0,94,0.3,0,0.38
2020,1,23,17,9.2,96,0.6,340,0.13
2020,1,23,18,9.3,94,1.2,90,0.00
2020,1,24,8,6.1,78,1.4,90,0.01
2020,1,24,9,9.2,49,2.4,50,0.43
2020,1,24,10,11.0,46,2.1,50,1.19
2020,1,24,11,12.9,46,3.7,50,1.46
2020,1,24,12,14.6,48,2.1,50,2.06
2020,1,24,13,15.3,52,2.6,70,2.02
2020,1,24,14,14.5,52,2.9,50,1.93
2020,1,24,15,13.8,55,3.1,90,1.55
2020,1,24,16,12.8,47,2.6,70,0.93
2020,1,24,17,11.3,56,4.2,50,0.50
2020,1,24,18,10.3,63,3.2,50,0.05
2020,1,25,8,8.4,72,2.9,50,0.02
2020,1,25,9,8.8,70,3.3,50,0.21
2020,1,25,10,9.6,65,2.9,50,0.45
2020,1,25,11,10.0,63,2.7,50,0.65
2020,1,25,12,10.7,59,2.9,50,0.86
2020,1,25,13,11.1,58,3.2,70,1.15
2020,1,25,14,11.1,55,2.2,50,0.73
2020,1,25,15,10.6,59,2.3,70,0.60
2020,1,25,16,9.9,60,2.5,50,0.31
2020,1,25,17,9.4,60,2.2,50,0.14
2020,1,25,18,9.0,62,2.8,50,0.00
2020,1,26,8,7.6,64,3.1,50,0.03
2020,1,26,9,8.6,63,3.1,50,0.36
2020,1,26,10,10.7,57,3.4,50,0.85
2020,1,26,11,13.7,52,2.6,70,1.39
2020,1,26,12,12.5,57,4.5,50,1.45
2020,1,26,13,12.2,56,4.0,50,1.11
2020,1,26,14,11.9,62,4.1,50,0.87
2020,1,26,15,11.2,62,4.8,20,0.75
2020,1,26,16,10.3,61,4.6,50,0.44
2020,1,26,17,9.7,62,4.3,50,0.20
2020,1,26,18,9.4,66,4.6,50,0.03
2020,1,27,8,7.9,92,6.8,50,0.00
2020,1,27,9,7.6,92,7.4,50,0.00
2020,1,27,10,7.2,96,7.4,50,0.04
2020,1,27,11,6.9,97,7.9,50,0.06
2020,1,27,12,6.5,98,6.7,50,0.02
2020,1,27,13,6.1,99,7.1,50,0.06
2020,1,27,14,5.7,98,6.1,50,0.11
2020,1,27,15,5.5,98,6.4,50,0.11
2020,1,27,16,5.1,99,7.3,50,0.01
2020,1,27,17,4.8,100,5.3,50,0.01
2020,1,27,18,5.0,99,5.4,50,0.00
2020,1,28,8,7.7,79,4.3,20,0.03
2020,1,28,9,8.5,75,4.6,20,0.33
2020,1,28,10,9.9,72,4.7,20,0.78
2020,1,28,11,12.0,65,3.8,20,1.80
2020,1,28,12,11.7,64,2.8,20,1.81
2020,1,28,13,12.1,62,4.2,50,1.32
2020,1,28,14,11.7,61,5.2,50,1.39
2020,1,28,15,12.2,59,4.6,50,1.26
2020,1,28,16,11.4,58,3.7,50,0.92
2020,1,28,17,10.2,61,2.9,20,0.48
2020,1,28,18,9.3,63,1.7,20,0.06
2020,1,29,8,7.0,58,1.4,110,0.01
2020,1,29,9,7.8,59,3.6,20,0.41
2020,1,29,10,10.5,53,2.2,50,1.09
2020,1,29,11,11.5,51,0.9,20,1.50
2020,1,29,12,12.7,48,1.3,70,1.88
2020,1,29,13,11.2,52,1.8,140,1.12
2020,1,29,14,10.5,55,2.0,250,0.55
2020,1,29,15,10.0,56,2.1,250,0.29
2020,1,29,16,10.0,55,0.5,20,0.35
2020,1,29,17,9.1,68,1.8,70,0.12
2020,1,29,18,8.5,64,2.5,20,0.01
2020,1,30,8,5.6,55,1.3,20,0.01
2020,1,30,9,6.8,49,1.4,360,0.40
2020,1,30,10,8.7,43,2.0,50,0.82
2020,1,30,11,10.7,41,2.5,50,1.81
2020,1,30,12,11.8,34,2.7,50,2.19
2020,1,30,13,10.4,38,1.9,340,1.80
2020,1,30,14,10.4,38,2.6,20,0.98
2020,1,30,15,10.3,54,2.1,50,1.23
2020,1,30,16,8.4,62,2.9,90,0.38
2020,1,30,17,7.8,63,1.8,50,0.13
2020,1,30,18,7.2,59,2.8,50,0.02
2020,1,31,8,2.8,66,1.0,270,0.04
2020,1,31,9,4.9,58,0.9,200,0.48
2020,1,31,10,8.0,52,1.4,160,1.18
2020,1,31,11,10.0,48,1.9,140,1.74
2020,1,31,12,10.5,45,1.8,340,2.26
2020,1,31,13,10.5,42,1.2,340,2.07
2020,1,31,14,9.7,37,1.9,360,1.41
2020,1,31,15,10.2,37,3.7,250,1.49
2020,1,31,16,10.5,39,3.6,270,1.56
2020,1,31,17,8.4,45,3.5,250,0.55
2020,1,31,18,7.8,45,3.0,290,0.08
2020,2,1,8,1.9,67,1.7,270,0.05
2020,2,1,9,3.5,61,3.1,290,0.57
2020,2,1,10,5.3,55,2.0,270,1.26
2020,2,1,11,7.0,49,1.7,320,1.82
2020,2,1,12,8.6,37,2.1,360,2.24
2020,2,1,13,8.8,37,3.3,320,2.37
2020,2,1,14,9.5,35,3.6,320,2.27
2020,2,1,15,9.7,35,3.7,320,1.92
2020,2,1,16,9.6,37,2.0,320,1.35
2020,2,1,17,8.8,39,2.9,290,0.70
2020,2,1,18,7.4,44,2.5,290,0.12
2020,2,2,8,3.9,55,0.6,200,0.04
2020,2,2,9,6.2,51,0.9,160,0.52
2020,2,2,10,7.6,43,2.0,360,1.23
2020,2,2,11,9.8,38,1.4,250,1.78
2020,2,2,12,10.9,34,2.2,270,2.16
2020,2,2,13,11.0,34,3.9,230,2.26
2020,2,2,14,11.5,35,3.3,270,1.96
2020,2,2,15,10.7,30,5.1,250,1.91
2020,2,2,16,10.9,32,3.9,270,1.33
2020,2,2,17,10.4,34,3.4,250,0.64
2020,2,2,18,8.5,49,3.2,250,0.14
2020,2,3,8,2.6,44,0.7,70,0.04
2020,2,3,9,4.3,44,1.1,250,0.39
2020,2,3,10,6.1,45,1.6,340,1.24
2020,2,3,11,6.6,47,2.7,320,1.62
2020,2,3,12,8.0,45,2.3,360,2.12
2020,2,3,13,9.0,41,2.4,20,2.17
2020,2,3,14,9.0,36,3.3,360,2.25
2020,2,3,15,9.9,34,3.0,340,1.98
2020,2,3,16,9.6,33,2.1,360,1.50
2020,2,3,17,9.1,37,1.5,320,0.76
2020,2,3,18,6.9,40,1.8,340,0.15
2020,2,4,8,0.4,42,3.9,360,0.05
2020,2,4,9,3.4,23,2.4,340,0.60
2020,2,4,10,4.5,24,3.8,340,1.29
2020,2,4,11,6.4,28,2.6,340,1.94
2020,2,4,12,8.3,21,2.6,290,2.33
2020,2,4,13,9.4,23,1.8,290,2.49
2020,2,4,14,9.4,30,3.6,270,2.41
2020,2,4,15,9.3,28,5.1,270,2.10
2020,2,4,16,9.4,26,4.0,270,1.59
2020,2,4,17,8.5,35,5.0,250,0.87
2020,2,4,18,6.8,42,3.3,230,0.18
2020,2,5,8,1.2,44,0.9,70,0.04
2020,2,5,9,1.3,20,2.8,360,0.63
2020,2,5,10,1.6,15,3.7,20,1.41
2020,2,5,11,2.2,18,3.4,270,2.04
2020,2,5,12,2.2,18,4.8,270,2.43
2020,2,5,13,3.1,16,4.3,320,2.63
2020,2,5,14,4.5,14,2.6,340,2.54
2020,2,5,15,4.7,16,2.4,340,2.20
2020,2,5,16,5.0,16,2.4,320,1.64
2020,2,5,17,4.0,16,3.2,340,0.93
2020,2,5,18,1.8,17,2.7,360,0.19
2020,2,6,8,-4.9,28,4.1,360,0.08
2020,2,6,9,-3.2,27,1.5,340,0.66
2020,2,6,10,-1.2,23,3.2,340,1.37
2020,2,6,11,2.3,23,1.5,270,1.97
2020,2,6,12,4.7,28,1.2,20,2.34
2020,2,6,13,6.0,30,1.2,140,2.50
2020,2,6,14,6.9,29,2.0,110,2.40
2020,2,6,15,6.5,37,3.1,140,1.80
2020,2,6,16,5.8,38,3.1,110,1.23
2020,2,6,17,5.5,34,1.1,90,0.58
2020,2,6,18,4.2,34,1.2,50,0.12
2020,2,7,8,3.0,55,4.2,340,0.04
2020,2,7,9,3.5,56,3.3,340,0.29
2020,2,7,10,6.1,49,2.2,360,1.18
2020,2,7,11,7.2,41,2.9,360,1.82
2020,2,7,12,8.2,26,2.9,360,2.27
2020,2,7,13,9.2,20,3.0,320,2.43
2020,2,7,14,9.8,22,2.8,340,2.14
2020,2,7,15,9.5,24,2.5,320,1.56
2020,2,7,16,9.2,26,2.7,320,1.07
2020,2,7,17,8.4,26,1.6,340,0.61
2020,2,7,18,7.2,28,0.9,270,0.11
2020,2,8,8,1.6,54,3.0,340,0.07
2020,2,8,9,3.3,50,2.6,20,0.60
2020,2,8,10,4.5,46,3.0,360,1.29
2020,2,8,11,6.2,41,3.5,250,1.90
2020,2,8,12,6.6,41,4.2,270,2.28
2020,2,8,13,7.0,38,3.7,290,2.50
2020,2,8,14,8.4,34,4.3,270,2.39
2020,2,8,15,9.1,31,2.9,290,1.91
2020,2,8,16,8.7,29,4.1,290,1.60
2020,2,8,17,9.0,30,2.1,290,0.88
2020,2,8,18,6.8,31,2.6,360,0.20
2020,2,9,8,-0.3,51,4.5,340,0.08
2020,2,9,9,1.4,44,3.2,340,0.67
2020,2,9,10,3.3,38,3.1,340,1.36
2020,2,9,11,5.1,35,2.9,340,1.99
2020,2,9,12,6.6,34,1.7,340,2.08
2020,2,9,13,7.7,39,3.6,250,2.58
2020,2,9,14,8.3,33,4.9,270,2.49
2020,2,9,15,8.0,31,5.2,250,2.22
2020,2,9,16,8.5,25,4.1,250,1.68
2020,2,9,17,8.7,32,3.5,250,0.94
2020,2,9,18,6.2,36,4.1,250,0.23
2020,2,10,8,1.6,57,0.8,20,0.06
2020,2,10,9,3.7,57,3.1,270,0.52
2020,2,10,10,5.6,53,3.2,270,1.17
2020,2,10,11,6.7,53,4.7,250,1.73
2020,2,10,12,9.1,48,3.5,250,2.18
2020,2,10,13,9.6,46,3.9,250,2.41
2020,2,10,14,10.4,44,4.1,250,2.33
2020,2,10,15,11.7,37,3.1,230,2.05
2020,2,10,16,12.2,37,1.5,230,1.47
2020,2,10,17,10.9,38,3.6,250,0.77
2020,2,10,18,9.5,44,2.8,250,0.17
2020,2,11,8,5.2,68,0.7,70,0.06
2020,2,11,9,8.1,61,0.4,0,0.57
2020,2,11,10,11.7,51,1.1,50,1.23
2020,2,11,11,13.7,51,1.5,90,1.78
2020,2,11,12,14.3,50,1.7,70,1.93
2020,2,11,13,13.4,52,3.3,180,1.67
2020,2,11,14,14.0,52,3.7,180,1.59
2020,2,11,15,13.1,52,3.2,200,1.18
2020,2,11,16,12.6,53,3.2,200,1.04
2020,2,11,17,12.7,55,3.0,200,0.73
2020,2,11,18,11.1,58,2.6,230,0.15
2020,2,12,8,10.1,98,2.1,110,0.00
2020,2,12,9,10.7,99,3.1,110,0.00
2020,2,12,10,11.1,100,4.5,110,0.02
2020,2,12,11,11.4,99,3.1,110,0.05
2020,2,12,12,11.4,100,1.8,90,0.08
2020,2,12,13,11.9,100,1.5,90,0.04
2020,2,12,14,12.4,100,2.6,290,0.09
2020,2,12,15,14.1,100,3.1,270,0.20
2020,2,12,16,13.9,100,3.1,250,0.28
2020,2,12,17,13.3,100,5.4,270,0.03
2020,2,12,18,13.2,100,4.0,270,0.02
2020,2,13,8,8.8,93,3.8,270,0.10
2020,2,13,9,10.8,82,2.2,250,0.73
2020,2,13,10,13.5,67,1.4,200,1.44
2020,2,13,11,13.1,71,4.3,250,2.02
2020,2,13,12,14.2,70,4.1,250,2.44
2020,2,13,13,14.7,68,6.3,200,2.58
2020,2,13,14,15.0,64,5.1,270,2.21
2020,2,13,15,15.1,62,4.4,230,1.85
2020,2,13,16,16.0,61,4.7,270,1.74
2020,2,13,17,15.0,66,4.5,230,0.93
2020,2,13,18,13.0,77,4.3,200,6.00
2020,2,14,8,9.5,82,0.6,320,0.02
2020,2,14,9,11.4,76,1.0,270,0.52
2020,2,14,10,14.4,64,1.1,140,1.38
2020,2,14,11,15.6,65,3.0,180,1.94
2020,2,14,12,16.6,55,2.3,230,2.31
2020,2,14,13,17.4,50,2.8,180,2.51
2020,2,14,14,17.3,55,1.7,180,2.46
2020,2,14,15,16.6,56,2.6,200,2.11
2020,2,14,16,15.7,63,2.3,160,1.50
2020,2,14,17,15.3,66,1.4,160,0.84
2020,2,14,18,13.1,73,2.6,90,0.24
2020,2,15,8,10.7,81,3.0,50,0.05
2020,2,15,9,11.7,77,3.0,70,0.39
2020,2,15,10,14.5,65,3.5,70,1.16
2020,2,15,11,16.6,54,2.7,70,1.93
2020,2,15,12,16.5,57,3.6,90,2.37
2020,2,15,13,15.9,63,3.7,90,2.49
2020,2,15,14,17.0,59,3.5,90,2.31
2020,2,15,15,15.4,62,3.2,110,1.68
2020,2,15,16,14.0,69,3.4,90,0.66
2020,2,15,17,13.8,71,2.5,70,0.32
2020,2,15,18,13.1,76,2.6,70,0.15
2020,2,16,8,9.5,94,3.7,230,0.01
2020,2,16,9,8.4,87,5.7,270,0.34
2020,2,16,10,8.7,75,5.3,290,1.02
2020,2,16,11,9.1,63,6.3,290,2.06
2020,2,16,12,9.6,52,3.4,340,2.47
2020,2,16,13,9.6,46,2.8,270,2.22
2020,2,16,14,8.3,49,4.5,290,1.87
2020,2,16,15,6.7,49,3.1,320,1.22
2020,2,16,16,5.9,46,3.3,290,0.78
2020,2,16,17,5.3,42,7.3,290,0.56
2020,2,16,18,4.0,43,7.9,270,0.24
2020,2,17,8,-0.1,52,5.3,290,0.13
2020,2,17,9,0.7,46,6.6,290,0.81
2020,2,17,10,1.1,47,6.0,290,1.28
2020,2,17,11,2.4,44,5.2,270,1.17
2020,2,17,12,2.1,35,7.3,290,1.57
2020,2,17,13,1.8,32,7.9,290,1.78
2020,2,17,14,2.3,32,8.0,290,1.25
2020,2,17,15,1.2,33,8.9,290,0.82
2020,2,17,16,2.3,33,7.5,290,1.50
2020,2,17,17,1.6,35,8.6,290,1.18
2020,2,17,18,0.6,33,8.9,290,0.30
2020,2,18,8,-3.7,51,2.3,360,0.14
2020,2,18,9,-2.4,49,3.0,340,0.83
2020,2,18,10,0.3,40,3.0,20,1.62
2020,2,18,11,1.2,37,3.3,320,2.22
2020,2,18,12,2.7,32,3.7,230,2.64
2020,2,18,13,4.0,30,3.3,290,2.84
2020,2,18,14,4.9,27,4.8,290,2.76
2020,2,18,15,6.9,24,2.6,290,2.42
2020,2,18,16,7.1,23,4.0,290,1.86
2020,2,18,17,7.3,23,4.1,290,1.12
2020,2,18,18,5.5,26,4.1,270,0.34
2020,2,19,8,3.0,31,1.6,340,0.18
2020,2,19,9,4.5,31,4.3,360,0.85
2020,2,19,10,6.4,30,3.5,360,1.63
2020,2,19,11,8.6,31,2.8,290,2.24
2020,2,19,12,9.5,30,2.1,360,2.18
2020,2,19,13,11.5,26,1.5,290,2.60
2020,2,19,14,11.6,28,3.9,180,2.66
2020,2,19,15,11.4,31,4.1,200,2.33
2020,2,19,16,11.5,39,4.2,160,1.59
2020,2,19,17,9.6,40,2.5,200,0.87
2020,2,19,18,8.2,45,2.4,200,0.30
2020,2,20,8,6.1,52,0.5,160,0.16
2020,2,20,9,9.0,45,1.1,110,0.67
2020,2,20,10,11.0,43,1.4,140,1.47
2020,2,20,11,12.5,32,2.9,110,2.08
2020,2,20,12,14.3,28,2.2,110,2.49
2020,2,20,13,12.6,37,4.0,180,2.59
2020,2,20,14,13.5,37,3.2,180,2.48
2020,2,20,15,13.4,37,2.8,180,2.13
2020,2,20,16,12.6,38,2.8,90,1.54
2020,2,20,17,12.4,45.6,2.8,70,0.87
2020,2,20,18,12.4,46.3,2.5,20,0.90
2020,2,21,8,7.1,68,0.8,50,0.14
2020,2,21,9,11.0,61,1.3,50,0.77
2020,2,21,10,14.0,53,1.4,90,1.46
2020,2,21,11,15.2,50,2.5,140,1.97
2020,2,21,12,15.4,46,3.5,160,2.45
2020,2,21,13,15.2,54,2.5,90,2.28
2020,2,21,14,15.2,51,4.0,110,2.58
2020,2,21,15,15.9,42,2.8,180,2.33
2020,2,21,16,14.9,45,3.2,180,1.79
2020,2,21,17,13.5,51,4.6,200,1.10
2020,2,21,18,12.5,58,3.9,230,0.16
2020,2,22,8,9.9,60,8.4,270,0.14
2020,2,22,9,10.2,44,4.8,270,0.83
2020,2,22,10,11.1,34,3.4,270,1.55
2020,2,22,11,11.5,28,5.0,290,2.09
2020,2,22,12,11.8,26,9.1,270,2.52
2020,2,22,13,12.1,21,9.7,270,2.73
2020,2,22,14,11.9,20,10.8,270,2.61
2020,2,22,15,12.3,23,8.8,270,2.25
2020,2,22,16,12.4,21,8.2,270,1.65
2020,2,22,17,11.5,22,8.0,270,0.99
2020,2,22,18,9.9,24,3.0,290,0.30
2020,2,23,8,2.3,49,0.8,20,0.19
2020,2,23,9,3.4,45,1.3,340,0.92
2020,2,23,10,4.1,41,4.0,270,1.67
2020,2,23,11,5.1,35,7.1,270,2.32
2020,2,23,12,6.9,32,4.4,270,2.71
2020,2,23,13,8.6,28,4.3,270,2.91
2020,2,23,14,10.5,25,3.1,270,2.80
2020,2,23,15,10.6,30,4.2,250,2.47
2020,2,23,16,10.7,30,4.9,250,1.90
2020,2,23,17,10.4,30,4.6,250,1.18
2020,2,23,18,8.9,32,5.2,250,0.41
2020,2,24,8,6.7,38,1.1,270,0.18
2020,2,24,9,8.4,32,3.0,290,0.87
2020,2,24,10,10.1,31,3.5,270,1.63
2020,2,24,11,11.0,28,6.8,270,2.23
2020,2,24,12,12.3,23,5.6,250,2.61
2020,2,24,13,14.2,18,5.2,230,2.81
2020,2,24,14,14.0,29,4.4,200,2.31
2020,2,24,15,15.6,34,4.7,230,2.17
2020,2,24,16,13.3,38,4.8,200,1.08
2020,2,24,17,13.5,38,4.4,230,0.64
2020,2,24,18,12.8,53,6.8,250,0.18
2020,2,25,8,12.1,98,2.4,50,0.00
2020,2,25,9,11.3,98,3.5,50,0.01
2020,2,25,10,10.4,99,2.9,50,0.02
2020,2,25,11,9.9,99,2.6,50,0.04
2020,2,25,12,9.5,99,3.2,50,0.08
2020,2,25,13,9.6,99,2.4,50,0.08
2020,2,25,14,9.3,98,3.3,50,0.07
2020,2,25,15,8.9,98,5.2,50,0.07
2020,2,25,16,8.5,98,3.9,50,0.05
2020,2,25,17,8.5,97,3.5,50,0.04
2020,2,25,18,8.1,96,3.3,50,0.01
2020,2,26,8,8.9,79,3.1,50,0.07
2020,2,26,9,9.4,77,3.0,50,0.24
2020,2,26,10,10.2,76,3.4,50,0.50
2020,2,26,11,11.3,71,3.2,50,0.92
2020,2,26,12,11.2,73,2.5,50,0.92
2020,2,26,13,13.5,67,1.4,50,1.50
2020,2,26,14,12.4,69,3.7,90,1.90
2020,2,26,15,12.2,69,3.2,90,1.37
2020,2,26,16,12.5,67,2.9,70,1.26
2020,2,26,17,11.2,73,3.0,90,0.80
2020,2,26,18,9.9,76,3.9,70,0.12
2020,2,27,8,5.3,75,4.0,50,0.10
2020,2,27,9,6.1,70,3.2,50,0.54
2020,2,27,10,7.6,64,3.2,50,1.08
2020,2,27,11,9.7,56,2.4,50,1.97
2020,2,27,12,10.1,53,2.9,50,2.28
2020,2,27,13,8.2,56,2.6,50,0.86
2020,2,27,14,8.8,53,2.9,70,0.95
2020,2,27,15,8.9,53,2.8,70,1.43
2020,2,27,16,7.9,57,3.9,70,0.77
2020,2,27,17,7.9,55,2.8,70,0.56
2020,2,27,18,7.2,58,2.6,50,0.33
2020,2,28,8,6.2,63,1.5,50,0.08
2020,2,28,9,6.9,65,1.3,20,0.23
2020,2,28,10,7.3,63,1.1,20,0.18
2020,2,28,11,8.1,62,1.6,50,0.33
2020,2,28,12,8.7,60,2.0,90,0.53
2020,2,28,13,8.6,55,1.8,110,0.33
2020,2,28,14,8.7,54,2.0,50,0.30
2020,2,28,15,8.1,61,2.7,70,0.33
2020,2,28,16,7.7,74,2.9,90,0.24
2020,2,28,17,6.9,81,2.4,50,0.14
2020,2,28,18,6.5,85,1.8,50,0.04
2020,2,29,8,8.6,82,2.4,50,0.11
2020,2,29,9,9.7,75,2.9,50,0.53
2020,2,29,10,11.4,62,3.4,50,1.05
2020,2,29,11,11.0,70,1.5,360,1.25
2020,2,29,12,12.5,56,1.9,50,1.26
2020,2,29,13,11.3,67,1.8,290,0.97
2020,2,29,14,12.4,64,1.0,320,0.97
2020,2,29,15,12.5,60,0.8,90,0.99
2020,2,29,16,12.1,63,1.5,140,0.82
2020,2,29,17,11.4,67,2.3,90,0.38
2020,2,29,18,10.8,69,2.0,70,0.27
2020,3,1,8,8.9,68,1.4,50,0.24
2020,3,1,9,11.9,58,2.4,50,0.95
2020,3,1,10,13.5,59,2.3,70,1.60
2020,3,1,11,15.0,59,2.5,90,2.28
2020,3,1,12,15.0,55,3.4,90,2.97
2020,3,1,13,13.8,59,2.4,90,1.84
2020,3,1,14,14.6,56,2.6,90,1.74
2020,3,1,15,13.5,61,3.7,90,1.95
2020,3,1,16,13.3,62,2.9,70,1.28
2020,3,1,17,11.8,65,3.3,90,0.57
2020,3,1,18,11.3,68,2.2,50,0.34
2020,3,2,8,5.9,52,2.1,290,0.30
2020,3,2,9,6.3,51,3.0,270,0.66
2020,3,2,10,7.5,44,3.8,270,1.34
2020,3,2,11,8.9,34,3.0,180,2.27
2020,3,2,12,9.6,32,5.0,270,2.54
2020,3,2,13,11.0,29,3.8,270,2.92
2020,3,2,14,12.6,24,4.0,270,2.71
2020,3,2,15,14.1,30,2.7,20,2.55
2020,3,2,16,12.7,36,3.3,110,1.94
2020,3,2,17,11.5,36,3.7,90,1.21
2020,3,2,18,10.1,43,3.1,90,0.41
2020,3,3,8,6.8,71,3.2,50,0.14
2020,3,3,9,8.5,67,3.3,50,0.60
2020,3,3,10,11.6,58,3.6,70,1.51
2020,3,3,11,12.0,58,3.2,70,1.78
2020,3,3,12,11.7,53,3.8,70,1.64
2020,3,3,13,10.7,60,3.2,90,1.09
2020,3,3,14,11.6,55,2.8,50,1.08
2020,3,3,15,11.6,56,2.7,90,1.15
2020,3,3,16,11.2,56,3.1,70,1.21
2020,3,3,17,11.4,56,2.6,70,0.88
2020,3,3,18,10.1,61,2.9,90,0.48
2020,3,4,8,8.0,53,3.3,270,0.14
2020,3,4,9,8.4,57,2.0,180,0.49
2020,3,4,10,9.2,53,3.4,290,1.43
2020,3,4,11,10.4,42,2.6,230,2.19
2020,3,4,12,11.4,37,5.0,320,2.76
2020,3,4,13,11.8,34,5.0,250,2.28
2020,3,4,14,11.9,23,5.3,320,2.83
2020,3,4,15,12.6,24,4.2,250,2.58
2020,3,4,16,12.1,23,3.8,290,2.01
2020,3,4,17,10.5,20,4.3,270,1.31
2020,3,4,18,8.6,18,7.9,270,0.51
2020,3,5,8,0.5,52,5.9,320,0.33
2020,3,5,9,2.3,48,3.1,110,1.10
2020,3,5,10,3.9,44,2.1,160,1.83
2020,3,5,11,4.7,38,5.5,270,2.52
2020,3,5,12,6.7,33,3.6,290,2.94
2020,3,5,13,8.1,30,3.0,290,3.09
2020,3,5,14,9.7,29,2.9,290,2.92
2020,3,5,15,10.8,26,2.2,290,2.57
2020,3,5,16,10.5,27,4.2,230,1.99
2020,3,5,17,9.9,32,3.6,230,1.25
2020,3,5,18,9.3,30,2.4,200,0.50
2020,3,6,8,6.2,44,0.4,0,0.32
2020,3,6,9,8.6,42,1.4,200,1.07
2020,3,6,10,8.8,46,4.6,270,1.83
2020,3,6,11,10.3,44,3.1,250,2.43
2020,3,6,12,11.7,45,3.9,200,2.84
2020,3,6,13,12.0,45,5.0,200,2.98
2020,3,6,14,11.5,49,6.1,200,2.92
2020,3,6,15,11.5,54,6.2,200,2.47
2020,3,6,16,10.6,39,5.5,200,1.87
2020,3,6,17,10.7,39,5.1,200,1.03
2020,3,6,18,10.0,44,4.6,230,0.53
2020,3,7,8,7.1,65,0.6,360,0.14
2020,3,7,9,8.0,63,1.1,20,0.24
2020,3,7,10,8.2,71,1.7,50,0.09
2020,3,7,11,8.8,83,1.6,50,0.41
2020,3,7,12,9.5,82,2.1,50,0.58
2020,3,7,13,10.9,70,1.4,90,1.12
2020,3,7,14,11.6,65,1.6,50,1.13
2020,3,7,15,11.4,61,1.6,70,0.74
2020,3,7,16,10.3,73,3.2,70,0.40
2020,3,7,17,9.4,87,1.7,70,0.19
2020,3,7,18,8.7,93,2.0,50,0.05
2020,3,8,8,8.1,67,1.3,340,0.35
2020,3,8,9,10.7,65,2.3,50,1.05
2020,3,8,10,12.5,60,4.0,50,1.82
2020,3,8,11,14.6,57,3.2,50,2.43
2020,3,8,12,15.9,49,2.3,70,2.66
2020,3,8,13,15.4,55,3.9,90,2.99
2020,3,8,14,15.2,51,4.5,90,2.91
2020,3,8,15,14.9,54,4.0,70,2.57
2020,3,8,16,14.5,54,4.0,70,2.01
2020,3,8,17,12.9,59,4.0,70,1.28
2020,3,8,18,11.9,63,3.0,70,0.49
2020,3,9,8,9.1,78,0.6,140,0.16
2020,3,9,9,10.9,73,1.9,50,0.44
2020,3,9,10,12.3,73,1.6,50,0.63
2020,3,9,11,13.0,73,2.0,50,0.57
2020,3,9,12,14.1,66,1.5,70,1.06
2020,3,9,13,15.0,66,1.9,70,1.50
2020,3,9,14,13.9,71,2.8,90,1.03
2020,3,9,15,13.6,72,3.8,70,0.72
2020,3,9,16,13.2,73,2.5,70,0.37
2020,3,9,17,12.6,77,2.3,50,0.13
2020,3,9,18,12.3,78,2.6,50,0.05
2020,3,10,8,10.8,89,4.3,50,0.14
2020,3,10,9,11.5,86,2.4,20,0.46
2020,3,10,10,11.2,82.2,2.5,360,1.03
2020,3,10,11,11.1,81.2,2.7,340,1.11
2020,3,10,12,10.7,78.6,2.8,320,1.36
2020,3,10,13,11.2,77.8,3.5,320,1.20
2020,3,10,14,11.0,79.7,3.6,290,1.12
2020,3,10,15,11.4,76.4,4.0,270,1.02
2020,3,10,16,10.9,86,2.8,250,0.36
2020,3,10,17,10.2,79,3.7,290,0.22
2020,3,10,18,10.0,78,3.7,290,0.17
2020,3,11,8,4.1,49,6.6,270,0.42
2020,3,11,9,5.3,47,3.8,270,1.18
2020,3,11,10,6.7,39,3.9,270,1.96
2020,3,11,11,8.2,35,3.5,290,2.58
2020,3,11,12,9.9,33,2.6,270,2.99
2020,3,11,13,10.4,27,3.4,250,3.16
2020,3,11,14,11.4,24,3.8,270,3.09
2020,3,11,15,12.6,20,2.6,270,2.78
2020,3,11,16,13.1,21,2.5,200,2.19
2020,3,11,17,12.6,24,2.6,180,1.44
2020,3,11,18,11.7,23,2.3,290,0.63
2020,3,12,8,6.5,36,1.8,140,0.42
2020,3,12,9,8.4,26,2.4,290,1.20
2020,3,12,10,11.5,27,2.7,160,1.95
2020,3,12,11,12.5,27,2.4,180,2.57
2020,3,12,12,14.1,26,3.4,180,2.96
2020,3,12,13,13.5,27,5.4,180,3.13
2020,3,12,14,14.0,32,5.0,180,3.08
2020,3,12,15,14.3,35,4.4,200,2.72
2020,3,12,16,13.0,38,6.9,200,2.18
2020,3,12,17,12.3,40,7.5,230,1.42
2020,3,12,18,11.4,44,7.0,230,0.61
2020,3,13,8,9.2,62,0.7,90,0.20
2020,3,13,9,9.8,54,3.0,270,0.67
2020,3,13,10,11.5,46,2.5,290,1.42
2020,3,13,11,14.0,40,2.4,290,2.43
2020,3,13,12,14.5,36,3.7,290,2.86
2020,3,13,13,15.6,36,2.5,340,2.98
2020,3,13,14,16.3,35,3.9,270,2.92
2020,3,13,15,16.6,38,2.5,250,2.47
2020,3,13,16,15.0,46,2.7,160,1.60
2020,3,13,17,13.3,52,5.0,200,1.17
2020,3,13,18,12.4,50,4.4,230,0.47
2020,3,14,8,5.0,21,3.9,20,0.46
2020,3,14,9,5.8,21,4.0,340,1.26
2020,3,14,10,7.0,21,3.2,270,2.08
2020,3,14,11,8.8,21,1.9,180,2.74
2020,3,14,12,8.6,21,4.8,270,3.13
2020,3,14,13,9.4,20,5.1,270,3.28
2020,3,14,14,10.1,18,5.2,270,3.19
2020,3,14,15,11.4,17,3.6,290,2.84
2020,3,14,16,11.5,17,4.0,290,2.24
2020,3,14,17,11.4,16,2.4,290,1.47
2020,3,14,18,10.7,17,1.9,290,0.63
2020,3,15,8,6.6,40,3.3,250,0.47
2020,3,15,9,7.5,39,5.0,250,1.24
2020,3,15,10,8.4,36,6.5,230,1.98
2020,3,15,11,9.5,30,8.1,250,2.60
2020,3,15,12,11.5,32,4.4,250,2.98
2020,3,15,13,12.0,28,6.4,230,3.03
2020,3,15,14,11.4,31,6.7,250,2.06
2020,3,15,15,9.8,43,6.0,250,0.55
2020,3,15,16,11.7,41,3.2,270,1.26
2020,3,15,17,11.7,33,4.8,270,1.24
2020,3,15,18,11.1,24,5.3,290,0.53
2020,3,16,8,3.1,47,3.5,340,0.53
2020,3,16,9,5.7,41,1.9,140,1.33
2020,3,16,10,6.5,41,3.0,290,2.08
2020,3,16,11,10.2,31,1.7,70,2.67
2020,3,16,12,11.4,30,1.9,110,3.00
2020,3,16,13,9.6,40,4.5,180,3.00
2020,3,16,14,9.2,40,5.5,200,3.01
2020,3,16,15,9.2,42,5.2,180,2.72
2020,3,16,16,9.2,40,6.4,200,2.16
2020,3,16,17,9.5,44,5.6,230,1.40
2020,3,16,18,8.9,42,7.3,230,0.62
2020,3,17,8,7.2,43,3.6,250,0.41
2020,3,17,9,8.5,37,6.0,250,0.99
2020,3,17,10,10.1,35,6.2,250,1.95
2020,3,17,11,11.6,33,5.7,250,2.58
2020,3,17,12,13.4,35,4.4,250,2.95
2020,3,17,13,14.3,42,6.6,230,3.08
2020,3,17,14,15.2,44,6.8,230,2.97
2020,3,17,15,15.4,49,7.5,230,2.63
2020,3,17,16,14.0,62,10.1,200,2.02
2020,3,17,17,14.0,60,8.6,200,1.28
2020,3,17,18,13.7,59,8.9,200,0.55
2020,3,18,8,9.8,53,2.4,270,0.56
2020,3,18,9,11.9,32,2.5,290,1.34
2020,3,18,10,14.5,28,1.9,340,2.09
2020,3,18,11,15.5,26,1.3,290,2.69
2020,3,18,12,15.8,25,3.9,250,3.05
2020,3,18,13,16.4,24,4.1,250,3.16
2020,3,18,14,15.4,30,6.6,180,3.10
2020,3,18,15,15.0,36,5.6,200,2.79
2020,3,18,16,14.7,41,5.3,230,2.19
2020,3,18,17,13.8,51,4.9,200,1.42
2020,3,18,18,13.0,56,4.8,200,0.59
2020,3,19,8,13.7,76,5.8,230,0.46
2020,3,19,9,14.9,78,6.9,200,1.20
2020,3,19,10,15.6,73,10.0,230,1.81
2020,3,19,11,16.3,72,7.3,200,2.47
2020,3,19,12,16.7,64,9.5,200,2.71
2020,3,19,13,17.0,59,10.5,200,2.82
2020,3,19,14,16.7,60,9.9,230,2.65
2020,3,19,15,16.2,60,11.1,200,2.54
2020,3,19,16,17.1,25,13.2,250,2.13
2020,3,19,17,16.0,23,3.7,270,1.47
2020,3,19,18,12.6,18,7.4,270,0.68
2020,3,20,8,8.0,40,4.2,230,0.56
2020,3,20,9,9.5,34,2.7,270,1.35
2020,3,20,10,11.0,30,3.4,250,2.10
2020,3,20,11,11.9,30,3.6,230,2.69
2020,3,20,12,12.3,29,5.8,250,3.07
2020,3,20,13,13.1,35,6.5,200,3.20
2020,3,20,14,14.3,28,5.4,200,3.03
2020,3,20,15,13.7,38,7.3,200,2.67
2020,3,20,16,13.7,36,6.7,200,2.11
2020,3,20,17,13.1,40,6.9,230,1.38
2020,3,20,18,12.5,46,6.1,200,0.59
2020,3,21,8,11.1,56,7.7,250,0.47
2020,3,21,9,12.5,52,5.0,230,1.17
2020,3,21,10,14.0,46,5.9,250,1.90
2020,3,21,11,15.8,42,5.2,250,2.49
2020,3,21,12,15.7,54,7.2,200,2.84
2020,3,21,13,17.2,53,6.7,200,2.98
2020,3,21,14,17.3,56,6.4,200,2.85
2020,3,21,15,16.9,58,6.5,200,2.51
2020,3,21,16,17.0,57,7.2,230,1.93
2020,3,21,17,15.9,68,9.1,230,1.20
2020,3,21,18,15.3,75,6.6,230,0.48
2020,3,22,8,14.7,73,1.4,50,0.28
2020,3,22,9,15.8,67,1.1,70,0.72
2020,3,22,10,16.3,66,2.3,70,1.30
2020,3,22,11,16.0,62,3.3,90,1.89
2020,3,22,12,17.1,55,3.0,70,2.47
2020,3,22,13,16.3,56,4.5,70,2.81
2020,3,22,14,16.8,55,4.0,90,2.91
2020,3,22,15,15.5,60,4.6,70,2.66
2020,3,22,16,14.1,62,5.4,70,2.06
2020,3,22,17,13.0,65,4.2,70,1.29
2020,3,22,18,12.0,66,4.9,70,0.54
2020,3,23,8,10.4,39,2.2,320,0.60
2020,3,23,9,12.5,31,1.4,270,1.40
2020,3,23,10,14.9,30,3.0,160,2.11
2020,3,23,11,15.7,31,4.2,180,2.65
2020,3,23,12,15.5,28,6.7,180,2.98
2020,3,23,13,16.2,27,6.7,200,3.16
2020,3,23,14,15.1,31,6.6,230,3.10
2020,3,23,15,15.7,40,6.6,200,2.76
2020,3,23,16,16.3,29,7.4,230,2.18
2020,3,23,17,15.8,42,5.6,230,1.41
2020,3,23,18,14.8,51,3.3,200,0.60
2020,3,24,8,11.5,58,2.8,50,0.53
2020,3,24,9,13.9,53,1.8,70,1.30
2020,3,24,10,14.7,54,3.4,90,1.93
2020,3,24,11,14.5,51,2.6,90,2.00
2020,3,24,12,14.2,50,4.3,110,1.63
2020,3,24,13,14.8,46,4.6,90,2.42
2020,3,24,14,13.5,46,5.2,110,1.83
2020,3,24,15,13.2,44,4.5,110,1.42
2020,3,24,16,13.8,43,4.2,90,1.25
2020,3,24,17,13.7,44,3.3,90,1.36
2020,3,24,18,12.4,45,3.0,90,0.57
2020,3,25,8,11.8,59,0.6,50,0.58
2020,3,25,9,14.7,51,1.3,90,1.34
2020,3,25,10,15.9,49,1.9,140,2.05
2020,3,25,11,16.7,48,2.2,180,2.66
2020,3,25,12,16.0,51,3.4,180,3.02
2020,3,25,13,17.3,48,3.0,180,3.19
2020,3,25,14,17.3,44,3.9,180,3.11
2020,3,25,15,17.2,46,4.2,180,2.78
2020,3,25,16,16.3,50,3.5,200,2.19
2020,3,25,17,15.3,53,3.0,200,1.39
2020,3,25,18,14.7,54,2.3,200,0.53
2020,3,26,8,14.0,66,1.3,250,0.07
2020,3,26,9,14.2,68,0.9,50,0.22
2020,3,26,10,14.1,75,0.7,90,0.37
2020,3,26,11,14.2,83,1.9,200,0.60
2020,3,26,12,14.8,83,0.5,90,0.76
2020,3,26,13,14.5,87,1.1,50,0.49
2020,3,26,14,14.3,93,1.8,50,0.22
2020,3,26,15,15.0,91,0.2,0,0.37
2020,3,26,16,15.0,93,0.9,50,0.23
2020,3,26,17,14.9,96,1.4,90,0.08
2020,3,26,18,14.8,97,1.1,50,0.03
2020,3,27,8,14.6,99,2.5,200,0.05
2020,3,27,9,15.0,99,2.0,200,0.12
2020,3,27,10,15.2,99,1.7,230,0.19
2020,3,27,11,15.6,100,2.5,230,0.27
2020,3,27,12,16.1,99,4.3,250,0.38
2020,3,27,13,16.2,98,3.3,250,0.50
2020,3,27,14,16.7,97,0.9,180,0.36
2020,3,27,15,13.7,96,3.4,90,0.17
2020,3,27,16,13.8,94,2.8,90,0.38
2020,3,27,17,13.4,94,3.0,90,0.19
2020,3,27,18,12.6,94,3.2,70,0.05
2020,3,28,8,9.0,73,2.6,50,0.29
2020,3,28,9,10.1,70,3.3,50,0.75
2020,3,28,10,11.1,68,3.7,50,1.04
2020,3,28,11,12.4,60,3.3,70,1.20
2020,3,28,12,12.3,61,3.2,70,1.22
2020,3,28,13,11.4,64,3.4,50,0.74
2020,3,28,14,11.2,62,3.4,50,0.84
2020,3,28,15,10.5,59,4.5,70,0.65
2020,3,28,16,10.1,54,3.8,50,0.64
2020,3,28,17,9.5,55,4.3,50,0.35
2020,3,28,18,9.2,56,2.9,50,0.21
2020,3,29,8,9.2,61,3.1,50,0.69
2020,3,29,9,12.0,54,4.0,50,1.58
2020,3,29,10,12.6,55,3.1,70,1.49
2020,3,29,11,14.3,51,3.7,90,3.10
2020,3,29,12,13.9,48,4.0,70,2.15
2020,3,29,13,12.9,52,4.3,70,1.75
2020,3,29,14,13.2,51,4.8,90,2.15
2020,3,29,15,13.5,51,4.0,90,2.21
2020,3,29,16,12.1,56,5.3,90,1.46
2020,3,29,17,11.4,59,3.8,90,0.87
2020,3,29,18,10.5,60,3.7,70,0.20
2020,3,30,8,11.2,59,2.3,50,0.66
2020,3,30,9,12.8,56,2.0,50,1.36
2020,3,30,10,14.0,53,2.7,90,2.08
2020,3,30,11,14.3,54,3.2,110,2.37
2020,3,30,12,14.8,55,3.6,110,2.71
2020,3,30,13,15.5,56,3.0,90,3.03
2020,3,30,14,14.7,57,4.2,110,2.71
2020,3,30,15,14.6,58,3.8,90,2.34
2020,3,30,16,14.3,58,4.0,90,2.00
2020,3,30,17,13.6,58,4.6,90,1.44
2020,3,30,18,12.8,61,3.5,90,0.74
2020,3,31,8,12.2,68,2.6,50,0.71
2020,3,31,9,14.0,65,2.9,50,1.53
2020,3,31,10,15.7,60,1.8,20,2.21
2020,3,31,11,16.7,51,4.0,110,2.83
2020,3,31,12,16.8,52,3.7,110,3.21
2020,3,31,13,17.9,45,3.2,90,3.36
2020,3,31,14,16.5,51,4.4,90,3.08
2020,3,31,15,17.0,43,4.3,70,2.83
2020,3,31,16,16.2,50,3.3,90,2.25
2020,3,31,17,15.1,61,3.1,90,1.42
2020,3,31,18,14.0,64,3.0,70,0.58
2020,4,1,8,11.1,74,3.2,340,0.11
2020,4,1,9,11.1,66,3.4,50,0.17
2020,4,1,10,12.1,61,1.9,50,0.37
2020,4,1,11,12.9,55,2.3,70,0.63
2020,4,1,12,14.0,50,1.5,110,1.12
2020,4,1,13,15.7,49,2.7,90,1.71
2020,4,1,14,16.8,48,3.5,180,2.28
2020,4,1,15,16.1,48,5.0,200,2.66
2020,4,1,16,15.2,58,5.0,200,2.03
2020,4,1,17,14.3,60,4.8,200,1.34
2020,4,1,18,13.6,64,4.0,200,0.60
2020,4,2,8,9.4,44,1.4,230,0.71
2020,4,2,9,12.4,34,1.5,90,1.53
2020,4,2,10,13.6,32,1.9,20,2.25
2020,4,2,11,14.8,34,2.5,110,2.80
2020,4,2,12,15.7,36,2.7,160,3.19
2020,4,2,13,14.3,42,4.5,180,3.29
2020,4,2,14,14.6,39,4.8,180,3.15
2020,4,2,15,14.0,40,4.3,180,2.57
2020,4,2,16,14.0,41,4.9,180,2.11
2020,4,2,17,13.3,42,4.8,180,1.50
2020,4,2,18,12.7,34,5.2,230,0.64
2020,4,3,8,12.3,36,0.8,140,0.71
2020,4,3,9,13.7,30,2.0,290,1.47
2020,4,3,10,16.1,27,2.0,50,2.24
2020,4,3,11,17.1,23,2.3,320,2.81
2020,4,3,12,18.7,35,1.7,50,3.20
2020,4,3,13,17.6,28,4.9,180,3.28
2020,4,3,14,17.8,25,6.3,200,3.16
2020,4,3,15,17.1,35,5.7,200,2.81
2020,4,3,16,16.0,36,6.9,200,2.27
2020,4,3,17,15.3,42,6.6,200,1.55
2020,4,3,18,15.0,42,4.7,230,0.75
2020,4,4,8,12.0,28,2.6,250,0.75
2020,4,4,9,13.8,24,4.1,270,1.61
2020,4,4,10,15.8,23,4.9,270,2.34
2020,4,4,11,18.0,26,4.0,230,2.90
2020,4,4,12,18.3,25,6.0,230,3.24
2020,4,4,13,18.8,25,6.5,250,3.39
2020,4,4,14,19.0,30,7.7,200,3.26
2020,4,4,15,19.3,31,4.4,180,2.88
2020,4,4,16,15.4,61,5.5,90,2.25
2020,4,4,17,13.8,57,3.1,70,1.50
2020,4,4,18,11.7,62,5.7,70,0.74
2020,4,5,8,7.3,51,2.2,320,0.80
2020,4,5,9,10.2,38,2.4,50,1.68
2020,4,5,10,12.4,34,1.9,90,2.43
2020,4,5,11,13.2,31,3.5,110,2.99
2020,4,5,12,12.4,36,5.0,180,3.33
2020,4,5,13,12.7,37,5.9,180,3.44
2020,4,5,14,12.5,38,5.3,180,3.28
2020,4,5,15,12.5,36,4.6,180,3.00
2020,4,5,16,12.5,37,5.4,180,2.42
2020,4,5,17,12.0,31,5.2,200,1.68
2020,4,5,18,11.3,34,5.0,200,0.83
2020,4,6,8,11.0,41,0.9,110,0.80
2020,4,6,9,13.2,34,1.6,110,1.61
2020,4,6,10,14.2,27,3.0,180,2.34
2020,4,6,11,14.6,36,5.6,200,2.95
2020,4,6,12,14.5,42,5.1,200,3.30
2020,4,6,13,14.8,47,6.5,200,3.42
2020,4,6,14,14.6,49,6.9,180,3.32
2020,4,6,15,14.4,55,7.1,180,2.83
2020,4,6,16,14.1,58,6.9,200,2.22
2020,4,6,17,13.7,48,5.7,200,1.25
2020,4,6,18,12.8,50,6.1,230,0.52
2020,4,7,8,12.1,34,2.5,180,0.54
2020,4,7,9,12.6,35,4.1,320,1.51
2020,4,7,10,15.1,26,1.8,250,2.26
2020,4,7,11,16.8,27,2.3,230,2.79
2020,4,7,12,18.7,30,3.0,180,3.15
2020,4,7,13,19.3,26,3.7,230,3.23
2020,4,7,14,18.7,40,5.4,200,3.11
2020,4,7,15,19.0,31,5.5,230,2.69
2020,4,7,16,18.9,31,5.9,200,2.10
2020,4,7,17,17.7,35,7.5,250,1.35
2020,4,7,18,16.0,41,6.0,250,0.60
2020,4,8,8,11.9,27,3.7,270,0.82
2020,4,8,9,13.4,22,2.6,270,1.69
2020,4,8,10,14.9,22,2.7,320,2.41
2020,4,8,11,16.8,20,1.8,270,2.98
2020,4,8,12,17.6,17,4.0,270,3.28
2020,4,8,13,18.0,18,2.4,320,3.38
2020,4,8,14,17.1,35,5.8,200,3.25
2020,4,8,15,16.8,37,7.0,200,2.89
2020,4,8,16,16.3,39,6.6,200,2.34
2020,4,8,17,16.7,36,3.6,180,1.55
2020,4,8,18,14.6,59,2.9,70,0.70
2020,4,9,8,9.2,58,3.3,320,0.75
2020,4,9,9,10.8,43,1.4,290,1.60
2020,4,9,10,12.9,30,2.1,230,2.27
2020,4,9,11,13.2,26,3.7,270,2.81
2020,4,9,12,14.2,25,3.4,290,3.17
2020,4,9,13,15.7,25,3.7,270,3.28
2020,4,9,14,17.4,22,2.9,320,3.18
2020,4,9,15,17.8,21,3.8,200,2.78
2020,4,9,16,15.8,33,5.2,230,2.17
2020,4,9,17,14.1,41,4.9,200,1.44
2020,4,9,18,13.6,41,3.2,200,0.71
2020,4,10,8,9.5,63,3.0,50,0.26
2020,4,10,9,10.1,59,1.9,20,0.33
2020,4,10,10,10.4,58,2.2,50,0.32
2020,4,10,11,10.9,53,2.9,50,0.57
2020,4,10,12,11.2,50,2.3,70,0.54
2020,4,10,13,11.3,51,2.7,90,0.71
2020,4,10,14,11.3,48,2.7,70,0.63
2020,4,10,15,11.7,50,3.1,90,0.91
2020,4,10,16,11.9,48,2.4,70,0.80
2020,4,10,17,11.3,48,3.1,90,0.90
2020,4,10,18,10.7,51,2.3,90,0.40
2020,4,11,8,9.6,61,0.3,0,0.15
2020,4,11,9,12.0,57,0.1,0,0.85
2020,4,11,10,12.8,56,2.7,230,1.10
2020,4,11,11,13.9,51,2.9,250,1.75
2020,4,11,12,13.2,53,3.8,250,1.86
2020,4,11,13,13.0,59,4.8,180,1.26
2020,4,11,14,12.7,58,3.9,200,1.20
2020,4,11,15,12.5,61,5.1,180,1.30
2020,4,11,16,12.1,66,4.0,200,0.83
2020,4,11,17,11.7,66,4.6,200,0.67
2020,4,11,18,11.4,67,3.0,200,0.19
2020,4,12,8,8.4,89,3.0,50,0.14
2020,4,12,9,8.7,92,2.8,50,0.23
2020,4,12,10,8.6,92,3.3,70,0.31
2020,4,12,11,8.9,92,5.2,50,0.66
2020,4,12,12,9.7,88,3.5,50,0.74
2020,4,12,13,9.8,88,3.9,70,0.67
2020,4,12,14,10.9,82,4.2,70,1.38
2020,4,12,15,10.5,73,5.4,50,0.98
2020,4,12,16,10.7,66,6.0,50,0.90
2020,4,12,17,9.9,72,3.9,50,0.45
2020,4,12,18,11.2,50,6.2,70,0.75
2020,4,13,8,7.6,55,3.4,50,0.33
2020,4,13,9,8.1,50,3.6,50,0.56
2020,4,13,10,7.8,58,2.9,340,0.56
2020,4,13,11,9.5,49,3.3,290,1.72
2020,4,13,12,10.3,45,3.5,320,1.54
2020,4,13,13,11.4,43,4.9,340,1.79
2020,4,13,14,12.7,38,3.1,340,2.42
2020,4,13,15,13.4,32,3.1,290,2.82
2020,4,13,16,14.6,31,2.5,340,1.74
2020,4,13,17,15.2,30,4.3,70,1.62
2020,4,13,18,14.4,27,4.7,50,0.90
2020,4,14,8,12.1,31,5.2,270,0.91
2020,4,14,9,14.1,28,2.6,250,1.82
2020,4,14,10,16.1,26,2.3,270,2.55
2020,4,14,11,18.2,24,2.5,230,3.10
2020,4,14,12,19.3,20,4.2,250,3.46
2020,4,14,13,21.1,25,2.8,230,3.57
2020,4,14,14,19.5,33,5.6,200,3.42
2020,4,14,15,19.9,28,4.9,200,3.04
2020,4,14,16,19.1,32,5.7,230,2.48
2020,4,14,17,19.0,32,4.9,230,1.68
2020,4,14,18,17.9,34,6.5,230,0.88
2020,4,15,8,13.3,42,2.9,270,0.61
2020,4,15,9,15.0,33,2.7,270,1.15
2020,4,15,10,16.3,26,2.0,270,1.52
2020,4,15,11,16.8,27,3.1,250,1.63
2020,4,15,12,17.8,35,5.2,180,2.78
2020,4,15,13,17.4,37,5.1,200,2.93
2020,4,15,14,17.6,41,4.5,200,2.85
2020,4,15,15,17.4,34,4.1,230,2.48
2020,4,15,16,17.2,34,5.1,200,1.79
2020,4,15,17,15.8,35,4.8,230,0.93
2020,4,15,18,15.5,32,3.8,180,0.50
2020,4,16,8,11.9,66,2.7,50,0.43
2020,4,16,9,13.6,61,3.7,50,1.06
2020,4,16,10,15.7,54,2.8,70,1.95
2020,4,16,11,16.7,53,2.7,90,2.41
2020,4,16,12,15.8,55,4.0,90,3.10
2020,4,16,13,16.0,56,3.9,90,3.21
2020,4,16,14,15.4,57,4.4,90,3.02
2020,4,16,15,15.1,58,4.9,90,2.74
2020,4,16,16,14.4,59,5.0,90,2.17
2020,4,16,17,14.4,61,3.4,70,1.46
2020,4,16,18,12.9,68,4.4,70,0.74
2020,4,17,8,12.1,77,1.9,50,0.11
2020,4,17,9,12.3,84,1.7,50,0.20
2020,4,17,10,12.6,88,1.5,70,0.43
2020,4,17,11,12.8,90,2.3,50,0.56
2020,4,17,12,12.3,95,2.5,50,0.26
2020,4,17,13,12.0,97,3.3,340,0.15
2020,4,17,14,12.1,97,2.9,50,0.24
2020,4,17,15,12.3,98,1.7,50,0.19
2020,4,17,16,12.2,97,2.6,50,0.16
2020,4,17,17,12.2,98,1.6,50,0.07
2020,4,17,18,12.5,98,0.6,50,0.08
2020,4,18,8,12.0,76,2.5,200,0.79
2020,4,18,9,13.7,67,2.7,360,1.77
2020,4,18,10,14.5,62,3.0,290,2.38
2020,4,18,11,15.6,55,3.2,270,2.75
2020,4,18,12,17.0,51,3.1,250,3.39
2020,4,18,13,18.5,48,4.2,270,3.57
2020,4,18,14,20.2,42,2.9,320,3.34
2020,4,18,15,17.2,63,4.5,180,2.51
2020,4,18,16,15.9,67,4.3,180,2.27
2020,4,18,17,15.6,65,3.3,180,0.95
2020,4,18,18,15.5,63,2.4,180,0.78
2020,4,19,8,12.2,76,3.1,70,0.11
2020,4,19,9,12.8,74,3.6,70,0.42
2020,4,19,10,13.9,71,4.0,70,0.85
2020,4,19,11,14.2,67,3.9,90,1.38
2020,4,19,12,14.4,65,4.2,70,1.60
2020,4,19,13,13.6,70,3.4,90,0.91
2020,4,19,14,12.0,89,3.6,70,0.46
2020,4,19,15,11.4,89,4.5,70,0.19
2020,4,19,16,11.2,93,3.5,90,0.16
2020,4,19,17,11.1,95,3.9,70,0.11
2020,4,19,18,10.9,96,3.9,70,0.05
2020,4,20,8,12.7,78,1.3,290,0.96
2020,4,20,9,13.2,70,4.7,290,1.89
2020,4,20,10,14.1,69,2.5,250,1.77
2020,4,20,11,15.5,67,3.3,320,1.83
2020,4,20,12,17.4,56,2.6,270,3.09
2020,4,20,13,16.4,58,6.5,200,2.90
2020,4,20,14,15.9,69,6.9,200,2.83
2020,4,20,15,16.5,62,6.7,200,2.97
2020,4,20,16,17.0,62,7.9,200,2.32
2020,4,20,17,16.4,63,6.8,200,1.49
2020,4,20,18,15.6,69,5.5,230,0.83
2020,4,21,8,11.4,39,3.8,250,0.59
2020,4,21,9,11.9,43,6.0,250,1.52
2020,4,21,10,13.9,42,5.6,230,2.50
2020,4,21,11,15.0,37,5.1,230,3.09
2020,4,21,12,15.1,32,6.6,250,3.45
2020,4,21,13,16.0,29,7.6,250,3.55
2020,4,21,14,17.3,42,7.1,200,3.41
2020,4,21,15,17.3,16,10.5,270,3.14
2020,4,21,16,17.3,20,5.2,270,2.59
2020,4,21,17,16.4,18,7.0,270,1.82
2020,4,21,18,14.9,17,10.0,270,0.96
2020,4,22,8,7.8,36,5.5,230,0.87
2020,4,22,9,9.1,34,5.4,270,1.78
2020,4,22,10,10.1,33,5.9,270,2.19
2020,4,22,11,10.8,32,5.3,230,3.14
2020,4,22,12,12.5,31,6.5,230,3.50
2020,4,22,13,13.9,24,6.9,270,3.22
2020,4,22,14,14.8,25,5.4,250,3.29
2020,4,22,15,15.4,19,6.5,250,3.21
2020,4,22,16,14.2,18,9.3,270,2.66
2020,4,22,17,13.8,21,7.4,270,1.87
2020,4,22,18,11.8,26,4.9,290,0.99
2020,4,23,8,6.7,47,3.8,270,0.98
2020,4,23,9,8.7,44,2.7,250,1.86
2020,4,23,10,9.3,40,3.9,290,2.50
2020,4,23,11,11.1,37,3.3,270,3.16
2020,4,23,12,12.6,31,4.3,270,3.45
2020,4,23,13,13.8,31,4.3,290,3.57
2020,4,23,14,15.7,27,3.4,270,3.44
2020,4,23,15,15.9,29,3.0,290,3.10
2020,4,23,16,16.2,27,3.8,290,2.49
2020,4,23,17,16.3,26,3.6,250,1.76
2020,4,23,18,15.2,26,4.1,270,0.95
2020,4,24,8,9.1,37,1.1,290,1.00
2020,4,24,9,9.8,34,3.8,270,1.93
2020,4,24,10,12.2,31,3.1,270,2.63
2020,4,24,11,13.5,27,3.9,270,3.19
2020,4,24,12,14.0,29,5.4,250,3.50
2020,4,24,13,14.0,36,7.8,200,3.61
2020,4,24,14,13.7,44,8.2,200,3.47
2020,4,24,15,13.3,54,10.1,180,3.06
2020,4,24,16,14.1,43,7.2,200,2.48
2020,4,24,17,14.1,46,8.3,230,1.75
2020,4,24,18,13.6,47,8.4,200,0.95
2020,4,25,8,13.8,66,7.4,230,0.88
2020,4,25,9,15.2,61,9.0,230,1.81
2020,4,25,10,16.4,54,7.8,200,2.42
2020,4,25,11,16.7,50,9.4,230,2.94
2020,4,25,12,17.7,46,9.4,230,3.34
2020,4,25,13,17.6,51,11.0,230,3.47
2020,4,25,14,17.6,56,10.5,230,3.32
2020,4,25,15,17.6,59,10.1,230,2.91
2020,4,25,16,17.2,63,9.2,200,2.37
2020,4,25,17,16.1,72,9.7,200,1.60
2020,4,25,18,15.5,78,7.5,200,0.86
2020,4,26,8,12.9,58,2.7,320,0.92
2020,4,26,9,14.3,45,2.4,230,1.82
2020,4,26,10,15.9,38,2.4,200,2.33
2020,4,26,11,17.2,35,2.4,180,2.91
2020,4,26,12,17.7,28,3.9,290,3.32
2020,4,26,13,18.3,26,3.8,270,3.63
2020,4,26,14,19.3,26,3.8,320,3.51
2020,4,26,15,20.5,25,2.2,340,3.11
2020,4,26,16,18.2,46,3.5,160,2.50
2020,4,26,17,16.1,60,3.9,70,1.68
2020,4,26,18,14.4,61,3.5,90,0.89
2020,4,27,8,13.0,57,2.2,320,0.97
2020,4,27,9,14.9,49,2.0,270,1.89
2020,4,27,10,16.1,42,3.1,290,2.58
2020,4,27,11,17.0,33,3.1,290,3.10
2020,4,27,12,18.7,32,4.6,360,3.46
2020,4,27,13,19.3,26,3.3,290,3.60
2020,4,27,14,17.9,44,6.6,200,2.88
2020,4,27,15,16.1,46,6.9,200,1.82
2020,4,27,16,15.7,49,6.9,230,1.59
2020,4,27,17,16.1,48,4.5,230,1.17
2020,4,27,18,15.7,46,5.7,230,0.80
2020,4,28,8,12.6,45,3.5,320,0.98
2020,4,28,9,14.2,40,3.0,290,1.90
2020,4,28,10,15.8,37,2.9,270,2.59
2020,4,28,11,17.2,31,3.6,270,3.10
2020,4,28,12,18.8,28,2.3,270,3.46
2020,4,28,13,19.7,27,2.6,290,3.53
2020,4,28,14,18.3,36,6.5,230,3.40
2020,4,28,15,17.5,34,7.7,200,3.04
2020,4,28,16,17.1,44,6.4,200,2.47
2020,4,28,17,16.9,35,7.4,230,1.74
2020,4,28,18,15.9,43,8.7,230,0.94
2020,4,29,8,14.5,40,4.6,290,0.94
2020,4,29,9,16.1,40,4.8,290,1.83
2020,4,29,10,19.0,35,2.8,290,2.52
2020,4,29,11,21.6,29,2.3,290,3.07
2020,4,29,12,23.2,25,2.5,290,3.41
2020,4,29,13,20.1,51,4.6,180,3.48
2020,4,29,14,18.7,46,5.8,180,3.36
2020,4,29,15,18.8,39,5.4,200,3.02
2020,4,29,16,19.2,38,3.7,160,2.48
2020,4,29,17,18.3,41,4.7,200,1.75
2020,4,29,18,17.1,49,4.6,180,0.97
2020,4,30,8,15.1,57,4.8,250,1.02
2020,4,30,9,16.7,53,6.4,250,1.98
2020,4,30,10,18.5,52,6.8,200,2.65
2020,4,30,11,18.4,60,7.2,200,3.17
2020,4,30,12,19.4,59,6.9,200,3.48
2020,4,30,13,19.1,61,9.0,200,3.57
2020,4,30,14,19.9,62,7.6,200,3.50
2020,4,30,15,19.3,64,8.5,200,3.13
2020,4,30,16,19.6,64,8.7,200,2.50
2020,4,30,17,19.5,66,8.5,230,1.35
2020,4,30,18,18.0,75,6.2,200,0.52
2020,5,1,8,19.1,77,4.2,230,0.95
2020,5,1,9,20.4,73,4.0,250,1.78
2020,5,1,10,21.7,69,4.2,230,2.28
2020,5,1,11,22.1,70,6.6,180,3.01
2020,5,1,12,22.2,69,7.0,200,3.48
2020,5,1,13,22.3,66,7.2,200,3.54
2020,5,1,14,22.0,66,8.9,200,3.35
2020,5,1,15,22.0,67,7.8,200,2.98
2020,5,1,16,22.1,67,8.2,200,2.39
2020,5,1,17,21.4,68,7.9,200,1.67
2020,5,1,18,20.9,71,6.4,230,0.86
2020,5,2,8,18.9,79,5.1,250,0.85
2020,5,2,9,20.2,75,2.9,230,1.35
2020,5,2,10,20.9,73,5.2,200,2.11
2020,5,2,11,21.5,70,6.1,200,2.82
2020,5,2,12,20.2,79,4.7,180,2.65
2020,5,2,13,19.3,83,4.3,180,2.68
2020,5,2,14,19.7,77,3.8,200,2.18
2020,5,2,15,19.7,79,2.8,160,0.99
2020,5,2,16,19.8,77,3.2,250,0.72
2020,5,2,17,19.7,77,2.6,200,0.42
2020,5,2,18,18.6,82,5.4,230,0.15
2020,5,3,8,16.8,93,2.4,140,6.00
2020,5,3,9,16.5,95,2.7,50,0.23
2020,5,3,10,16.4,96,2.1,70,0.30
2020,5,3,11,16.2,96,2.4,70,6.00
2020,5,3,12,16.2,92,2.2,70,6.00
2020,5,3,13,16.6,91,2.4,70,0.49
2020,5,3,14,16.6,91,2.4,50,0.32
2020,5,3,15,16.7,93,2.2,50,0.28
2020,5,3,16,17.1,93,2.4,50,0.33
2020,5,3,17,16.9,95,2.2,70,0.15
2020,5,3,18,16.9,96,2.0,50,0.10
2020,5,4,8,17.6,94,2.3,340,0.50
2020,5,4,9,19.6,85,3.2,290,1.75
2020,5,4,10,22.1,75,2.0,270,2.42
2020,5,4,11,24.0,69,1.6,320,2.98
2020,5,4,12,24.8,67,2.3,230,3.41
2020,5,4,13,21.5,76,4.9,180,3.44
2020,5,4,14,20.8,78,6.5,200,3.32
2020,5,4,15,21.4,76,5.0,180,2.87
2020,5,4,16,20.5,79,4.0,200,1.59
2020,5,4,17,20.5,78,3.4,250,1.34
2020,5,4,18,19.2,83,2.4,230,0.85
2020,5,5,8,15.8,76,2.8,70,0.48
2020,5,5,9,17.6,70,2.3,90,1.24
2020,5,5,10,18.0,70,3.3,90,2.29
2020,5,5,11,18.3,70,2.8,90,2.22
2020,5,5,12,17.7,72,3.1,90,2.20
2020,5,5,13,18.1,71,2.8,90,1.93
2020,5,5,14,18.1,71,3.3,110,1.99
2020,5,5,15,17.5,73,2.3,160,0.76
2020,5,5,16,16.5,78,2.1,90,0.56
2020,5,5,17,17.1,76,1.5,90,0.83
2020,5,5,18,16.2,80,2.2,90,0.42
2020,5,6,8,20.0,59,2.0,50,1.18
2020,5,6,9,21.4,55,1.9,90,1.77
2020,5,6,10,20.5,66,3.1,110,2.60
2020,5,6,11,20.2,70,3.3,90,3.15
2020,5,6,12,20.3,68,3.5,90,3.51
2020,5,6,13,20.9,67,3.7,90,3.61
2020,5,6,14,21.2,62,2.8,90,3.43
2020,5,6,15,21.4,59,3.3,70,3.08
2020,5,6,16,20.0,60,4.2,90,2.53
2020,5,6,17,19.7,50,3.6,70,1.84
2020,5,6,18,19.2,46,4.1,70,1.09
2020,5,7,8,16.6,54,4.1,50,1.30
2020,5,7,9,18.8,51,2.6,70,1.77
2020,5,7,10,19.3,51,3.4,70,2.73
2020,5,7,11,19.9,48,3.2,90,3.31
2020,5,7,12,20.3,41,4.0,70,3.67
2020,5,7,13,20.1,36,3.8,70,3.20
2020,5,7,14,19.9,45,4.1,90,3.35
2020,5,7,15,19.7,47,3.8,90,3.15
2020,5,7,16,20.0,34,3.4,70,2.72
2020,5,7,17,18.7,34,3.5,70,1.95
2020,5,7,18,18.1,35,3.4,70,1.22
2020,5,8,8,17.0,66,2.2,70,1.30
2020,5,8,9,19.1,60,2.3,110,1.85
2020,5,8,10,19.6,61,3.5,110,2.74
2020,5,8,11,19.9,63,3.1,90,3.22
2020,5,8,12,19.9,65,2.3,110,2.93
2020,5,8,13,19.6,62,3.6,200,2.73
2020,5,8,14,20.7,59,3.5,200,2.77
2020,5,8,15,19.8,61,4.3,200,2.02
2020,5,8,16,19.7,62,4.0,200,1.43
2020,5,8,17,20.0,55,3.8,230,1.01
2020,5,8,18,19.3,60,3.8,230,0.60
2020,5,9,8,15.3,93,4.7,140,0.06
2020,5,9,9,15.2,95,2.7,90,0.11
2020,5,9,10,15.0,95,4.3,90,0.15
2020,5,9,11,15.0,96,3.3,90,0.26
2020,5,9,12,15.1,97,3.0,90,0.30
2020,5,9,13,15.6,98,1.8,70,0.37
2020,5,9,14,16.0,98,0.8,140,0.33
2020,5,9,15,16.4,98,3.2,230,0.23
2020,5,9,16,16.8,99,4.8,200,0.07
2020,5,9,17,17.2,99,7.7,230,0.08
2020,5,9,18,17.3,98,6.9,200,0.06
2020,5,10,8,15.6,82,5.7,250,0.58
2020,5,10,9,16.3,80,7.8,250,1.50
2020,5,10,10,16.3,81,6.1,250,1.13
2020,5,10,11,17.9,76,5.5,250,1.71
2020,5,10,12,18.9,74,4.7,250,2.10
2020,5,10,13,19.1,75,6.5,180,2.61
2020,5,10,14,19.1,75,6.5,180,2.38
2020,5,10,15,20.0,72,6.3,180,2.75
2020,5,10,16,19.5,74,6.2,200,2.51
2020,5,10,17,19.6,73,5.2,200,1.76
2020,5,10,18,19.8,73,3.4,230,0.74
2020,5,11,8,19.3,51,3.2,250,1.31
2020,5,11,9,20.8,45,5.3,290,1.86
2020,5,11,10,22.8,40,3.8,290,2.78
2020,5,11,11,24.9,41,3.1,230,3.27
2020,5,11,12,22.8,55,3.7,180,3.55
2020,5,11,13,20.4,66,5.5,180,3.64
2020,5,11,14,20.8,64,5.1,200,3.49
2020,5,11,15,21.1,63,5.2,180,3.13
2020,5,11,16,21.0,61,4.8,180,2.59
2020,5,11,17,21.5,57,4.5,200,1.87
2020,5,11,18,18.7,74,4.7,180,1.05
2020,5,12,8,17.4,74,5.5,230,0.90
2020,5,12,9,19.3,65,3.9,250,1.54
2020,5,12,10,19.8,54,7.0,230,2.66
2020,5,12,11,21.0,47,6.3,250,3.22
2020,5,12,12,21.1,49,7.2,200,3.44
2020,5,12,13,21.1,49,7.4,200,3.53
2020,5,12,14,20.5,54,6.9,230,3.38
2020,5,12,15,19.5,56,9.7,230,2.97
2020,5,12,16,18.8,61,7.9,230,2.26
2020,5,12,17,18.0,64,8.6,200,1.51
2020,5,12,18,17.8,65,5.6,200,0.88
2020,5,13,8,15.8,49,3.3,340,1.37
2020,5,13,9,17.4,43,3.3,320,1.87
2020,5,13,10,19.3,40,2.2,270,2.80
2020,5,13,11,20.4,39,4.3,250,3.29
2020,5,13,12,21.4,36,3.7,230,3.58
2020,5,13,13,21.8,34,5.5,250,3.68
2020,5,13,14,21.9,39,5.8,200,3.52
2020,5,13,15,21.4,43,6.3,180,3.17
2020,5,13,16,21.9,37,5.1,200,2.65
2020,5,13,17,21.5,35,6.6,230,1.92
2020,5,13,18,21.0,43,5.7,230,1.13
2020,5,14,8,19.8,34,1.7,200,1.09
2020,5,14,9,20.4,30,2.6,320,1.22
2020,5,14,10,23.3,21,2.5,340,1.83
2020,5,14,11,25.0,23,3.4,230,2.95
2020,5,14,12,24.4,33,4.8,200,3.32
2020,5,14,13,22.4,38,4.6,180,3.09
2020,5,14,14,22.9,30,5.0,200,3.23
2020,5,14,15,23.5,29,3.7,200,2.85
2020,5,14,16,23.3,29,3.9,200,2.58
2020,5,14,17,22.2,36,3.9,200,1.79
2020,5,14,18,21.3,40,2.7,180,0.94
2020,5,15,8,17.6,79,4.2,180,0.11
2020,5,15,9,17.4,87,1.8,90,0.21
2020,5,15,10,17.8,66,4.7,110,0.30
2020,5,15,11,17.1,73,5.1,140,0.44
2020,5,15,12,15.2,91,2.2,90,0.40
2020,5,15,13,14.7,94,2.3,90,0.43
2020,5,15,14,14.6,94,2.7,70,0.34
2020,5,15,15,14.5,96,3.0,70,0.28
2020,5,15,16,14.4,97,3.2,50,0.17
2020,5,15,17,14.7,98,3.2,50,0.08
2020,5,15,18,15.0,98,3.0,50,0.08
2020,5,16,8,17.2,99,1.7,200,0.28
2020,5,16,9,17.5,99,1.0,250,0.46
2020,5,16,10,19.5,92,1.4,180,1.11
2020,5,16,11,21.3,85,2.4,200,1.97
2020,5,16,12,22.5,81,2.5,320,3.40
2020,5,16,13,24.2,72,3.6,290,3.68
2020,5,16,14,21.0,81,5.9,180,3.21
2020,5,16,15,21.5,77,3.5,180,3.06
2020,5,16,16,20.7,82,2.5,200,2.32
2020,5,16,17,19.9,86,2.1,180,1.11
2020,5,16,18,18.1,94,2.9,90,0.44
2020,5,17,8,17.2,88,2.0,110,0.42
2020,5,17,9,18.4,84,0.7,70,0.97
2020,5,17,10,19.3,83,3.6,180,1.76
2020,5,17,11,20.3,80,3.2,180,2.22
2020,5,17,12,20.3,79,3.9,180,2.78
2020,5,17,13,20.6,81,4.3,180,2.42
2020,5,17,14,21.0,76,4.5,180,3.12
2020,5,17,15,20.6,78,5.2,180,2.85
2020,5,17,16,21.1,74,3.8,180,2.30
2020,5,17,17,20.6,76,2.6,180,1.46
2020,5,17,18,20.1,78,1.5,230,0.76
2020,5,18,8,17.7,90,2.6,70,0.39
2020,5,18,9,17.5,92,2.5,70,0.16
2020,5,18,10,17.3,95,1.9,50,0.16
2020,5,18,11,17.2,96,1.9,50,0.29
2020,5,18,12,17.1,97,1.6,70,0.33
2020,5,18,13,16.6,97,2.7,70,0.33
2020,5,18,14,18.0,96,2.2,70,0.60
2020,5,18,15,18.6,92,2.3,70,0.83
2020,5,18,16,19.7,85,1.9,70,1.52
2020,5,18,17,18.9,86,2.3,90,0.73
2020,5,18,18,17.7,91,2.3,90,0.15
2020,5,19,8,15.2,67,6.6,250,1.28
2020,5,19,9,16.2,62,6.6,270,1.82
2020,5,19,10,17.1,58,8.6,250,2.77
2020,5,19,11,18.1,57,10.7,250,3.31
2020,5,19,12,15.7,73,8.7,200,1.96
2020,5,19,13,16.3,69,4.5,250,0.42
2020,5,19,14,16.4,72,6.5,200,0.63
2020,5,19,15,18.0,66,6.8,250,1.20
2020,5,19,16,18.2,59,8.4,250,2.35
2020,5,19,17,18.3,55,6.7,250,1.50
2020,5,19,18,17.3,58,5.6,250,0.43
2020,5,20,8,15.7,66,0.9,290,1.37
2020,5,20,9,17.0,60,2.3,320,1.81
2020,5,20,10,17.5,54,4.2,270,2.79
2020,5,20,11,18.4,59,3.0,110,3.23
2020,5,20,12,17.6,58,3.1,110,3.24
2020,5,20,13,18.2,55,3.5,90,3.62
2020,5,20,14,17.7,58,4.2,90,3.59
2020,5,20,15,18.0,58,4.8,110,3.21
2020,5,20,16,17.1,63,4.6,110,2.39
2020,5,20,17,16.0,68,3.0,90,0.90
2020,5,20,18,15.1,68,2.8,70,0.21
2020,5,21,8,13.9,74,2.7,90,0.24
2020,5,21,9,14.7,70,2.4,90,0.62
2020,5,21,10,16.3,68,2.5,90,1.51
2020,5,21,11,17.3,67,3.6,110,2.97
2020,5,21,12,17.2,66,3.2,110,2.79
2020,5,21,13,16.1,68,3.2,110,1.65
2020,5,21,14,16.2,69,3.4,110,1.58
2020,5,21,15,16.8,66,2.9,90,2.07
2020,5,21,16,17.0,68,3.3,110,2.37
2020,5,21,17,16.3,70,3.6,90,1.59
2020,5,21,18,15.4,72,2.8,70,0.78
2020,5,22,8,15.2,71,3.4,70,1.09
2020,5,22,9,16.2,71,3.1,70,1.48
2020,5,22,10,16.9,70,2.8,70,1.55
2020,5,22,11,17.1,71,3.4,70,1.51
2020,5,22,12,18.2,65,3.3,90,2.31
2020,5,22,13,18.2,65,3.0,90,2.67
2020,5,22,14,18.0,66,2.6,90,1.99
2020,5,22,15,18.3,65,3.2,90,2.41
2020,5,22,16,18.0,67,3.5,110,2.55
2020,5,22,17,17.8,67,2.9,90,1.93
2020,5,22,18,17.4,69,1.8,90,1.18
2020,5,23,8,17.3,70,2.2,90,1.26
2020,5,23,9,17.5,72,2.6,90,1.39
2020,5,23,10,18.6,70,2.1,90,1.65
2020,5,23,11,20.0,67,3.7,110,3.23
2020,5,23,12,19.5,69,4.1,110,3.55
2020,5,23,13,20.1,68,3.5,110,3.64
2020,5,23,14,19.9,70,3.4,110,3.49
2020,5,23,15,20.0,69,3.1,180,3.13
2020,5,23,16,20.2,70,2.0,140,2.44
2020,5,23,17,20.0,69,1.7,160,1.91
2020,5,23,18,19.4,70,1.3,140,1.21
2020,5,24,8,18.9,67,3.1,230,0.91
2020,5,24,9,19.9,66,6.0,180,1.90
2020,5,24,10,20.7,64,4.5,200,2.66
2020,5,24,11,21.0,69,2.8,180,3.10
2020,5,24,12,22.1,63,5.4,200,2.79
2020,5,24,13,21.4,70,5.8,200,2.42
2020,5,24,14,21.7,69,3.2,180,2.08
2020,5,24,15,21.6,67,6.2,200,1.55
2020,5,24,16,21.5,68,4.2,200,0.87
2020,5,24,17,21.7,70,5.1,230,0.87
2020,5,24,18,19.5,82,4.8,180,0.57
2020,5,25,8,20.1,75,0.2,0,0.72
2020,5,25,9,21.1,74,3.1,200,1.34
2020,5,25,10,22.1,70,3.0,180,2.42
2020,5,25,11,22.9,66,2.7,180,2.51
2020,5,25,12,22.4,69,3.5,180,2.59
2020,5,25,13,21.2,75,4.7,180,2.00
2020,5,25,14,20.3,79,4.5,180,1.44
2020,5,25,15,19.9,81,3.4,180,0.91
2020,5,25,16,19.8,79,4.0,180,0.80
2020,5,25,17,18.9,81,4.3,180,0.59
2020,5,25,18,19.3,80,1.2,230,0.37
2020,5,26,8,19.0,78,1.0,230,0.48
2020,5,26,9,19.7,66,0.5,270,0.62
2020,5,26,10,20.5,60,1.2,290,0.84
2020,5,26,11,20.9,60,1.9,290,0.82
2020,5,26,12,21.0,66,2.1,180,0.92
2020,5,26,13,20.8,68,3.5,180,1.04
2020,5,26,14,21.1,71,3.3,180,1.54
2020,5,26,15,21.8,62,4.7,200,2.38
2020,5,26,16,21.0,72,4.5,180,2.65
2020,5,26,17,20.4,75,5.0,180,1.88
2020,5,26,18,18.4,80,5.1,180,0.93
2020,5,27,8,19.7,58,1.9,290,1.14
2020,5,27,9,21.0,51,3.4,270,1.89
2020,5,27,10,22.1,45,2.5,270,2.57
2020,5,27,11,23.1,42,4.4,290,3.26
2020,5,27,12,24.3,38,2.7,270,3.60
2020,5,27,13,25.5,38,3.9,110,3.63
2020,5,27,14,24.0,41,3.4,90,3.46
2020,5,27,15,21.9,48,5.0,110,3.15
2020,5,27,16,22.1,47,3.6,110,2.60
2020,5,27,17,20.9,50,3.7,90,1.87
2020,5,27,18,19.6,55,3.5,110,1.03
2020,5,28,8,19.1,58,3.4,290,1.29
2020,5,28,9,21.0,53,2.9,320,1.85
2020,5,28,10,23.7,47,1.5,270,2.78
2020,5,28,11,25.1,43,2.8,180,3.19
2020,5,28,12,22.3,61,5.9,180,3.46
2020,5,28,13,21.6,70,5.7,180,3.55
2020,5,28,14,21.9,65,5.5,180,3.46
2020,5,28,15,23.1,54,4.5,180,3.13
2020,5,28,16,23.0,45,5.7,180,2.57
2020,5,28,17,23.5,40,4.8,230,1.89
2020,5,28,18,21.1,56,4.3,160,1.16
2020,5,29,8,21.2,48,1.6,70,1.29
2020,5,29,9,21.6,58,2.5,200,1.83
2020,5,29,10,22.8,53,2.4,180,2.60
2020,5,29,11,23.2,53,2.9,110,3.10
2020,5,29,12,23.3,49,3.1,110,3.49
2020,5,29,13,23.9,45,2.8,90,3.64
2020,5,29,14,23.7,53,2.8,110,3.51
2020,5,29,15,22.3,60,4.3,90,3.15
2020,5,29,16,22.3,55,3.1,90,2.57
2020,5,29,17,22.2,53,2.7,90,1.83
2020,5,29,18,21.5,59,2.4,90,1.09
2020,5,30,8,19.9,54,2.0,90,0.85
2020,5,30,9,21.7,50,2.2,90,1.59
2020,5,30,10,22.3,58,2.2,110,1.77
2020,5,30,11,23.3,49,2.2,90,2.07
2020,5,30,12,23.3,47,2.6,90,2.03
2020,5,30,13,23.6,47,2.5,90,2.03
2020,5,30,14,23.0,48,2.8,90,2.00
2020,5,30,15,22.9,48,2.3,90,1.78
2020,5,30,16,22.0,50,2.5,90,1.27
2020,5,30,17,21.3,53,2.1,90,0.83
2020,5,30,18,20.9,52,1.7,90,0.59
2020,5,31,8,18.9,76,1.0,140,0.70
2020,5,31,9,18.7,74,1.3,180,0.62
2020,5,31,10,20.4,62,1.4,200,1.46
2020,5,31,11,21.8,70,1.7,90,2.05
2020,5,31,12,22.6,75,2.7,110,2.80
2020,5,31,13,22.2,77,3.3,90,3.52
2020,5,31,14,22.9,65,3.0,90,3.52
2020,5,31,15,22.2,76,2.6,90,2.27
2020,5,31,16,21.7,77,2.3,90,1.94
2020,5,31,17,20.8,81,1.4,90,1.15
2020,5,31,18,19.8,90,1.6,90,0.68
2020,6,1,8,20.6,81,2.5,250,0.77
2020,6,1,9,22.7,72,2.6,270,1.43
2020,6,1,10,24.4,69,1.8,140,2.10
2020,6,1,11,24.4,69,3.2,200,2.67
2020,6,1,12,23.0,76,3.4,200,3.01
2020,6,1,13,23.4,73,4.7,180,2.87
2020,6,1,14,24.8,64,5.8,200,3.14
2020,6,1,15,25.0,64,6.6,200,3.04
2020,6,1,16,24.8,65,6.7,180,2.55
2020,6,1,17,24.8,60,6.1,200,1.88
2020,6,1,18,24.0,62,4.1,200,1.18
2020,6,2,8,22.9,40,0.6,140,1.36
2020,6,2,9,23.6,40,2.8,180,1.87
2020,6,2,10,24.0,35,3.1,180,2.80
2020,6,2,11,24.2,38,2.9,200,3.17
2020,6,2,12,24.6,40,4.0,180,3.58
2020,6,2,13,24.2,41,3.6,140,3.67
2020,6,2,14,24.0,52,4.6,180,3.55
2020,6,2,15,22.3,64,5.9,200,3.21
2020,6,2,16,21.5,58,5.6,180,2.66
2020,6,2,17,21.3,65,4.5,180,1.96
2020,6,2,18,21.1,46,3.4,180,1.15
2020,6,3,8,20.2,82,2.2,200,0.54
2020,6,3,9,19.3,87,4.1,180,0.81
2020,6,3,10,20.8,81,2.6,200,1.10
2020,6,3,11,21.2,82,5.0,180,1.46
2020,6,3,12,23.3,71,5.4,180,2.41
2020,6,3,13,25.4,64,4.0,250,3.14
2020,6,3,14,24.2,71,4.8,200,3.27
2020,6,3,15,24.4,68,4.8,200,2.89
2020,6,3,16,24.2,71,5.4,200,2.59
2020,6,3,17,23.5,75,5.8,200,1.58
2020,6,3,18,23.4,75,5.8,200,0.88
2020,6,4,8,22.4,83,2.3,250,0.87
2020,6,4,9,23.8,77,2.9,250,1.72
2020,6,4,10,24.3,79,4.0,180,2.50
2020,6,4,11,25.6,71,3.2,200,3.03
2020,6,4,12,25.9,71,4.4,180,3.33
2020,6,4,13,25.6,71,3.4,180,3.38
2020,6,4,14,26.5,66,4.7,200,3.06
2020,6,4,15,25.2,69,4.5,180,3.13
2020,6,4,16,24.1,71,4.3,180,2.10
2020,6,4,17,23.2,72,5.8,180,1.77
2020,6,4,18,21.9,77,4.6,180,1.02
2020,6,5,8,24.9,68,0.3,0,1.08
2020,6,5,9,23.8,74,1.5,200,1.62
2020,6,5,10,24.2,75,1.5,230,2.37
2020,6,5,11,24.9,68,1.6,230,2.57
2020,6,5,12,25.3,69,1.7,180,2.91
2020,6,5,13,25.2,69,2.9,180,3.36
2020,6,5,14,25.3,69,2.6,180,3.06
2020,6,5,15,26.2,63,1.8,200,2.18
2020,6,5,16,23.6,76,2.0,200,2.04
2020,6,5,17,24.2,72,2.0,180,1.61
2020,6,5,18,21.9,85,1.2,90,1.01
2020,6,6,8,20.3,78,1.8,70,0.49
2020,6,6,9,20.8,78,2.8,90,0.79
2020,6,6,10,22.2,74,2.6,90,1.37
2020,6,6,11,23.1,71,2.8,90,2.06
2020,6,6,12,24.1,67,3.2,50,2.50
2020,6,6,13,25.4,64,4.3,70,2.81
2020,6,6,14,26.6,57,2.2,70,2.93
2020,6,6,15,24.7,67,2.6,110,2.67
2020,6,6,16,23.6,69,2.9,90,2.23
2020,6,6,17,22.8,70,3.2,90,1.58
2020,6,6,18,21.5,73,3.4,90,0.82
2020,6,7,8,21.8,51,1.7,50,1.22
2020,6,7,9,23.2,53,2.6,90,1.75
2020,6,7,10,23.9,49,3.0,110,2.62
2020,6,7,11,24.3,49,3.3,90,3.13
2020,6,7,12,24.0,51,3.8,110,3.46
2020,6,7,13,23.5,59,3.5,110,3.58
2020,6,7,14,23.3,60,4.5,110,3.48
2020,6,7,15,24.0,48,3.4,90,3.14
2020,6,7,16,24.2,43,3.5,110,2.60
2020,6,7,17,24.0,44,2.2,90,1.96
2020,6,7,18,23.2,42,2.6,90,1.21
2020,6,8,8,23.5,45,0.9,90,1.25
2020,6,8,9,25.2,37,2.5,110,1.77
2020,6,8,10,27.0,46,1.8,140,2.61
2020,6,8,11,28.0,40,2.6,110,3.11
2020,6,8,12,26.3,50,3.3,200,3.44
2020,6,8,13,25.1,53,1.9,230,3.52
2020,6,8,14,25.9,52,2.7,180,3.41
2020,6,8,15,26.6,41,2.8,180,3.01
2020,6,8,16,26.6,33,3.2,200,2.54
2020,6,8,17,27.4,22,2.9,160,1.99
2020,6,8,18,27.3,23,1.4,140,1.23
2020,6,9,8,21.8,58,4.0,200,1.33
2020,6,9,9,24.6,44,1.8,230,1.80
2020,6,9,10,24.4,54,2.8,180,2.67
2020,6,9,11,26.5,39,2.7,200,3.14
2020,6,9,12,27.4,36,4.5,180,3.48
2020,6,9,13,27.6,33,3.1,200,3.57
2020,6,9,14,29.1,31,2.4,200,3.45
2020,6,9,15,29.0,30,2.4,160,3.09
2020,6,9,16,27.3,47,2.7,200,2.57
2020,6,9,17,26.3,65,2.5,180,1.96
2020,6,9,18,25.4,67,1.5,200,1.20
2020,6,10,8,26.4,59,1.6,70,1.30
2020,6,10,9,26.8,65,2.4,90,1.79
2020,6,10,10,27.3,62,2.9,110,2.64
2020,6,10,11,26.9,65,2.7,70,3.16
2020,6,10,12,27.5,64,2.3,90,3.58
2020,6,10,13,27.8,62,2.2,70,3.54
2020,6,10,14,27.6,61,3.3,180,3.29
2020,6,10,15,28.2,58,3.6,180,3.17
2020,6,10,16,26.4,64,4.2,200,2.12
2020,6,10,17,26.5,64,3.2,180,1.29
2020,6,10,18,25.1,66,3.4,200,0.74
2020,6,11,8,22.8,98,1.0,110,6.00
2020,6,11,9,23.2,97,1.8,180,0.49
2020,6,11,10,22.9,97,1.9,200,0.84
2020,6,11,11,23.9,89,2.6,180,1.74
2020,6,11,12,23.7,88,2.5,180,1.72
2020,6,11,13,24.4,87,3.4,180,2.49
2020,6,11,14,24.7,81,3.0,180,2.32
2020,6,11,15,23.8,86,3.6,200,2.06
2020,6,11,16,24.3,84,4.0,200,1.47
2020,6,11,17,24.0,87,3.3,180,1.46
2020,6,11,18,23.5,90,3.2,180,0.55
2020,6,12,8,21.6,97,1.3,230,0.39
2020,6,12,9,22.1,93,2.0,200,0.54
2020,6,12,10,22.8,91,2.5,200,0.73
2020,6,12,11,25.5,77,3.4,180,1.69
2020,6,12,12,24.3,81,3.6,200,2.64
2020,6,12,13,24.6,80,4.4,180,3.40
2020,6,12,14,24.6,80,4.5,180,3.44
2020,6,12,15,23.9,83,6.1,180,2.48
2020,6,12,16,23.6,83,5.1,180,2.43
2020,6,12,17,22.5,86,6.4,180,1.47
2020,6,12,18,22.5,87,4.4,200,0.58
2020,6,13,8,21.4,98,1.8,180,0.15
2020,6,13,9,21.8,98,0.6,90,0.30
2020,6,13,10,22.2,98,1.1,180,0.46
2020,6,13,11,21.1,98,2.6,180,0.44
2020,6,13,12,23.0,95,2.9,180,1.59
2020,6,13,13,23.4,90,1.2,200,1.61
2020,6,13,14,23.7,87,2.8,180,2.06
2020,6,13,15,23.4,88,3.5,180,1.27
2020,6,13,16,22.1,93,3.9,200,1.25
2020,6,13,17,22.3,91,2.7,180,0.36
2020,6,13,18,22.1,92,3.5,200,6.00
2020,6,14,8,22.5,98,6.1,200,0.06
2020,6,14,9,22.7,97,3.8,200,0.15
2020,6,14,10,22.7,96,4.8,200,0.20
2020,6,14,11,22.2,96,6.0,200,0.20
2020,6,14,12,22.5,94,7.5,200,0.33
2020,6,14,13,22.7,92,6.5,250,0.42
2020,6,14,14,23.9,89,6.3,250,0.84
2020,6,14,15,25.1,83,7.9,250,1.92
2020,6,14,16,26.3,81,8.0,250,2.62
2020,6,14,17,26.7,78,5.0,250,2.05
2020,6,14,18,25.3,84,6.0,250,0.94
2020,6,15,8,23.0,63,2.2,290,1.10
2020,6,15,9,24.5,53,3.6,340,1.88
2020,6,15,10,25.1,53,2.2,290,2.16
2020,6,15,11,26.6,51,4.3,270,3.15
2020,6,15,12,27.4,48,6.2,250,3.45
2020,6,15,13,28.3,48,4.4,250,3.36
2020,6,15,14,28.9,50,3.6,230,3.48
2020,6,15,15,26.6,61,4.8,160,3.25
2020,6,15,16,26.1,59,5.5,180,2.72
2020,6,15,17,26.0,57,4.5,180,2.07
2020,6,15,18,25.1,62,3.8,200,1.12
2020,6,16,8,24.6,49,2.6,270,1.38
2020,6,16,9,26.6,41,1.5,250,1.91
2020,6,16,10,28.0,41,2.6,290,2.71
2020,6,16,11,28.6,41,2.6,90,3.26
2020,6,16,12,26.9,43,4.4,110,3.56
2020,6,16,13,25.6,58,3.7,110,3.62
2020,6,16,14,24.9,55,4.4,90,3.36
2020,6,16,15,25.5,48,2.8,90,2.85
2020,6,16,16,25.5,48,3.3,70,2.25
2020,6,16,17,24.6,50,3.2,90,1.94
2020,6,16,18,23.9,49,3.0,70,1.12
2020,6,17,8,22.2,51,0.7,90,0.80
2020,6,17,9,24.9,46,1.6,110,1.79
2020,6,17,10,26.2,43,1.5,140,2.35
2020,6,17,11,24.9,54,1.6,90,2.17
2020,6,17,12,24.7,52,1.8,90,1.82
2020,6,17,13,25.9,46,1.4,50,2.52
2020,6,17,14,25.7,51,1.4,90,2.10
2020,6,17,15,25.3,56,2.5,180,2.06
2020,6,17,16,22.7,75,2.4,200,1.11
2020,6,17,17,23.6,72,1.1,110,0.93
2020,6,17,18,22.0,83,4.0,180,0.41
2020,6,18,8,17.7,95,2.1,50,0.17
2020,6,18,9,18.0,96,1.8,50,0.22
2020,6,18,10,18.5,95,2.1,50,0.34
2020,6,18,11,18.1,95,3.1,50,0.27
2020,6,18,12,18.7,93,2.7,70,0.53
2020,6,18,13,18.4,94,3.3,50,0.19
2020,6,18,14,18.8,95,2.3,70,0.33
2020,6,18,15,18.9,96,2.4,50,0.21
2020,6,18,16,18.8,94,2.5,50,6.00
2020,6,18,17,18.3,95,3.4,50,0.28
2020,6,18,18,18.0,95,3.1,70,0.14
2020,6,19,8,20.1,78,3.3,70,0.75
2020,6,19,9,21.8,71,2.4,50,1.05
2020,6,19,10,23.0,69,3.4,70,1.97
2020,6,19,11,24.5,62,3.3,70,2.52
2020,6,19,12,25.7,58,4.2,50,3.05
2020,6,19,13,26.3,53,4.1,70,3.44
2020,6,19,14,26.6,51,3.2,70,3.55
2020,6,19,15,25.4,67,3.1,110,3.16
2020,6,19,16,25.6,66,2.5,90,2.63
2020,6,19,17,25.2,65,2.3,90,1.95
2020,6,19,18,23.2,73,2.3,90,1.06
2020,6,20,8,21.4,75,1.9,70,0.56
2020,6,20,9,21.4,75,2.0,90,0.81
2020,6,20,10,23.4,69,2.8,110,1.55
2020,6,20,11,23.0,65,2.5,90,1.73
2020,6,20,12,24.2,63,3.1,90,3.50
2020,6,20,13,24.7,59,3.3,90,3.66
2020,6,20,14,24.2,63,2.9,110,3.53
2020,6,20,15,23.6,69,3.2,90,3.22
2020,6,20,16,23.4,66,3.2,90,2.68
2020,6,20,17,22.7,71,3.3,110,2.01
2020,6,20,18,21.7,72,2.5,90,1.16
2020,6,21,8,21.9,69,2.9,70,1.36
2020,6,21,9,23.2,65,3.0,90,1.97
2020,6,21,10,23.9,66,3.1,90,2.59
2020,6,21,11,24.0,64,3.4,90,3.27
2020,6,21,12,24.3,62,3.7,90,3.62
2020,6,21,13,24.4,62,3.7,90,3.73
2020,6,21,14,23.7,64,3.1,90,2.96
2020,6,21,15,24.9,59,2.9,90,3.21
2020,6,21,16,23.7,66,2.8,90,2.31
2020,6,21,17,22.6,71,2.8,90,1.58
2020,6,21,18,21.8,74,2.6,90,0.90
2020,6,22,8,22.4,70,1.6,110,1.34
2020,6,22,9,24.3,67,1.3,90,1.95
2020,6,22,10,25.1,68,1.8,110,2.59
2020,6,22,11,25.9,61,1.4,70,3.25
2020,6,22,12,26.3,59,3.1,200,3.58
2020,6,22,13,26.9,57,1.5,160,3.68
2020,6,22,14,26.8,59,2.7,180,3.57
2020,6,22,15,27.4,55,2.1,140,3.25
2020,6,22,16,26.6,55,3.3,180,2.76
2020,6,22,17,25.5,56,3.2,180,2.13
2020,6,22,18,25.0,57,2.6,180,1.38
2020,6,23,8,24.2,67,1.3,160,1.30
2020,6,23,9,25.3,63,2.3,180,1.94
2020,6,23,10,25.8,66,2.5,180,2.61
2020,6,23,11,26.2,63,3.2,180,3.22
2020,6,23,12,26.8,58,2.5,200,3.56
2020,6,23,13,28.7,52,2.5,140,3.68
2020,6,23,14,27.6,55,3.1,180,3.59
2020,6,23,15,28.3,56,2.0,140,2.84
2020,6,23,16,27.2,62,2.3,110,2.78
2020,6,23,17,26.8,67,1.5,70,1.77
2020,6,23,18,25.0,79,1.5,50,1.01
2020,6,24,8,24.1,70,1.2,70,0.85
2020,6,24,9,24.9,70,2.2,90,1.90
2020,6,24,10,23.5,78,2.9,110,1.04
2020,6,24,11,23.6,80,3.7,90,1.28
2020,6,24,12,24.1,75,2.2,110,1.33
2020,6,24,13,25.6,66,1.4,110,1.79
2020,6,24,14,25.0,69,1.5,160,0.89
2020,6,24,15,24.1,71,1.8,180,0.71
2020,6,24,16,23.6,83,2.5,200,0.39
2020,6,24,17,23.4,86,2.2,200,0.30
2020,6,24,18,22.6,90,2.7,200,0.11
2020,6,25,8,22.0,96,4.8,250,0.29
2020,6,25,9,22.6,96,3.8,230,0.51
2020,6,25,10,23.0,93,3.6,200,1.10
2020,6,25,11,24.6,90,4.1,250,1.64
2020,6,25,12,22.7,92,5.5,230,1.06
2020,6,25,13,22.7,91,3.8,230,0.46
2020,6,25,14,22.0,95,3.3,200,0.32
2020,6,25,15,22.3,97,2.2,230,0.34
2020,6,25,16,22.4,97,2.2,230,0.44
2020,6,25,17,22.7,95,2.7,230,0.47
2020,6,25,18,22.1,96,2.9,200,0.17
2020,6,26,8,22.6,73,1.8,250,0.97
2020,6,26,9,24.5,68,2.2,250,1.94
2020,6,26,10,25.4,64,2.6,270,2.60
2020,6,26,11,26.5,65,3.4,290,3.24
2020,6,26,12,27.4,63,3.1,200,3.51
2020,6,26,13,26.9,67,4.4,160,3.55
2020,6,26,14,25.6,68,6.0,180,3.49
2020,6,26,15,25.2,68,5.6,180,3.17
2020,6,26,16,25.9,65,4.6,160,2.66
2020,6,26,17,25.0,68,5.7,200,2.03
2020,6,26,18,24.5,70,4.5,200,1.29
2020,6,27,8,23.8,76,0.1,0,1.02
2020,6,27,9,23.9,80,1.5,230,1.60
2020,6,27,10,25.4,71,1.0,230,2.01
2020,6,27,11,25.6,73,1.9,230,2.46
2020,6,27,12,24.5,76,2.8,180,2.42
2020,6,27,13,25.5,73,2.7,180,1.86
2020,6,27,14,26.6,67,0.8,200,2.02
2020,6,27,15,25.9,70,2.1,230,1.91
2020,6,27,16,24.8,71,3.7,180,1.12
2020,6,27,17,25.1,69,2.3,200,0.86
2020,6,27,18,24.4,71,1.6,230,0.37
2020,6,28,8,25.7,67,1.1,290,1.16
2020,6,28,9,27.8,63,1.9,180,1.78
2020,6,28,10,28.3,59,3.3,270,2.42
2020,6,28,11,29.2,60,2.1,250,3.12
2020,6,28,12,29.8,55,3.7,200,3.62
2020,6,28,13,28.3,59,3.6,180,2.82
2020,6,28,14,27.2,65,2.8,180,2.32
2020,6,28,15,26.6,71,1.8,70,1.43
2020,6,28,16,27.0,68,3.2,90,2.30
2020,6,28,17,26.2,71,2.6,90,1.61
2020,6,28,18,25.3,69,2.5,90,1.09
2020,6,29,8,22.4,84,2.4,110,0.32
2020,6,29,9,23.2,82,2.9,90,0.57
2020,6,29,10,24.1,79,1.5,90,1.00
2020,6,29,11,24.7,78,3.3,110,1.40
2020,6,29,12,24.3,81,3.2,110,1.50
2020,6,29,13,24.9,80,2.5,90,1.96
2020,6,29,14,23.2,88,3.5,90,0.82
2020,6,29,15,22.6,90,2.9,90,0.41
2020,6,29,16,20.5,95,4.7,180,0.16
2020,6,29,17,19.2,93,2.2,110,0.08
2020,6,29,18,19.1,97,2.6,50,0.07
2020,6,30,8,20.2,88,8.1,230,0.06
2020,6,30,9,20.4,86,9.5,230,0.17
2020,6,30,10,20.7,86,9.3,230,0.54
2020,6,30,11,21.3,82,8.4,200,1.77
2020,6,30,12,22.9,76,7.5,230,2.77
2020,6,30,13,23.1,75,7.3,230,3.26
2020,6,30,14,23.0,74,7.7,200,2.71
2020,6,30,15,23.7,72,7.9,200,2.88
2020,6,30,16,23.1,74,8.2,200,2.81
2020,6,30,17,23.5,70,5.7,180,2.14
2020,6,30,18,24.1,68,3.4,180,1.53
2020,7,1,8,19.6,89,2.0,70,0.32
2020,7,1,9,19.2,90,2.4,110,0.37
2020,7,1,10,19.7,87,0.8,50,0.24
2020,7,1,11,23.0,71,2.7,180,2.15
2020,7,1,12,23.2,72,4.5,180,2.43
2020,7,1,13,23.8,68,5.2,160,3.52
2020,7,1,14,22.7,74,6.0,180,2.80
2020,7,1,15,21.7,77,5.4,200,2.67
2020,7,1,16,21.9,74,4.3,200,1.96
2020,7,1,17,22.1,72,5.0,200,1.63
2020,7,1,18,21.0,79,4.1,200,0.68
2020,7,2,8,23.1,76,0.9,140,1.16
2020,7,2,9,22.7,81,2.1,200,1.42
2020,7,2,10,24.4,72,2.3,90,1.86
2020,7,2,11,24.9,67,3.1,110,2.55
2020,7,2,12,23.8,71,3.0,90,1.88
2020,7,2,13,24.2,69,2.0,90,1.83
2020,7,2,14,24.1,60,2.7,90,1.56
2020,7,2,15,23.7,62,3.4,110,1.53
2020,7,2,16,23.6,64,3.1,110,1.22
2020,7,2,17,23.8,59,2.3,90,1.71
2020,7,2,18,23.1,58,2.6,90,0.65
2020,7,3,8,21.2,77,3.1,50,0.38
2020,7,3,9,21.7,75,3.1,70,0.55
2020,7,3,10,22.1,75,2.7,50,0.70
2020,7,3,11,21.6,80,3.2,70,0.63
2020,7,3,12,20.8,88,3.3,70,0.45
2020,7,3,13,20.6,90,2.7,70,0.41
2020,7,3,14,20.8,90,2.4,70,0.55
2020,7,3,15,21.1,89,3.8,70,0.98
2020,7,3,16,21.5,84,3.3,70,0.99
2020,7,3,17,21.6,83,2.3,70,0.94
2020,7,3,18,21.1,83,2.8,70,0.45
2020,7,4,8,20.4,80,2.2,70,0.48
2020,7,4,9,21.5,77,2.8,50,0.94
2020,7,4,10,23.6,70,2.2,50,1.91
2020,7,4,11,24.9,65,2.1,50,2.51
2020,7,4,12,23.3,74,2.7,110,1.81
2020,7,4,13,23.5,73,2.5,110,1.33
2020,7,4,14,22.9,75,2.1,90,1.41
2020,7,4,15,21.5,77,1.4,90,0.22
2020,7,4,16,21.3,78,2.1,110,0.26
2020,7,4,17,20.9,78,2.4,90,0.35
2020,7,4,18,20.4,79,2.3,110,0.11
2020,7,5,8,22.1,76,0.8,290,1.05
2020,7,5,9,24.5,73,2.8,180,1.75
2020,7,5,10,24.2,72,2.2,180,1.85
2020,7,5,11,24.9,70,4.1,180,2.64
2020,7,5,12,23.4,77,3.7,180,1.48
2020,7,5,13,23.8,71,4.5,180,2.49
2020,7,5,14,24.7,69,3.6,180,2.50
2020,7,5,15,24.2,67,4.5,200,2.77
2020,7,5,16,23.7,74,3.9,180,1.98
2020,7,5,17,23.3,75,1.8,180,0.93
2020,7,5,18,23.6,68,2.3,180,0.87
2020,7,6,8,22.3,86,1.4,90,0.12
2020,7,6,9,22.5,86,1.8,90,0.15
2020,7,6,10,22.4,89,1.2,70,0.29
2020,7,6,11,24.2,84,2.5,140,1.50
2020,7,6,12,25.3,81,1.8,90,1.75
2020,7,6,13,24.0,89,1.5,70,0.41
2020,7,6,14,24.0,87,1.6,50,0.51
2020,7,6,15,24.1,88,0.8,70,0.52
2020,7,6,16,24.0,88,0.8,20,0.40
2020,7,6,17,22.9,94,1.0,50,0.15
2020,7,6,18,22.6,96,0.9,360,0.11
2020,7,7,8,21.8,94,2.7,200,0.30
2020,7,7,9,22.9,90,1.6,270,0.84
2020,7,7,10,23.4,89,3.1,200,2.45
2020,7,7,11,22.9,90,6.5,180,3.00
2020,7,7,12,23.9,84,4.3,200,2.47
2020,7,7,13,23.4,89,5.6,230,2.62
2020,7,7,14,24.4,81,5.6,230,2.20
2020,7,7,15,23.7,83,5.4,180,1.68
2020,7,7,16,22.1,89,6.0,200,0.72
2020,7,7,17,22.6,86,5.9,200,0.68
2020,7,7,18,22.8,84,5.7,200,0.98
2020,7,8,8,24.6,77,1.6,270,1.17
2020,7,8,9,26.1,70,2.6,290,1.75
2020,7,8,10,26.8,73,3.1,180,2.54
2020,7,8,11,25.1,78,3.4,200,3.10
2020,7,8,12,24.3,84,5.0,180,2.93
2020,7,8,13,25.6,77,3.8,200,3.13
2020,7,8,14,24.9,80,3.5,180,2.98
2020,7,8,15,25.9,72,1.1,230,2.16
2020,7,8,16,27.6,59,3.2,110,2.55
2020,7,8,17,25.1,79,2.5,200,1.59
2020,7,8,18,23.1,87,4.5,200,1.02
2020,7,9,8,21.3,90,1.9,50,0.27
2020,7,9,9,22.3,84,3.2,110,0.76
2020,7,9,10,23.2,82,2.5,90,1.18
2020,7,9,11,25.0,74,2.1,70,1.68
2020,7,9,12,25.1,77,2.8,90,2.39
2020,7,9,13,23.9,78,2.7,90,1.06
2020,7,9,14,22.7,85,2.0,70,0.40
2020,7,9,15,23.0,83,2.6,70,0.56
2020,7,9,16,22.4,86,2.7,90,0.45
2020,7,9,17,22.4,84,3.1,70,0.27
2020,7,9,18,22.4,81,1.8,90,0.26
2020,7,10,8,21.9,98,2.2,50,0.01
2020,7,10,9,21.0,98,2.3,70,0.02
2020,7,10,10,21.4,98,2.1,90,0.02
2020,7,10,11,21.7,99,2.1,140,0.05
2020,7,10,12,22.2,99,2.9,70,0.06
2020,7,10,13,22.7,99,2.3,180,0.30
2020,7,10,14,22.8,99,2.6,200,0.40
2020,7,10,15,23.3,99,2.3,230,0.93
2020,7,10,16,24.2,96,4.4,230,1.29
2020,7,10,17,25.6,88,4.1,250,1.62
2020,7,10,18,23.2,93,1.8,180,0.84
2020,7,11,8,21.8,94,1.3,200,0.68
2020,7,11,9,21.5,93,2.6,230,0.90
2020,7,11,10,22.8,90,1.8,200,1.25
2020,7,11,11,23.4,88,2.9,110,1.28
2020,7,11,12,23.4,86,2.5,90,0.86
2020,7,11,13,22.7,89,2.3,70,0.42
2020,7,11,14,22.8,86,2.4,70,0.57
2020,7,11,15,22.4,85,3.0,90,0.65
2020,7,11,16,22.0,85,2.7,70,0.50
2020,7,11,17,21.8,85,2.7,70,0.45
2020,7,11,18,21.6,84,2.8,90,0.47
2020,7,12,8,21.2,83,2.1,70,0.34
2020,7,12,9,21.3,84,1.7,70,0.32
2020,7,12,10,21.3,86,2.6,70,0.40
2020,7,12,11,21.3,88,2.7,70,0.52
2020,7,12,12,21.1,91,2.7,70,0.60
2020,7,12,13,20.9,93,2.7,70,0.68
2020,7,12,14,20.6,93,2.8,70,0.63
2020,7,12,15,20.3,93,2.4,70,0.38
2020,7,12,16,20.0,95,2.2,70,0.19
2020,7,12,17,19.8,95,2.9,70,0.14
2020,7,12,18,19.4,95,3.1,70,0.10
2020,7,13,8,18.7,98,2.8,70,0.04
2020,7,13,9,18.9,97,2.9,50,0.04
2020,7,13,10,19.0,97,3.2,70,0.06
2020,7,13,11,18.9,97,3.7,70,0.11
2020,7,13,12,19.2,97,4.5,70,0.33
2020,7,13,13,20.1,97,0.7,70,0.46
2020,7,13,14,19.6,97,3.2,290,0.37
2020,7,13,15,19.4,97,3.3,320,0.36
2020,7,13,16,20.0,97,0.6,160,0.22
2020,7,13,17,19.9,98,0.9,110,0.09
2020,7,13,18,19.4,98,2.1,50,0.05
2020,7,14,8,19.0,99,1.6,70,0.26
2020,7,14,9,19.2,98,1.6,70,0.40
2020,7,14,10,19.3,96,3.1,50,0.47
2020,7,14,11,19.7,94,1.7,50,0.61
2020,7,14,12,19.8,88,3.0,50,0.75
2020,7,14,13,20.5,89,2.3,50,1.09
2020,7,14,14,20.3,89,1.8,50,0.65
2020,7,14,15,20.1,91,2.3,50,0.61
2020,7,14,16,19.5,97,1.4,90,0.28
2020,7,14,17,19.5,97,1.3,70,0.27
2020,7,14,18,19.6,95,1.4,90,0.28
2020,7,15,8,19.2,85,1.9,50,0.37
2020,7,15,9,19.5,87,2.0,70,0.51
2020,7,15,10,20.1,83,2.5,70,0.79
2020,7,15,11,20.0,87,2.8,70,0.85
2020,7,15,12,20.5,88,1.2,50,1.33
2020,7,15,13,20.3,88,1.5,90,1.17
2020,7,15,14,19.5,85,1.7,90,0.49
2020,7,15,15,21.0,81,2.0,90,1.07
2020,7,15,16,20.7,77,2.2,70,0.90
2020,7,15,17,20.5,74,2.0,70,0.88
2020,7,15,18,20.0,77,2.3,70,0.34
2020,7,16,8,20.5,77,0.6,70,0.58
2020,7,16,9,23.1,69,2.4,110,1.75
2020,7,16,10,23.5,69,3.1,140,2.57
2020,7,16,11,23.2,70,3.3,110,3.20
2020,7,16,12,22.9,72,4.1,110,2.07
2020,7,16,13,23.1,72,3.4,110,1.95
2020,7,16,14,23.8,71,3.9,110,3.41
2020,7,16,15,23.9,68,3.5,110,3.22
2020,7,16,16,23.6,69,3.5,110,2.87
2020,7,16,17,23.0,74,3.1,110,2.03
2020,7,16,18,22.4,75,2.5,90,1.29
2020,7,17,8,21.7,73,2.5,70,1.25
2020,7,17,9,23.1,71,2.2,70,1.75
2020,7,17,10,24.4,65,2.2,50,2.74
2020,7,17,11,25.4,63,3.2,110,3.18
2020,7,17,12,25.3,66,2.9,90,3.54
2020,7,17,13,24.4,67,4.4,90,3.62
2020,7,17,14,24.7,66,3.5,90,3.36
2020,7,17,15,25.1,64,3.4,90,3.17
2020,7,17,16,24.8,67,3.3,90,2.72
2020,7,17,17,24.4,66,2.6,90,2.03
2020,7,17,18,23.7,67,2.9,110,1.29
2020,7,18,8,22.3,75,1.9,50,0.94
2020,7,18,9,23.5,71,1.9,90,1.33
2020,7,18,10,23.6,71,2.9,110,1.70
2020,7,18,11,24.2,70,2.3,90,1.78
2020,7,18,12,24.5,71,2.9,90,2.03
2020,7,18,13,25.3,68,3.5,110,2.34
2020,7,18,14,24.6,71,3.1,90,1.97
2020,7,18,15,24.7,69,3.0,110,2.07
2020,7,18,16,23.6,77,3.6,90,1.50
2020,7,18,17,23.7,76,2.6,90,1.13
2020,7,18,18,23.2,78,2.0,90,0.50
2020,7,19,8,22.4,87,2.9,50,0.20
2020,7,19,9,22.4,91,2.2,50,0.20
2020,7,19,10,22.7,94,2.0,50,0.21
2020,7,19,11,23.3,90,1.6,70,0.36
2020,7,19,12,23.2,90,2.0,50,0.29
2020,7,19,13,23.9,90,0.8,50,0.40
2020,7,19,14,23.9,91,1.8,50,0.42
2020,7,19,15,24.0,93,1.3,50,0.40
2020,7,19,16,24.2,95,0.5,20,0.31
2020,7,19,17,24.2,97,2.9,180,0.24
2020,7,19,18,24.7,97,4.4,230,0.14
2020,7,20,8,25.4,92,12.3,230,0.54
2020,7,20,9,25.8,89,10.0,230,1.02
2020,7,20,10,25.6,91,9.3,230,1.13
2020,7,20,11,25.5,91,8.6,230,1.22
2020,7,20,12,25.3,92,7.7,230,1.12
2020,7,20,13,25.5,91,6.4,230,0.44
2020,7,20,14,25.6,90,7.2,200,0.50
2020,7,20,15,26.1,88,5.2,200,0.49
2020,7,20,16,26.1,86,4.5,180,1.13
2020,7,20,17,25.9,84,3.5,180,0.79
2020,7,20,18,25.3,85,2.6,230,0.55
2020,7,21,8,23.9,92,1.0,230,0.63
2020,7,21,9,25.0,89,3.2,200,1.20
2020,7,21,10,26.0,83,3.0,180,2.19
2020,7,21,11,26.2,81,2.5,180,1.70
2020,7,21,12,28.5,74,3.0,180,3.10
2020,7,21,13,27.8,75,3.5,180,2.91
2020,7,21,14,27.8,73,4.0,180,2.51
2020,7,21,15,27.7,72,5.1,180,2.10
2020,7,21,16,27.8,73,4.4,180,2.10
2020,7,21,17,27.7,72,4.0,180,1.43
2020,7,21,18,26.2,80,2.7,180,0.81
2020,7,22,8,22.0,98,1.9,70,0.18
2020,7,22,9,21.8,98,2.0,50,0.06
2020,7,22,10,22.8,98,1.4,70,0.40
2020,7,22,11,23.6,97,1.0,70,1.11
2020,7,22,12,23.6,91,1.3,50,0.70
2020,7,22,13,23.7,89,2.1,90,0.65
2020,7,22,14,23.8,89,1.5,90,0.74
2020,7,22,15,23.7,95,1.1,180,0.53
2020,7,22,16,23.8,95,0.8,50,0.66
2020,7,22,17,23.1,95,1.3,90,0.28
2020,7,22,18,22.7,94,1.4,70,0.33
2020,7,23,8,21.6,98,1.7,70,0.10
2020,7,23,9,21.7,97,1.6,70,0.21
2020,7,23,10,21.6,95,2.9,70,0.34
2020,7,23,11,21.9,94,2.9,70,0.71
2020,7,23,12,21.6,94,3.1,70,0.52
2020,7,23,13,21.6,94,3.2,50,0.53
2020,7,23,14,21.6,95,2.8,70,0.36
2020,7,23,15,21.3,97,3.0,70,0.28
2020,7,23,16,21.6,97,3.8,70,0.26
2020,7,23,17,21.3,97,3.9,70,0.15
2020,7,23,18,21.2,97,4.4,70,0.08
2020,7,24,8,21.4,89,6.0,200,0.32
2020,7,24,9,22.2,82,6.7,200,1.01
2020,7,24,10,21.9,89,7.5,200,0.94
2020,7,24,11,23.6,80,7.4,200,2.31
2020,7,24,12,22.7,86,6.3,230,1.55
2020,7,24,13,23.3,79,9.9,230,2.93
2020,7,24,14,23.3,78,6.5,200,2.24
2020,7,24,15,22.9,80,5.6,200,1.43
2020,7,24,16,22.3,85,5.6,180,0.74
2020,7,24,17,22.0,85,4.7,230,0.81
2020,7,24,18,21.6,87,4.6,200,0.17
2020,7,25,8,20.6,95,2.6,180,0.15
2020,7,25,9,21.3,93,2.8,200,0.54
2020,7,25,10,21.9,89,3.4,180,0.88
2020,7,25,11,21.3,90,3.8,180,0.56
2020,7,25,12,21.6,88,2.0,230,0.50
2020,7,25,13,22.2,87,2.5,180,0.53
2020,7,25,14,22.1,87,4.8,180,1.53
2020,7,25,15,22.4,85,3.5,180,1.11
2020,7,25,16,23.2,81,3.4,200,1.17
2020,7,25,17,23.0,82,5.3,200,2.16
2020,7,25,18,22.1,88,3.9,180,1.01
2020,7,26,8,23.0,77,3.9,250,1.22
2020,7,26,9,24.5,74,3.2,200,1.64
2020,7,26,10,25.2,69,4.2,230,2.47
2020,7,26,11,26.2,69,3.3,200,2.98
2020,7,26,12,26.7,63,4.0,200,3.27
2020,7,26,13,26.7,65,3.8,180,3.46
2020,7,26,14,26.1,65,4.3,200,3.33
2020,7,26,15,26.8,68,3.9,180,2.98
2020,7,26,16,26.5,75,3.5,180,2.45
2020,7,26,17,26.1,77,2.8,180,1.71
2020,7,26,18,24.9,84,1.9,200,0.90
2020,7,27,8,22.5,93,1.4,70,0.09
2020,7,27,9,22.7,94,1.4,50,0.22
2020,7,27,10,23.3,89,2.2,90,0.54
2020,7,27,11,23.2,91,2.0,90,0.32
2020,7,27,12,23.5,91,1.8,70,0.50
2020,7,27,13,24.1,86,2.1,70,0.77
2020,7,27,14,24.5,87,2.1,90,0.82
2020,7,27,15,23.4,93,2.2,90,0.52
2020,7,27,16,22.0,97,3.1,90,0.17
2020,7,27,17,21.7,98,1.3,70,0.10
2020,7,27,18,21.7,97,2.3,90,0.05
2020,7,28,8,21.8,99,1.8,50,0.20
2020,7,28,9,21.6,99,1.8,50,0.11
2020,7,28,10,21.8,98,2.2,50,0.27
2020,7,28,11,22.2,97,2.0,70,0.48
2020,7,28,12,21.9,94,2.3,70,0.34
2020,7,28,13,21.9,94,2.2,70,0.34
2020,7,28,14,22.1,93,1.8,90,0.39
2020,7,28,15,22.5,93,1.8,70,0.44
2020,7,28,16,22.5,93,1.4,90,0.54
2020,7,28,17,22.1,95,2.0,70,0.20
2020,7,28,18,21.9,96,1.6,50,0.17
2020,7,29,8,22.6,99,1.6,50,0.27
2020,7,29,9,23.1,99,1.0,50,0.45
2020,7,29,10,24.5,95,0.9,90,1.34
2020,7,29,11,24.1,94,1.2,50,0.95
2020,7,29,12,23.3,94,2.4,90,0.68
2020,7,29,13,22.7,96,2.0,70,0.45
2020,7,29,14,23.4,98,1.6,50,0.51
2020,7,29,15,24.2,94,2.0,50,1.58
2020,7,29,16,24.1,92,0.5,70,0.64
2020,7,29,17,24.5,91,1.4,180,0.60
2020,7,29,18,23.9,95,1.9,200,0.20
2020,7,30,8,24.1,99,1.6,180,0.43
2020,7,30,9,25.0,99,3.1,180,0.91
2020,7,30,10,25.1,98,2.6,200,1.13
2020,7,30,11,26.9,89,3.9,180,2.59
2020,7,30,12,27.6,84,4.5,180,2.74
2020,7,30,13,22.9,82,2.5,360,0.75
2020,7,30,14,22.5,91,0.8,180,0.56
2020,7,30,15,23.7,82,2.4,200,2.30
2020,7,30,16,22.6,89,3.5,200,0.49
2020,7,30,17,23.4,85,4.0,230,0.79
2020,7,30,18,23.5,88,3.9,270,0.24
2020,7,31,8,24.8,87,3.1,270,0.72
2020,7,31,9,25.6,84,3.2,290,1.15
2020,7,31,10,26.5,81,3.1,290,1.71
2020,7,31,11,28.2,76,1.8,320,2.36
2020,7,31,12,28.8,72,3.0,320,2.75
2020,7,31,13,30.3,65,3.0,340,2.99
2020,7,31,14,29.8,74,2.9,200,3.14
2020,7,31,15,28.9,76,3.4,180,2.88
2020,7,31,16,27.5,82,4.4,180,1.40
2020,7,31,17,28.5,78,2.6,200,1.66
2020,7,31,18,27.0,85,1.7,230,0.85
2020,8,1,8,26.1,86,3.3,250,0.73
2020,8,1,9,27.6,81,3.1,180,1.34
2020,8,1,10,28.1,78,2.1,180,1.68
2020,8,1,11,29.4,68,4.3,200,2.84
2020,8,1,12,28.8,74,4.3,180,2.85
2020,8,1,13,29.7,71,4.2,200,2.92
2020,8,1,14,29.7,66,5.9,180,3.20
2020,8,1,15,29.5,67,4.6,200,2.73
2020,8,1,16,28.9,66,6.2,200,2.41
2020,8,1,17,27.7,74,4.9,200,0.92
2020,8,1,18,27.4,75,4.5,200,0.60
2020,8,2,8,26.5,84,2.6,230,0.67
2020,8,2,9,27.6,80,5.1,250,1.18
2020,8,2,10,28.5,80,3.7,230,1.82
2020,8,2,11,28.8,75,6.2,250,2.57
2020,8,2,12,29.5,72,4.8,200,2.28
2020,8,2,13,28.6,76,5.3,200,2.67
2020,8,2,14,29.2,73,5.7,200,2.61
2020,8,2,15,28.2,80,6.6,200,2.00
2020,8,2,16,27.6,83,6.1,200,1.65
2020,8,2,17,27.4,82,5.0,200,0.94
2020,8,2,18,27.0,84,4.9,230,0.56
2020,8,3,8,27.4,79,3.3,180,0.97
2020,8,3,9,27.0,84,4.3,180,1.32
2020,8,3,10,28.3,79,4.4,180,1.94
2020,8,3,11,28.1,81,5.7,230,2.21
2020,8,3,12,29.3,77,6.0,200,3.25
2020,8,3,13,29.2,75,7.1,200,2.30
2020,8,3,14,28.5,76,7.2,200,1.68
2020,8,3,15,28.3,76,7.0,200,1.33
2020,8,3,16,27.9,77,6.9,200,0.93
2020,8,3,17,27.9,78,6.2,200,0.72
2020,8,3,18,27.2,80,5.1,200,0.54
2020,8,4,8,26.6,84,5.4,230,1.15
2020,8,4,9,27.5,80,4.1,200,1.42
2020,8,4,10,28.3,76,6.2,200,2.63
2020,8,4,11,28.6,80,4.9,230,2.59
2020,8,4,12,28.6,80,8.4,230,2.59
2020,8,4,13,28.1,84,5.9,200,1.80
2020,8,4,14,28.2,81,8.8,230,2.15
2020,8,4,15,28.3,82,7.3,230,3.19
2020,8,4,16,28.2,82,8.6,230,2.23
2020,8,4,17,27.8,84,5.3,230,1.17
2020,8,4,18,27.7,83,6.0,230,0.82
2020,8,5,8,26.4,96,5.6,200,0.54
2020,8,5,9,26.3,96,5.5,200,0.73
2020,8,5,10,27.2,89,5.7,200,1.14
2020,8,5,11,27.3,88,7.7,200,1.80
2020,8,5,12,28.3,83,7.3,200,2.43
2020,8,5,13,29.1,79,7.4,200,3.04
2020,8,5,14,28.9,82,5.9,200,2.21
2020,8,5,15,28.1,83,6.3,200,1.87
2020,8,5,16,27.7,85,6.0,200,1.32
2020,8,5,17,27.1,89,4.9,200,0.54
2020,8,5,18,26.9,91,6.0,200,0.51
2020,8,6,8,26.4,89,12.7,230,0.26
2020,8,6,9,26.4,88,9.7,230,0.39
2020,8,6,10,26.9,84,9.9,230,0.70
2020,8,6,11,27.0,83,9.2,230,0.87
2020,8,6,12,26.8,85,8.0,230,0.73
2020,8,6,13,26.6,86,6.0,200,0.44
2020,8,6,14,26.9,81,7.3,200,0.63
2020,8,6,15,27.3,79,9.9,200,0.63
2020,8,6,16,27.0,80,8.1,200,0.81
2020,8,6,17,26.2,84,6.2,180,0.22
2020,8,6,18,26.2,86,7.2,200,0.06
2020,8,7,8,26.4,83,4.1,200,0.58
2020,8,7,9,27.0,82,4.1,200,1.12
2020,8,7,10,27.2,81,3.5,200,1.06
2020,8,7,11,27.3,84,4.6,200,1.63
2020,8,7,12,27.2,84,3.1,230,1.18
2020,8,7,13,26.5,88,4.3,230,1.18
2020,8,7,14,26.3,90,6.5,230,0.68
2020,8,7,15,26.9,89,7.7,230,0.45
2020,8,7,16,26.9,87,8.3,230,0.45
2020,8,7,17,26.8,86,8.3,230,0.37
2020,8,7,18,26.3,88,6.8,200,0.12
2020,8,8,8,24.3,97,5.2,230,0.02
2020,8,8,9,24.4,96,5.1,200,0.10
2020,8,8,10,24.4,93,6.2,200,0.18
2020,8,8,11,25.0,94,6.7,230,0.29
2020,8,8,12,25.1,93,6.3,200,0.48
2020,8,8,13,25.2,94,4.4,230,0.60
2020,8,8,14,24.8,95,8.6,230,0.38
2020,8,8,15,24.9,94,4.4,200,0.22
2020,8,8,16,24.9,94,4.1,230,0.39
2020,8,8,17,25.0,96,2.9,230,0.18
2020,8,8,18,25.0,93,3.7,200,0.14
2020,8,9,8,25.8,89,5.9,200,0.48
2020,8,9,9,26.3,92,8.2,230,0.58
2020,8,9,10,26.7,88,5.9,200,1.87
2020,8,9,11,26.6,87,4.6,200,2.19
2020,8,9,12,26.7,84,6.7,200,2.27
2020,8,9,13,27.4,85,5.4,230,2.30
2020,8,9,14,27.0,85,5.6,180,2.39
2020,8,9,15,27.1,87,6.4,230,1.44
2020,8,9,16,25.8,92,6.4,200,1.07
2020,8,9,17,25.0,94,8.2,230,0.46
2020,8,9,18,25.8,87,7.1,230,0.45
2020,8,10,8,27.1,80,2.6,230,1.00
2020,8,10,9,28.1,77,2.6,200,1.41
2020,8,10,10,28.3,83,1.6,70,1.60
2020,8,10,11,26.1,93,2.7,70,0.63
2020,8,10,12,26.3,92,2.7,70,0.77
2020,8,10,13,26.2,91,3.8,70,0.87
2020,8,10,14,25.8,91,4.6,90,0.51
2020,8,10,15,25.3,95,5.3,90,0.46
2020,8,10,16,25.1,94,8.1,160,0.38
2020,8,10,17,24.3,93,11.3,200,0.11
2020,8,10,18,23.6,95,11.3,230,0.04
2020,8,11,8,27.2,84,6.2,230,0.96
2020,8,11,9,28.0,84,5.1,200,1.76
2020,8,11,10,27.7,85,4.4,230,2.54
2020,8,11,11,28.6,81,6.5,200,2.90
2020,8,11,12,29.5,77,5.6,200,3.31
2020,8,11,13,28.1,81,5.4,200,2.37
2020,8,11,14,25.9,95,6.0,200,0.77
2020,8,11,15,25.6,92,4.1,200,6.00
2020,8,11,16,24.4,95,6.2,230,0.14
2020,8,11,17,24.7,95,4.8,250,0.16
2020,8,11,18,24.5,96,1.7,230,0.10
2020,8,12,8,26.7,91,1.9,230,0.51
2020,8,12,9,26.8,92,2.4,230,0.68
2020,8,12,10,25.8,97,3.4,270,0.16
2020,8,12,11,26.1,96,2.8,230,0.18
2020,8,12,12,25.6,97,1.4,230,0.12
2020,8,12,13,26.1,97,5.3,250,0.27
2020,8,12,14,25.5,97,5.0,230,0.36
2020,8,12,15,25.6,96,4.2,200,0.26
2020,8,12,16,27.2,91,4.0,200,1.37
2020,8,12,17,28.2,82,5.1,180,1.69
2020,8,12,18,27.0,88,2.7,200,0.55
2020,8,13,8,25.4,91,2.1,230,0.42
2020,8,13,9,27.9,83,3.4,230,1.60
2020,8,13,10,29.2,79,4.1,200,2.18
2020,8,13,11,29.4,80,4.5,200,2.27
2020,8,13,12,29.6,78,4.0,200,2.64
2020,8,13,13,29.6,79,6.3,200,3.22
2020,8,13,14,30.2,74,6.5,200,3.27
2020,8,13,15,31.0,70,4.6,200,3.02
2020,8,13,16,30.1,72,6.5,200,2.52
2020,8,13,17,29.3,77,6.2,180,1.78
2020,8,13,18,28.5,80,6.5,230,1.04
2020,8,14,8,27.4,82,5.0,200,0.87
2020,8,14,9,28.2,78,4.9,200,1.70
2020,8,14,10,28.7,76,6.9,200,2.22
2020,8,14,11,29.5,73,6.8,200,2.98
2020,8,14,12,29.9,72,5.7,200,3.30
2020,8,14,13,29.6,75,6.7,230,3.37
2020,8,14,14,29.5,76,8.1,200,3.25
2020,8,14,15,29.8,75,7.1,230,2.85
2020,8,14,16,29.6,78,7.4,230,2.41
2020,8,14,17,28.1,84,7.7,230,1.52
2020,8,14,18,28.1,83,7.6,230,0.69
2020,8,15,8,27.2,84,4.4,230,0.79
2020,8,15,9,28.4,80,3.5,230,1.59
2020,8,15,10,28.8,78,4.7,200,2.35
2020,8,15,11,30.0,77,4.8,180,2.89
2020,8,15,12,30.2,74,6.2,180,3.23
2020,8,15,13,30.7,74,6.2,180,3.35
2020,8,15,14,29.8,76,6.7,180,3.29
2020,8,15,15,30.6,72,4.9,200,2.99
2020,8,15,16,30.4,74,4.1,250,1.87
2020,8,15,17,30.5,72,4.4,250,1.71
2020,8,15,18,29.7,75,3.1,160,1.00
2020,8,16,8,27.4,79,4.0,250,0.90
2020,8,16,9,28.6,73,3.4,230,1.79
2020,8,16,10,29.4,65,5.8,230,2.47
2020,8,16,11,30.4,64,4.8,230,3.00
2020,8,16,12,30.9,67,5.4,180,3.34
2020,8,16,13,30.5,68,5.7,180,3.21
2020,8,16,14,31.0,71,4.8,200,3.21
2020,8,16,15,30.7,71,5.4,230,2.93
2020,8,16,16,30.9,69,4.3,230,2.22
2020,8,16,17,29.7,73,5.8,200,1.72
2020,8,16,18,29.5,75,4.0,230,0.87
2020,8,17,8,27.6,82,3.3,320,0.76
2020,8,17,9,29.0,77,3.3,320,1.73
2020,8,17,10,30.6,71,2.5,290,2.43
2020,8,17,11,31.4,60,3.2,320,2.93
2020,8,17,12,32.5,61,2.3,250,3.29
2020,8,17,13,31.9,73,4.2,180,3.36
2020,8,17,14,31.1,71,3.9,180,3.25
2020,8,17,15,30.5,70,4.3,180,2.98
2020,8,17,16,30.6,69,4.1,180,2.24
2020,8,17,17,30.1,72,2.7,180,1.32
2020,8,17,18,29.7,70,1.8,180,0.94
2020,8,18,8,29.5,72,1.1,110,0.80
2020,8,18,9,30.5,69,1.8,180,1.64
2020,8,18,10,30.0,73,2.3,180,2.27
2020,8,18,11,30.6,72,3.8,200,2.88
2020,8,18,12,30.8,73,4.6,180,3.05
2020,8,18,13,31.6,71,2.5,180,3.34
2020,8,18,14,30.7,71,4.1,180,3.21
2020,8,18,15,30.4,73,4.4,180,2.89
2020,8,18,16,30.6,71,4.8,200,2.36
2020,8,18,17,30.5,67,4.6,180,1.69
2020,8,18,18,29.6,68,3.8,200,0.97
2020,8,19,8,27.9,79,2.9,320,0.86
2020,8,19,9,29.6,67,3.2,320,1.74
2020,8,19,10,30.9,67,2.6,320,2.44
2020,8,19,11,31.8,61,3.7,320,2.95
2020,8,19,12,33.1,59,2.3,290,3.32
2020,8,19,13,31.9,68,4.9,180,3.38
2020,8,19,14,30.6,73,4.8,180,3.25
2020,8,19,15,30.9,72,6.7,180,2.94
2020,8,19,16,30.7,69,6.4,180,2.41
2020,8,19,17,30.6,66,4.8,200,1.73
2020,8,19,18,29.8,71,3.8,200,0.95
2020,8,20,8,30.4,68,1.5,140,0.86
2020,8,20,9,31.8,65,1.1,200,1.74
2020,8,20,10,31.2,69,2.6,180,2.39
2020,8,20,11,31.4,68,2.6,180,2.85
2020,8,20,12,32.1,66,2.4,180,3.14
2020,8,20,13,32.2,66,3.6,110,3.29
2020,8,20,14,32.8,60,3.8,110,3.19
2020,8,20,15,32.7,59,3.2,110,2.82
2020,8,20,16,32.1,62,2.9,90,2.31
2020,8,20,17,30.5,73,3.0,90,1.63
2020,8,20,18,29.9,63,2.3,90,0.87
2020,8,21,8,26.7,76,2.1,70,0.77
2020,8,21,9,28.5,72,1.6,90,1.49
2020,8,21,10,29.6,69,2.7,90,2.11
2020,8,21,11,30.3,65,2.6,110,2.88
2020,8,21,12,30.3,68,2.8,90,3.15
2020,8,21,13,30.4,66,2.7,90,3.26
2020,8,21,14,29.7,70,3.1,90,3.18
2020,8,21,15,29.1,73,3.7,110,2.81
2020,8,21,16,29.4,69,3.0,110,2.27
2020,8,21,17,28.7,72,2.8,90,1.59
2020,8,21,18,27.3,75,2.6,90,0.82
2020,8,22,8,25.9,80,2.2,70,0.59
2020,8,22,9,28.0,68,2.3,70,1.16
2020,8,22,10,29.6,64,3.0,90,2.64
2020,8,22,11,29.5,67,3.0,90,2.81
2020,8,22,12,30.7,62,2.8,70,3.20
2020,8,22,13,30.2,65,3.3,90,2.41
2020,8,22,14,29.4,65,3.1,90,2.65
2020,8,22,15,29.9,62,3.4,90,2.57
2020,8,22,16,29.2,68,2.8,90,1.87
2020,8,22,17,28.2,72,2.9,90,1.37
2020,8,22,18,26.9,74,2.7,70,0.45
2020,8,23,8,26.6,75,1.1,270,0.75
2020,8,23,9,27.9,69,1.6,230,1.34
2020,8,23,10,28.2,72,2.9,110,1.17
2020,8,23,11,28.7,76,2.0,90,2.15
2020,8,23,12,29.4,73,4.3,180,3.07
2020,8,23,13,28.6,76,3.0,200,2.10
2020,8,23,14,29.7,74,2.5,180,3.14
2020,8,23,15,30.0,71,3.0,180,2.81
2020,8,23,16,29.2,71,4.2,180,2.29
2020,8,23,17,28.8,77,3.6,180,1.56
2020,8,23,18,27.9,78,2.9,180,0.81
2020,8,24,8,27.9,77,2.4,180,0.76
2020,8,24,9,29.0,76,2.6,180,1.58
2020,8,24,10,29.5,76,3.7,180,2.31
2020,8,24,11,30.6,68,3.8,180,2.85
2020,8,24,12,30.5,66,3.6,180,3.21
2020,8,24,13,30.4,62,3.6,180,3.32
2020,8,24,14,31.9,61,3.2,180,3.19
2020,8,24,15,31.1,67,2.3,90,2.87
2020,8,24,16,30.8,62,2.9,200,2.32
2020,8,24,17,30.2,72,2.7,180,1.63
2020,8,24,18,29.1,78,3.2,200,0.86
2020,8,25,8,28.8,82,1.1,70,0.68
2020,8,25,9,30.4,77,1.9,90,1.55
2020,8,25,10,31.5,75,2.6,90,2.25
2020,8,25,11,32.2,72,2.6,110,2.73
2020,8,25,12,31.9,76,3.1,110,3.08
2020,8,25,13,32.4,73,2.7,90,3.20
2020,8,25,14,32.1,73,2.8,90,2.85
2020,8,25,15,32.2,70,2.8,90,2.74
2020,8,25,16,31.5,70,2.9,90,2.08
2020,8,25,17,31.2,65,2.7,90,1.39
2020,8,25,18,30.4,71,2.1,70,0.82
2020,8,26,8,28.4,84,2.1,90,0.42
2020,8,26,9,28.7,83,2.9,90,0.63
2020,8,26,10,29.6,80,3.9,90,1.47
2020,8,26,11,30.4,77,4.1,90,2.22
2020,8,26,12,30.0,77,5.7,110,1.59
2020,8,26,13,29.2,77,6.4,110,2.00
2020,8,26,14,29.4,68.7,4.9,110,2.25
2020,8,26,15,29.3,63.6,4.4,90,2.24
2020,8,26,16,29.0,81,4.7,90,1.16
2020,8,26,17,28.4,84,4.0,90,0.90
2020,8,26,18,28.9,79,3.6,110,0.28
2020,8,27,8,23.8,95,2.1,230,0.07
2020,8,27,9,24.6,93,1.2,270,0.30
2020,8,27,10,26.4,91,2.7,180,0.64
2020,8,27,11,25.6,91,5.2,200,0.61
2020,8,27,12,25.4,92,3.8,200,0.37
2020,8,27,13,26.4,89,2.9,200,0.74
2020,8,27,14,27.4,86,4.1,200,1.56
2020,8,27,15,27.0,87,5.8,200,0.64
2020,8,27,16,27.0,89,5.3,200,0.36
2020,8,27,17,27.4,87,5.3,200,0.82
2020,8,27,18,27.0,88,4.6,200,0.36
2020,8,28,8,26.1,96,0.5,160,0.49
2020,8,28,9,26.5,88,1.3,180,0.63
2020,8,28,10,27.5,83,2.5,200,1.60
2020,8,28,11,27.8,83,3.2,200,1.45
2020,8,28,12,30.2,73,3.5,180,2.89
2020,8,28,13,30.7,70,4.6,180,3.40
2020,8,28,14,30.3,74,4.5,180,3.37
2020,8,28,15,29.3,75,3.4,160,1.89
2020,8,28,16,29.7,77,3.1,180,2.26
2020,8,28,17,28.3,83,2.1,160,1.20
2020,8,28,18,27.0,88,5.1,180,0.49
2020,8,29,8,25.8,94,1.4,180,0.48
2020,8,29,9,28.4,83,1.7,180,1.70
2020,8,29,10,29.7,74,2.9,180,2.28
2020,8,29,11,29.4,75,4.5,200,2.74
2020,8,29,12,29.7,71,4.3,200,2.49
2020,8,29,13,29.8,72,3.1,250,1.99
2020,8,29,14,30.8,73,3.8,200,2.77
2020,8,29,15,30.0,75,4.9,200,2.62
2020,8,29,16,30.3,74,4.7,180,1.74
2020,8,29,17,29.1,79,4.5,200,1.12
2020,8,29,18,28.7,82,3.9,200,0.59
2020,8,30,8,28.0,78,0.7,360,0.67
2020,8,30,9,30.5,71,1.4,140,1.57
2020,8,30,10,31.6,68,1.6,90,2.23
2020,8,30,11,30.9,71,3.3,200,2.76
2020,8,30,12,31.5,69,2.9,160,3.13
2020,8,30,13,31.4,69,3.4,180,3.25
2020,8,30,14,31.6,66,3.1,180,2.48
2020,8,30,15,32.3,64,2.3,140,2.79
2020,8,30,16,32.9,61,1.8,110,2.47
2020,8,30,17,30.8,65,2.5,90,1.12
2020,8,30,18,28.7,77,2.3,90,0.26
2020,8,31,8,26.3,78,2.5,50,0.36
2020,8,31,9,27.5,77,3.3,70,1.30
2020,8,31,10,27.2,79,4.1,70,0.95
2020,8,31,11,27.9,74,3.4,70,0.88
2020,8,31,12,26.8,78,4.2,50,0.84
2020,8,31,13,28.2,71,4.5,70,1.76
2020,8,31,14,28.7,69,4.5,70,1.61
2020,8,31,15,29.1,66,4.3,70,2.33
2020,8,31,16,29.1,64,3.4,70,1.76
2020,8,31,17,28.0,65,2.9,70,1.36
2020,8,31,18,26.4,69,4.0,70,0.54
2020,9,1,8,24.7,81,3.3,50,6.00
2020,9,1,9,26.6,76,3.3,70,0.79
2020,9,1,10,28.0,73,3.1,70,1.84
2020,9,1,11,29.1,70,2.9,70,1.95
2020,9,1,12,28.5,72,2.2,70,1.25
2020,9,1,13,29.7,70,2.2,70,1.78
2020,9,1,14,30.2,71,3.1,70,2.17
2020,9,1,15,28.8,74,2.9,50,1.12
2020,9,1,16,28.2,74,3.5,50,0.74
2020,9,1,17,27.8,75,2.7,50,0.53
2020,9,1,18,27.2,78,3.6,50,0.37
2020,9,2,8,26.2,90,4.4,90,0.16
2020,9,2,9,25.7,93,2.7,70,0.31
2020,9,2,10,26.8,89,4.1,50,0.86
2020,9,2,11,28.4,81,4.8,70,1.46
2020,9,2,12,28.9,77,4.0,50,1.38
2020,9,2,13,28.8,77,4.9,70,0.95
2020,9,2,14,28.3,78,4.7,70,0.57
2020,9,2,15,28.2,74,4.7,70,0.54
2020,9,2,16,28.1,74,5.6,70,0.26
2020,9,2,17,26.5,90,6.2,70,0.18
2020,9,2,18,26.9,84,5.4,70,0.14
2020,9,3,8,25.4,72,8.2,230,0.47
2020,9,3,9,26.1,71,6.8,230,1.06
2020,9,3,10,26.6,65,7.5,250,1.93
2020,9,3,11,26.9,66,7.0,230,1.47
2020,9,3,12,26.9,65,6.9,250,2.23
2020,9,3,13,27.8,60,8.6,250,3.04
2020,9,3,14,28.5,57,8.6,250,3.22
2020,9,3,15,29.1,54,6.8,250,2.88
2020,9,3,16,27.9,64,7.7,200,2.22
2020,9,3,17,27.2,67,7.8,200,1.36
2020,9,3,18,26.4,73,8.3,200,0.59
2020,9,4,8,22.9,77,3.5,250,0.80
2020,9,4,9,24.3,70,3.0,250,1.64
2020,9,4,10,25.9,65,3.4,200,2.33
2020,9,4,11,26.6,61,4.3,180,2.87
2020,9,4,12,27.1,59,4.6,160,3.20
2020,9,4,13,27.4,58,5.7,180,3.33
2020,9,4,14,27.2,59,5.5,180,3.19
2020,9,4,15,27.5,59,6.3,180,2.79
2020,9,4,16,26.8,63,5.8,180,2.22
2020,9,4,17,26.7,62,4.9,180,1.43
2020,9,4,18,26.1,62,4.0,200,0.63
2020,9,5,8,22.0,87,2.9,50,0.07
2020,9,5,9,20.2,83,2.6,50,0.07
2020,9,5,10,20.1,87,1.6,50,0.17
2020,9,5,11,19.6,92,2.3,50,0.23
2020,9,5,12,19.5,91,2.8,70,0.45
2020,9,5,13,20.0,89,2.9,90,0.51
2020,9,5,14,20.0,91,2.4,50,0.39
2020,9,5,15,19.9,94,2.3,50,0.22
2020,9,5,16,19.3,95,2.7,70,0.15
2020,9,5,17,18.8,94,3.0,50,0.13
2020,9,5,18,18.2,92,4.0,50,0.06
2020,9,6,8,20.9,84,3.5,50,0.23
2020,9,6,9,21.3,85,4.6,50,0.48
2020,9,6,10,21.7,83,3.6,70,0.61
2020,9,6,11,21.8,84,4.0,50,0.69
2020,9,6,12,21.5,86,4.4,70,0.31
2020,9,6,13,21.8,83,4.8,70,0.63
2020,9,6,14,21.6,85,4.3,70,0.39
2020,9,6,15,21.8,85,5.2,70,0.41
2020,9,6,16,21.4,89,4.8,70,0.41
2020,9,6,17,21.1,91,4.4,70,0.21
2020,9,6,18,21.2,89,4.3,70,0.11
2020,9,7,8,23.3,97,9.8,70,0.01
2020,9,7,9,23.0,95,13.0,250,0.20
2020,9,7,10,22.3,90,10.8,200,0.31
2020,9,7,11,22.0,84,8.3,230,0.70
2020,9,7,12,20.9,91,7.3,200,0.58
2020,9,7,13,21.7,76,11.9,200,0.73
2020,9,7,14,22.5,76,11.8,230,0.38
2020,9,7,15,23.0,75,13.1,230,0.59
2020,9,7,16,22.9,75,8.6,250,0.33
2020,9,7,17,23.7,73,6.3,230,0.31
2020,9,7,18,24.1,70,7.0,230,0.39
2020,9,8,8,24.0,74,6.7,200,0.73
2020,9,8,9,24.3,77,8.0,200,1.46
2020,9,8,10,25.2,73,5.0,200,1.39
2020,9,8,11,25.7,73,8.1,230,2.54
2020,9,8,12,26.1,71,6.3,200,3.05
2020,9,8,13,26.6,72,7.4,230,3.02
2020,9,8,14,26.2,74,9.3,230,3.02
2020,9,8,15,26.5,74,7.5,200,2.45
2020,9,8,16,25.9,76,5.5,200,1.67
2020,9,8,17,25.7,75,7.0,230,0.86
2020,9,8,18,24.9,80,8.0,230,0.31
2020,9,9,8,23.9,85,2.9,230,0.38
2020,9,9,9,23.3,92,1.7,200,0.37
2020,9,9,10,22.7,87,2.3,70,0.21
2020,9,9,11,22.6,84,1.7,50,0.97
2020,9,9,12,25.6,73,3.6,180,2.53
2020,9,9,13,26.8,62,4.7,200,2.97
2020,9,9,14,26.2,68,6.1,180,2.96
2020,9,9,15,26.1,66,5.8,200,2.47
2020,9,9,16,25.8,70,5.1,230,1.69
2020,9,9,17,24.3,79,5.9,230,0.65
2020,9,9,18,23.8,83,5.0,200,0.30
2020,9,10,8,22.7,80,0.5,270,0.31
2020,9,10,9,23.9,79,2.1,200,0.67
2020,9,10,10,25.3,78,3.4,180,1.93
2020,9,10,11,25.1,77,5.4,180,2.42
2020,9,10,12,25.7,74,3.1,180,2.73
2020,9,10,13,25.6,71,4.9,200,2.81
2020,9,10,14,26.3,73,4.2,200,3.03
2020,9,10,15,26.3,76,4.3,180,2.53
2020,9,10,16,26.9,65,4.1,180,2.22
2020,9,10,17,25.3,73,3.9,180,1.17
2020,9,10,18,25.1,75,3.1,160,0.52
2020,9,11,8,22.9,81,2.8,50,0.27
2020,9,11,9,23.2,81,3.0,70,0.36
2020,9,11,10,23.9,75,2.6,50,0.46
2020,9,11,11,24.6,75,3.0,50,0.98
2020,9,11,12,24.6,74,3.4,70,0.66
2020,9,11,13,26.5,69,2.6,50,1.23
2020,9,11,14,26.1,72,3.3,70,1.65
2020,9,11,15,23.5,89,3.0,70,0.83
2020,9,11,16,23.7,83,3.3,70,0.69
2020,9,11,17,23.2,85,3.3,70,0.35
2020,9,11,18,23.0,83,3.8,70,0.13
2020,9,12,8,20.1,84,4.6,50,0.14
2020,9,12,9,21.9,77,3.7,50,0.79
2020,9,12,10,24.0,74,3.6,70,2.25
2020,9,12,11,25.4,69,4.5,50,3.00
2020,9,12,12,25.2,70,3.2,70,2.07
2020,9,12,13,25.0,70,4.8,50,1.99
2020,9,12,14,24.2,72,5.0,70,1.50
2020,9,12,15,23.7,72,4.5,50,0.91
2020,9,12,16,23.2,73,2.8,50,0.64
2020,9,12,17,22.6,73,4.1,70,0.43
2020,9,12,18,21.8,74,3.7,70,6.00
2020,9,13,8,19.8,76,1.9,50,0.40
2020,9,13,9,21.0,70,2.1,50,0.83
2020,9,13,10,23.5,64,3.6,110,2.16
2020,9,13,11,24.1,64,3.0,160,2.85
2020,9,13,12,22.6,73,3.4,110,1.78
2020,9,13,13,21.9,76,3.7,110,1.22
2020,9,13,14,20.9,78,2.6,110,0.41
2020,9,13,15,20.2,80,2.3,90,0.20
2020,9,13,16,19.7,84,2.7,70,0.18
2020,9,13,17,19.9,82,2.1,70,0.19
2020,9,13,18,19.9,80,1.8,70,0.15
2020,9,14,8,20.1,83,0.9,250,0.38
2020,9,14,9,21.9,76,2.2,230,1.00
2020,9,14,10,23.4,72,2.1,270,1.65
2020,9,14,11,24.0,70,2.0,230,2.09
2020,9,14,12,25.0,67,4.1,180,2.87
2020,9,14,13,24.7,72,6.3,180,3.23
2020,9,14,14,24.8,69,6.6,180,3.05
2020,9,14,15,24.8,68,5.8,180,2.64
2020,9,14,16,23.9,72,4.9,180,1.78
2020,9,14,17,23.7,74,5.0,180,1.19
2020,9,14,18,22.8,77,4.4,200,0.41
2020,9,15,8,22.0,75,1.5,20,0.36
2020,9,15,9,24.7,66,1.8,90,1.46
2020,9,15,10,26.3,62,3.1,110,2.14
2020,9,15,11,26.6,69,3.4,110,2.64
2020,9,15,12,26.8,69,3.2,110,3.00
2020,9,15,13,26.5,67,3.2,110,3.13
2020,9,15,14,25.8,71,4.0,90,2.98
2020,9,15,15,25.3,70,4.3,110,2.51
2020,9,15,16,25.5,71,3.1,90,1.98
2020,9,15,17,23.9,75,2.9,90,0.92
2020,9,15,18,23.3,74,2.7,70,0.28
2020,9,16,8,22.2,83,2.3,50,0.21
2020,9,16,9,23.3,78,2.1,70,0.56
2020,9,16,10,23.4,82,1.9,90,0.66
2020,9,16,11,23.1,89,1.8,90,0.24
2020,9,16,12,22.6,88,1.7,110,0.48
2020,9,16,13,21.9,93,1.5,200,0.26
2020,9,16,14,23.2,90,1.5,70,1.00
2020,9,16,15,23.9,83,1.3,180,1.01
2020,9,16,16,23.1,85,3.3,180,0.77
2020,9,16,17,22.7,87,3.7,200,0.52
2020,9,16,18,22.6,86,3.5,200,0.06
2020,9,17,8,22.2,84,3.6,320,0.28
2020,9,17,9,21.9,89,3.9,320,0.26
2020,9,17,10,21.5,93,3.4,320,0.21
2020,9,17,11,21.6,92,2.9,320,0.34
2020,9,17,12,22.9,85,1.0,250,0.85
2020,9,17,13,22.5,88,2.7,200,0.63
2020,9,17,14,21.5,90,1.6,270,0.28
2020,9,17,15,22.0,89,0.8,270,0.49
2020,9,17,16,21.3,89,2.1,250,0.39
2020,9,17,17,20.4,86,2.2,290,0.33
2020,9,17,18,20.2,88,2.3,290,0.09
2020,9,18,8,18.2,92,1.2,270,0.11
2020,9,18,9,18.9,86,1.2,180,0.34
2020,9,18,10,19.3,82,2.7,230,0.50
2020,9,18,11,19.9,76,2.8,250,0.85
2020,9,18,12,20.4,75,4.6,250,1.25
2020,9,18,13,20.8,67,3.4,230,1.18
2020,9,18,14,21.0,69,4.0,230,1.27
2020,9,18,15,21.0,66,5.6,250,0.90
2020,9,18,16,21.0,67,5.1,250,1.00
2020,9,18,17,20.8,66,5.2,250,0.50
2020,9,18,18,20.7,70,3.8,230,0.19
2020,9,19,8,20.2,48,4.2,320,0.73
2020,9,19,9,22.0,44,2.0,320,1.49
2020,9,19,10,23.9,32,3.2,270,2.15
2020,9,19,11,24.5,40,2.4,270,2.67
2020,9,19,12,25.1,39,3.4,320,2.72
2020,9,19,13,25.4,42,4.4,230,2.80
2020,9,19,14,25.2,41,4.7,230,2.22
2020,9,19,15,25.1,40,5.2,270,2.26
2020,9,19,16,24.0,52,4.4,180,1.28
2020,9,19,17,23.7,51,5.2,180,0.73
2020,9,19,18,23.5,52,3.8,230,0.33
2020,9,20,8,19.9,54,0.4,0,0.78
2020,9,20,9,21.4,40,1.5,250,1.56
2020,9,20,10,22.9,39,1.7,200,2.27
2020,9,20,11,23.5,39,3.4,270,2.78
2020,9,20,12,23.9,39,3.7,270,3.10
2020,9,20,13,25.3,35,3.9,290,3.18
2020,9,20,14,26.3,36,2.7,320,2.99
2020,9,20,15,26.4,39,3.2,340,2.61
2020,9,20,16,26.1,35,2.8,290,2.04
2020,9,20,17,25.6,38,2.9,360,1.28
2020,9,20,18,24.4,39,2.5,360,0.51
2020,9,21,8,19.7,64,1.3,140,0.74
2020,9,21,9,21.4,49,1.4,360,1.46
2020,9,21,10,22.6,48,2.1,90,1.88
2020,9,21,11,23.7,48,3.3,110,2.46
2020,9,21,12,23.9,45,2.5,110,2.66
2020,9,21,13,24.3,36,3.1,110,2.42
2020,9,21,14,24.4,42,3.0,90,2.44
2020,9,21,15,22.9,53,2.9,70,1.61
2020,9,21,16,23.9,50,3.3,90,2.03
2020,9,21,17,22.4,61,3.4,70,1.23
2020,9,21,18,21.0,66,3.4,70,0.52
2020,9,22,8,19.0,69,3.0,70,0.38
2020,9,22,9,20.4,65,2.8,70,1.02
2020,9,22,10,22.1,60,3.7,70,1.63
2020,9,22,11,22.4,57,3.7,70,1.86
2020,9,22,12,20.8,63,4.4,70,1.11
2020,9,22,13,21.8,58,5.4,70,1.60
2020,9,22,14,22.4,55,4.9,70,2.07
2020,9,22,15,23.4,54,4.6,70,2.28
2020,9,22,16,22.7,54,3.4,70,1.91
2020,9,22,17,22.1,57,3.7,70,1.28
2020,9,22,18,20.4,61,3.1,70,0.41
2020,9,23,8,19.3,74,3.4,50,0.44
2020,9,23,9,21.4,68,4.0,70,1.03
2020,9,23,10,22.8,62,4.6,70,1.68
2020,9,23,11,22.6,63,4.1,70,1.50
2020,9,23,12,22.1,66,4.8,70,1.10
2020,9,23,13,22.4,66,4.3,70,1.31
2020,9,23,14,22.3,67,4.2,70,1.21
2020,9,23,15,22.1,68,3.9,70,0.99
2020,9,23,16,21.8,68,3.8,50,0.78
2020,9,23,17,21.1,68,4.5,50,0.44
2020,9,23,18,20.6,69,3.4,70,0.13
2020,9,24,8,20.2,71,3.9,50,0.63
2020,9,24,9,22.3,67,4.1,70,1.37
2020,9,24,10,23.5,64,3.5,50,1.98
2020,9,24,11,23.6,63,4.1,70,2.09
2020,9,24,12,24.9,61,3.7,70,2.41
2020,9,24,13,24.9,58,4.8,70,2.20
2020,9,24,14,25.2,59,3.5,70,2.24
2020,9,24,15,23.1,67,3.5,70,1.18
2020,9,24,16,22.7,68,3.7,50,0.60
2020,9,24,17,22.0,66,4.3,70,0.40
2020,9,24,18,21.7,67,3.5,70,0.26
2020,9,25,8,19.3,74,3.3,290,0.70
2020,9,25,9,22.6,68,2.5,70,1.35
2020,9,25,10,22.1,72,4.8,70,0.83
2020,9,25,11,23.3,69,6.2,70,1.89
2020,9,25,12,24.5,63,4.9,70,2.26
2020,9,25,13,25.3,60,3.2,70,1.71
2020,9,25,14,22.8,69,5.3,70,1.10
2020,9,25,15,25.2,61,3.6,70,2.23
2020,9,25,16,25.0,54,4.9,50,2.08
2020,9,25,17,24.4,57,3.5,50,1.00
2020,9,25,18,22.3,61,3.8,70,0.45
2020,9,26,8,18.6,66,3.2,320,0.38
2020,9,26,9,20.1,62,1.6,50,0.90
2020,9,26,10,22.8,57,2.4,70,1.82
2020,9,26,11,24.0,55,3.9,70,2.23
2020,9,26,12,24.3,56,2.9,50,2.40
2020,9,26,13,24.7,53,3.1,50,2.24
2020,9,26,14,25.2,51,4.3,50,2.80
2020,9,26,15,24.2,57,3.2,70,1.25
2020,9,26,16,24.8,48,2.2,70,1.79
2020,9,26,17,24.1,48,2.4,70,1.13
2020,9,26,18,22.1,53,3.2,50,0.38
2020,9,27,8,19.8,70,3.4,70,0.64
2020,9,27,9,21.4,65,4.0,50,1.41
2020,9,27,10,22.3,62,3.0,70,1.46
2020,9,27,11,22.6,59,3.4,70,1.27
2020,9,27,12,24.7,55,3.5,70,3.01
2020,9,27,13,24.6,54,3.1,70,2.80
2020,9,27,14,23.0,59,2.6,70,1.68
2020,9,27,15,22.8,63,3.1,90,1.31
2020,9,27,16,21.1,68,3.9,70,1.17
2020,9,27,17,20.2,69,3.9,70,0.69
2020,9,27,18,19.7,69,5.6,50,0.37
2020,9,28,8,18.7,71,3.8,50,0.67
2020,9,28,9,20.8,65,3.3,70,1.43
2020,9,28,10,22.2,55,3.4,70,2.12
2020,9,28,11,23.2,53,3.3,90,2.69
2020,9,28,12,23.7,51,3.0,90,2.73
2020,9,28,13,23.5,53,4.1,90,3.07
2020,9,28,14,23.8,50,3.3,90,2.82
2020,9,28,15,23.5,52,3.4,90,2.40
2020,9,28,16,23.2,55,2.9,90,1.92
2020,9,28,17,22.1,58,2.8,70,1.12
2020,9,28,18,19.9,67,2.9,70,0.28
2020,9,29,8,19.0,67,0.4,0,0.66
2020,9,29,9,21.6,64,1.6,140,1.44
2020,9,29,10,23.3,54,2.5,70,2.14
2020,9,29,11,24.8,53,2.8,110,2.57
2020,9,29,12,24.2,51,3.2,90,2.86
2020,9,29,13,25.3,44,2.7,110,2.98
2020,9,29,14,24.8,45,3.3,110,2.72
2020,9,29,15,24.6,40,3.6,110,1.87
2020,9,29,16,23.4,54,3.3,110,1.87
2020,9,29,17,22.2,61,2.3,90,0.73
2020,9,29,18,20.7,64,2.5,90,0.29
2020,9,30,8,20.4,71,2.8,50,0.67
2020,9,30,9,21.8,68,3.7,50,1.37
2020,9,30,10,23.4,61,2.0,70,1.93
2020,9,30,11,24.8,57,2.2,90,2.42
2020,9,30,12,24.4,56,3.5,50,2.47
2020,9,30,13,24.8,53,2.9,90,2.55
2020,9,30,14,22.9,62,3.8,70,1.75
2020,9,30,15,23.3,58,3.4,90,1.72
2020,9,30,16,22.4,61,3.6,90,1.32
2020,9,30,17,21.6,60,3.1,70,0.56
2020,9,30,18,20.5,67,2.3,70,0.14
2020,10,1,8,20.0,67,2.1,50,0.59
2020,10,1,9,21.3,66,2.8,50,1.36
2020,10,1,10,22.9,61,2.5,50,2.01
2020,10,1,11,22.8,63,1.2,140,1.74
2020,10,1,12,23.6,64,2.8,110,2.07
2020,10,1,13,24.0,64,3.0,110,2.81
2020,10,1,14,24.0,61,3.5,90,2.62
2020,10,1,15,23.4,65,3.4,90,2.22
2020,10,1,16,22.9,67,3.0,90,1.71
2020,10,1,17,22.1,70,2.4,90,0.99
2020,10,1,18,20.3,75,2.6,70,0.28
2020,10,2,8,20.1,78,0.9,140,0.58
2020,10,2,9,23.0,69,1.3,110,1.32
2020,10,2,10,24.0,65,2.1,110,2.00
2020,10,2,11,23.1,64,3.2,180,2.41
2020,10,2,12,23.9,59,4.8,180,2.78
2020,10,2,13,24.0,63,5.7,180,2.92
2020,10,2,14,24.3,61,5.9,180,2.76
2020,10,2,15,23.8,64,5.8,200,2.36
2020,10,2,16,24.0,65,5.1,180,1.74
2020,10,2,17,22.8,72,4.5,180,0.95
2020,10,2,18,21.9,71,2.9,200,0.29
2020,10,3,8,20.6,77,0.6,360,0.18
2020,10,3,9,21.6,71,0.3,0,0.47
2020,10,3,10,22.9,68,1.6,140,1.05
2020,10,3,11,24.5,64,1.9,140,1.39
2020,10,3,12,24.7,65,2.7,200,2.04
2020,10,3,13,25.1,67,3.4,180,2.07
2020,10,3,14,25.7,66,2.9,180,2.48
2020,10,3,15,25.3,68,2.8,180,2.13
2020,10,3,16,24.2,72,3.7,180,1.47
2020,10,3,17,23.0,73,3.0,180,0.86
2020,10,3,18,22.0,80,2.9,200,0.18
2020,10,4,8,20.2,79,1.1,250,0.20
2020,10,4,9,21.2,73,2.5,250,0.63
2020,10,4,10,22.1,72,3.0,230,1.01
2020,10,4,11,24.5,63,4.2,250,2.36
2020,10,4,12,24.1,63,4.1,250,2.07
2020,10,4,13,24.2,71,4.4,180,1.66
2020,10,4,14,24.7,66,5.5,180,2.14
2020,10,4,15,24.6,51,4.7,230,1.69
2020,10,4,16,23.9,56,6.3,250,0.84
2020,10,4,17,23.0,63,4.7,250,0.32
2020,10,4,18,22.6,65,4.6,250,0.04
2020,10,5,8,13.9,37,4.7,290,0.63
2020,10,5,9,15.4,38,3.3,110,1.45
2020,10,5,10,18.0,27,4.1,140,2.17
2020,10,5,11,18.3,29,4.6,360,2.72
2020,10,5,12,19.0,32,3.5,320,2.99
2020,10,5,13,20.8,29,2.8,250,3.04
2020,10,5,14,20.7,29,3.8,320,2.87
2020,10,5,15,21.6,31,3.0,340,2.43
2020,10,5,16,21.0,31,3.2,290,1.78
2020,10,5,17,20.1,32,3.0,340,1.03
2020,10,5,18,18.2,36,1.3,320,0.27
2020,10,6,8,16.2,50,1.7,160,0.57
2020,10,6,9,17.7,49,2.6,50,1.37
2020,10,6,10,20.1,45,2.6,50,2.05
2020,10,6,11,21.7,46,1.6,70,2.56
2020,10,6,12,22.4,45,3.7,110,2.86
2020,10,6,13,22.1,50,3.0,110,2.66
2020,10,6,14,21.8,52,3.8,90,2.81
2020,10,6,15,21.0,53,4.0,110,2.26
2020,10,6,16,21.0,53,2.9,90,1.72
2020,10,6,17,20.0,57,2.4,90,0.94
2020,10,6,18,18.2,62,2.3,70,0.21
2020,10,7,8,17.8,62,2.7,50,0.59
2020,10,7,9,19.6,57,2.3,70,1.36
2020,10,7,10,20.1,57,4.0,70,1.87
2020,10,7,11,21.7,47,4.4,70,2.56
2020,10,7,12,22.4,44,3.6,70,2.83
2020,10,7,13,22.6,44,3.7,70,2.93
2020,10,7,14,22.9,39,3.7,70,2.78
2020,10,7,15,23.0,42,3.2,70,2.29
2020,10,7,16,22.1,42,4.9,70,1.71
2020,10,7,17,21.4,46,4.2,70,0.97
2020,10,7,18,19.5,61,4.4,70,0.26
2020,10,8,8,18.0,60,5.6,50,0.31
2020,10,8,9,18.9,57,4.7,70,0.83
2020,10,8,10,19.7,55,6.2,70,1.06
2020,10,8,11,20.1,51,5.4,70,1.34
2020,10,8,12,21.7,45,6.2,70,2.33
2020,10,8,13,21.0,47,7.5,50,2.19
2020,10,8,14,21.6,49,7.1,70,2.59
2020,10,8,15,21.6,45,6.0,70,2.38
2020,10,8,16,20.7,45,5.5,70,1.74
2020,10,8,17,19.2,51,6.4,70,0.88
2020,10,8,18,17.9,58,5.1,50,0.21
2020,10,9,8,17.8,58,4.9,70,0.29
2020,10,9,9,18.7,55,5.5,70,0.58
2020,10,9,10,19.8,54,4.3,70,1.08
2020,10,9,11,20.5,50,5.0,50,1.49
2020,10,9,12,21.6,50,5.3,70,1.68
2020,10,9,13,22.8,46,4.1,70,2.45
2020,10,9,14,23.4,45,5.7,70,2.73
2020,10,9,15,22.8,46,5.2,70,2.08
2020,10,9,16,21.7,48,5.2,70,1.39
2020,10,9,17,20.5,52,4.6,70,0.92
2020,10,9,18,19.2,56,4.2,50,0.21
2020,10,10,8,17.9,68,3.3,50,0.16
2020,10,10,9,18.7,64,3.5,70,0.54
2020,10,10,10,19.4,65,3.1,70,0.80
2020,10,10,11,19.3,65,3.2,90,0.72
2020,10,10,12,19.5,66,4.0,70,0.76
2020,10,10,13,20.2,65,3.8,70,1.10
2020,10,10,14,20.4,64,4.5,70,1.61
2020,10,10,15,20.1,64,4.0,70,1.15
2020,10,10,16,19.9,63,2.9,20,0.68
2020,10,10,17,19.4,62,3.2,50,0.36
2020,10,10,18,18.5,64,3.6,50,0.11
2020,10,11,8,16.9,68,4.3,70,0.22
2020,10,11,9,17.6,67,4.8,50,0.55
2020,10,11,10,18.5,67,3.6,50,0.87
2020,10,11,11,19.5,63,3.3,340,1.27
2020,10,11,12,21.6,53,1.6,50,1.69
2020,10,11,13,20.9,58,2.6,20,1.42
2020,10,11,14,20.3,58,2.3,50,0.64
2020,10,11,15,19.9,59,2.6,50,0.54
2020,10,11,16,20.0,62,2.1,70,0.68
2020,10,11,17,19.5,65,1.5,90,0.43
2020,10,11,18,18.7,66,2.0,70,0.09
2020,10,12,8,16.6,68,4.5,320,0.28
2020,10,12,9,18.6,62,2.6,290,1.29
2020,10,12,10,20.7,57,1.6,290,1.91
2020,10,12,11,21.7,54,2.5,320,2.49
2020,10,12,12,21.9,49,5.1,270,2.71
2020,10,12,13,22.4,50,2.9,290,2.63
2020,10,12,14,23.4,47,4.2,270,2.52
2020,10,12,15,24.6,49,1.5,90,2.14
2020,10,12,16,23.3,56,2.6,90,1.49
2020,10,12,17,22.0,60,2.3,90,0.76
2020,10,12,18,19.7,65,2.1,90,0.16
2020,10,13,8,16.4,63,2.1,180,0.60
2020,10,13,9,17.2,47,2.4,360,1.11
2020,10,13,10,17.3,49,3.8,320,1.30
2020,10,13,11,20.2,38,2.9,320,2.53
2020,10,13,12,20.9,32,3.9,270,2.74
2020,10,13,13,22.4,33,2.0,320,2.83
2020,10,13,14,22.6,26,4.3,270,2.65
2020,10,13,15,22.1,27,2.6,320,1.65
2020,10,13,16,20.1,42,2.8,90,0.94
2020,10,13,17,19.7,48,2.5,90,0.54
2020,10,13,18,18.5,50,2.0,70,0.09
2020,10,14,8,16.5,42,1.5,340,0.50
2020,10,14,9,17.4,44,1.4,50,1.07
2020,10,14,10,16.9,46,2.9,50,0.68
2020,10,14,11,19.5,39,3.4,50,1.55
2020,10,14,12,21.0,34,2.8,20,2.00
2020,10,14,13,21.0,33,2.6,360,2.35
2020,10,14,14,22.0,30,1.3,50,1.72
2020,10,14,15,20.7,33,1.9,290,1.63
2020,10,14,16,21.6,40,2.7,140,1.38
2020,10,14,17,20.0,44,2.5,110,0.73
2020,10,14,18,18.2,47,1.5,110,0.13
2020,10,15,8,13.1,44,4.0,320,0.37
2020,10,15,9,16.9,35,2.4,50,1.11
2020,10,15,10,19.3,39,2.6,70,1.87
2020,10,15,11,21.0,42,2.1,70,2.36
2020,10,15,12,22.2,46,3.4,110,2.63
2020,10,15,13,22.8,43,3.0,110,2.47
2020,10,15,14,21.7,49,2.3,140,2.50
2020,10,15,15,21.1,55,2.4,110,1.58
2020,10,15,16,20.2,56,2.7,90,0.83
2020,10,15,17,19.1,61,1.9,70,0.41
2020,10,15,18,17.9,60,2.0,50,0.06
2020,10,16,8,16.2,70,2.8,50,0.17
2020,10,16,9,16.9,69,2.8,50,0.36
2020,10,16,10,17.9,67,2.7,70,0.62
2020,10,16,11,17.5,73,2.2,70,0.43
2020,10,16,12,17.4,69,1.8,70,0.29
2020,10,16,13,18.3,65,2.4,70,0.78
2020,10,16,14,17.4,67,2.2,50,0.47
2020,10,16,15,17.8,67,1.7,20,0.40
2020,10,16,16,16.9,76,1.8,360,0.26
2020,10,16,17,16.8,69,1.8,50,0.16
2020,10,16,18,16.5,68,1.7,160,0.02
2020,10,17,8,14.6,57,3.9,320,0.45
2020,10,17,9,17.4,47,1.6,20,1.18
2020,10,17,10,17.7,53,2.9,320,1.83
2020,10,17,11,19.6,48,2.5,290,2.31
2020,10,17,12,22.2,42,2.3,140,2.57
2020,10,17,13,22.4,44,2.5,140,2.59
2020,10,17,14,22.4,45,3.1,160,2.45
2020,10,17,15,21.4,48,3.4,140,2.01
2020,10,17,16,19.9,53,3.2,110,1.39
2020,10,17,17,18.7,58,2.8,110,0.63
2020,10,17,18,17.2,63,2.8,70,0.10
2020,10,18,8,15.4,62,1.0,160,0.44
2020,10,18,9,17.6,49,1.4,320,1.15
2020,10,18,10,19.4,49,1.9,110,1.82
2020,10,18,11,20.6,44,1.8,250,2.36
2020,10,18,12,21.3,34,2.7,270,2.67
2020,10,18,13,21.4,30,2.1,320,2.60
2020,10,18,14,21.4,44,1.7,110,1.91
2020,10,18,15,21.2,50,3.3,90,1.93
2020,10,18,16,20.2,54,2.8,90,1.43
2020,10,18,17,18.4,59,2.4,90,0.60
2020,10,18,18,17.3,60,1.5,110,0.08
2020,10,19,8,14.9,48,0.8,250,0.50
2020,10,19,9,18.5,44,1.6,110,1.24
2020,10,19,10,20.7,36,2.4,70,1.93
2020,10,19,11,21.7,36,3.1,140,2.37
2020,10,19,12,21.6,37,3.1,90,2.64
2020,10,19,13,22.3,32,3.1,90,2.49
2020,10,19,14,22.3,46,3.6,90,2.45
2020,10,19,15,22.0,47,2.9,70,1.98
2020,10,19,16,20.9,50,2.6,70,1.24
2020,10,19,17,19.8,52,2.7,70,0.67
2020,10,19,18,18.0,58,3.2,50,0.11
2020,10,20,8,16.1,67,0.2,0,0.42
2020,10,20,9,19.6,58,2.2,50,1.15
2020,10,20,10,21.7,55,2.0,70,1.79
2020,10,20,11,22.0,47,2.4,90,2.28
2020,10,20,12,22.4,49,3.6,90,2.63
2020,10,20,13,21.9,53,3.5,90,2.71
2020,10,20,14,22.1,54,3.5,90,2.53
2020,10,20,15,21.5,55,3.5,90,1.94
2020,10,20,16,20.6,55,3.3,90,1.38
2020,10,20,17,19.4,56,3.5,70,0.67
2020,10,20,18,17.7,59,3.2,70,0.09
2020,10,21,8,17.2,65,0.4,0,0.34
2020,10,21,9,19.1,61,2.4,50,0.80
2020,10,21,10,20.3,61,1.3,70,1.13
2020,10,21,11,21.1,60,1.7,90,1.40
2020,10,21,12,21.6,55,1.7,140,1.63
2020,10,21,13,20.3,57,2.4,180,1.01
2020,10,21,14,20.1,60,2.2,200,0.54
2020,10,21,15,19.5,59,2.0,270,0.35
2020,10,21,16,18.9,67,1.4,20,0.12
2020,10,21,17,17.6,76,2.1,50,0.07
2020,10,21,18,16.8,80,2.3,320,0.01
2020,10,22,8,15.0,96,0.8,340,0.13
2020,10,22,9,14.6,96,4.1,320,0.20
2020,10,22,10,15.6,92,1.3,320,0.38
2020,10,22,11,15.4,92,2.8,320,0.47
2020,10,22,12,16.1,85,3.7,320,0.74
2020,10,22,13,16.2,81,2.1,320,0.52
2020,10,22,14,16.3,78,1.0,250,0.34
2020,10,22,15,16.8,75,1.6,320,0.34
2020,10,22,16,17.2,69,1.7,270,0.43
2020,10,22,17,16.8,72,1.6,290,0.16
2020,10,22,18,16.3,75,0.6,320,0.02
2020,10,23,8,10.3,54,3.5,340,0.48
2020,10,23,9,11.9,48,2.9,320,1.21
2020,10,23,10,13.1,42,3.5,290,1.87
2020,10,23,11,14.3,37,3.3,270,2.33
2020,10,23,12,16.3,33,2.8,90,2.67
2020,10,23,13,16.8,31,3.5,250,2.74
2020,10,23,14,17.8,32,3.4,270,2.54
2020,10,23,15,17.3,26,3.7,290,2.10
2020,10,23,16,17.5,27,3.6,270,1.47
2020,10,23,17,16.8,29,2.1,270,0.75
2020,10,23,18,14.7,33,1.8,320,0.09
2020,10,24,8,8.8,51,2.4,290,0.46
2020,10,24,9,10.2,48,3.8,270,1.18
2020,10,24,10,11.7,45,4.0,270,1.83
2020,10,24,11,13.6,40,3.2,270,2.24
2020,10,24,12,14.5,33,6.0,290,2.62
2020,10,24,13,17.0,27,2.9,250,2.70
2020,10,24,14,16.9,26,4.3,270,2.52
2020,10,24,15,17.6,24,4.5,270,2.08
2020,10,24,16,18.1,24,2.3,270,1.44
2020,10,24,17,17.1,26,3.5,270,0.72
2020,10,24,18,15.3,29,4.0,270,0.09
2020,10,25,8,11.2,58,3.0,290,0.46
2020,10,25,9,13.1,50,4.0,270,1.20
2020,10,25,10,15.2,42,3.1,270,1.85
2020,10,25,11,16.6,39,3.1,270,2.26
2020,10,25,12,17.8,35,1.8,160,2.36
2020,10,25,13,19.1,31,4.1,270,2.68
2020,10,25,14,20.2,29,2.4,320,2.47
2020,10,25,15,19.4,40,3.3,230,1.84
2020,10,25,16,18.2,49,4.6,200,1.33
2020,10,25,17,18.1,48,2.7,230,0.58
2020,10,25,18,16.7,54,2.6,250,0.05
2020,10,26,8,14.5,51,0.6,140,0.39
2020,10,26,9,17.1,48,1.1,140,1.09
2020,10,26,10,18.6,43,1.9,110,1.70
2020,10,26,11,20.1,40,1.7,110,2.12
2020,10,26,12,20.3,36,2.8,160,2.45
2020,10,26,13,20.0,40,3.1,180,2.53
2020,10,26,14,20.7,42,2.8,180,2.19
2020,10,26,15,20.0,40,3.8,200,1.89
2020,10,26,16,18.9,40,3.0,180,1.32
2020,10,26,17,18.2,45,2.5,200,0.61
2020,10,26,18,16.3,51,1.1,180,0.04
2020,10,27,8,14.7,61,1.0,110,0.36
2020,10,27,9,17.1,54,0.6,160,0.91
2020,10,27,10,18.3,49,1.4,340,1.47
2020,10,27,11,21.0,38,1.3,140,1.91
2020,10,27,12,21.8,39,2.6,200,2.32
2020,10,27,13,22.4,39,3.2,160,2.34
2020,10,27,14,21.7,42,4.0,160,2.18
2020,10,27,15,20.4,44,3.8,180,1.70
2020,10,27,16,20.1,37,3.1,180,1.15
2020,10,27,17,18.9,45,2.2,180,0.47
2020,10,27,18,17.4,49,1.6,230,0.03
2020,10,28,8,15.8,56,1.8,110,0.06
2020,10,28,9,16.1,52,0.9,290,0.23
2020,10,28,10,16.9,51,3.3,320,0.65
2020,10,28,11,18.1,45,2.5,290,1.10
2020,10,28,12,17.8,44,2.0,230,0.77
2020,10,28,13,18.6,44,2.9,290,0.93
2020,10,28,14,22.0,35,2.2,270,1.92
2020,10,28,15,21.4,40,4.4,250,1.78
2020,10,28,16,20.4,40,4.0,250,1.18
2020,10,28,17,18.9,48,4.2,230,0.46
2020,10,28,18,17.6,56,3.7,270,0.04
2020,10,29,8,12.7,44,1.3,320,0.32
2020,10,29,9,15.2,42,1.3,290,0.95
2020,10,29,10,17.2,38,1.0,290,1.62
2020,10,29,11,19.6,45,1.7,50,2.03
2020,10,29,12,20.7,43,2.0,90,2.34
2020,10,29,13,21.4,42,2.8,140,2.49
2020,10,29,14,19.1,50,3.6,90,1.61
2020,10,29,15,18.2,54,3.4,110,0.92
2020,10,29,16,17.9,53,2.0,90,0.63
2020,10,29,17,17.0,57,2.4,70,0.30
2020,10,29,18,16.1,62,2.3,50,0.04
2020,10,30,8,14.2,62,2.9,70,0.34
2020,10,30,9,16.2,51,3.8,70,1.03
2020,10,30,10,18.2,49,4.1,50,1.66
2020,10,30,11,18.6,48,4.2,50,2.07
2020,10,30,12,19.2,48,3.0,70,2.09
2020,10,30,13,20.9,40,3.0,70,2.29
2020,10,30,14,20.1,42,3.5,70,2.20
2020,10,30,15,19.0,46,3.8,50,1.84
2020,10,30,16,17.5,48,3.8,70,1.22
2020,10,30,17,15.9,51,5.2,50,0.54
2020,10,30,18,14.4,57,3.8,50,0.05
2020,10,31,8,12.1,55,4.0,70,0.15
2020,10,31,9,15.6,50,3.5,50,0.97
2020,10,31,10,17.3,48,2.4,50,1.63
2020,10,31,11,18.6,44,2.1,70,1.94
2020,10,31,12,19.1,46,3.1,90,2.39
2020,10,31,13,19.2,50,3.2,110,2.28
2020,10,31,14,19.6,47,3.7,110,2.30
2020,10,31,15,19.1,50,3.0,110,1.81
2020,10,31,16,17.8,55,3.3,110,1.26
2020,10,31,17,16.2,60,2.4,90,0.43
2020,10,31,18,15.1,61,2.6,110,0.05
2020,11,1,8,14.2,64,1.1,320,0.10
2020,11,1,9,15.5,61,1.2,270,0.44
2020,11,1,10,15.1,62,3.1,320,0.63
2020,11,1,11,16.1,60,1.3,320,0.59
2020,11,1,12,18.9,46,1.5,250,1.31
2020,11,1,13,20.1,42,3.5,270,1.66
2020,11,1,14,18.5,52,4.5,270,1.65
2020,11,1,15,17.8,54,2.0,290,0.67
2020,11,1,16,16.8,59,2.4,290,0.29
2020,11,1,17,16.3,60,2.8,340,0.27
2020,11,1,18,15.5,60,3.3,320,0.04
2020,11,2,8,12.8,93,0.4,0,0.05
2020,11,2,9,13.5,80,1.3,50,0.19
2020,11,2,10,13.5,71,1.9,320,0.31
2020,11,2,11,14.3,62,1.2,290,0.56
2020,11,2,12,14.4,66,1.1,290,0.56
2020,11,2,13,14.9,52,1.2,290,0.52
2020,11,2,14,17.1,50,1.3,360,1.27
2020,11,2,15,16.8,42,0.9,340,1.22
2020,11,2,16,16.5,46,1.9,340,0.84
2020,11,2,17,15.6,52,2.2,340,0.34
2020,11,2,18,14.6,42,2.4,320,0.03
2020,11,3,8,11.0,49,2.1,320,0.30
2020,11,3,9,10.9,48,4.1,340,0.99
2020,11,3,10,11.2,33,4.3,250,1.67
2020,11,3,11,11.1,23,3.5,290,2.21
2020,11,3,12,11.4,22,4.1,270,2.55
2020,11,3,13,11.8,22,5.4,320,2.59
2020,11,3,14,13.1,25,3.2,290,2.36
2020,11,3,15,12.5,25,3.4,290,1.92
2020,11,3,16,12.9,28,3.0,250,1.28
2020,11,3,17,11.3,29,2.4,290,0.55
2020,11,3,18,9.7,34,2.0,340,0.04
2020,11,4,8,5.3,49,3.6,320,0.35
2020,11,4,9,7.2,46,2.1,110,1.07
2020,11,4,10,9.9,40,2.1,140,1.72
2020,11,4,11,10.4,28,3.0,230,2.15
2020,11,4,12,11.4,27,2.8,270,2.41
2020,11,4,13,13.1,20,3.8,290,2.54
2020,11,4,14,13.5,17,3.2,290,2.37
2020,11,4,15,14.0,16,4.5,270,1.95
2020,11,4,16,14.1,19,3.5,270,1.32
2020,11,4,17,12.5,20,5.2,270,0.58
2020,11,4,18,10.9,21,3.0,250,0.04
2020,11,5,8,8.6,32,0.5,160,0.33
2020,11,5,9,11.4,32,1.4,20,0.99
2020,11,5,10,13.5,29,1.4,50,1.48
2020,11,5,11,15.1,34,1.3,160,1.81
2020,11,5,12,14.9,41,2.4,180,1.52
2020,11,5,13,16.8,36,2.6,160,2.58
2020,11,5,14,17.1,37,2.7,180,2.12
2020,11,5,15,16.9,34,2.6,200,1.80
2020,11,5,16,14.7,35,2.3,200,0.74
2020,11,5,17,13.9,39,1.6,230,0.21
2020,11,5,18,13.5,41,2.1,200,0.01
2020,11,6,8,14.6,52,0.3,0,0.24
2020,11,6,9,18.6,46,2.0,230,1.25
2020,11,6,10,18.6,49,2.2,270,1.19
2020,11,6,11,19.9,49,4.1,250,2.02
2020,11,6,12,20.1,51,3.6,200,1.87
2020,11,6,13,21.5,50,4.3,200,1.77
2020,11,6,14,19.1,55,4.2,200,1.14
2020,11,6,15,18.7,54,3.6,230,0.73
2020,11,6,16,18.5,60,2.7,230,0.42
2020,11,6,17,18.1,59,2.8,250,0.07
2020,11,6,18,18.1,61,2.7,230,0.01
2020,11,7,8,16.3,66,2.8,290,0.08
2020,11,7,9,16.5,66,3.3,290,0.37
2020,11,7,10,18.2,61,1.2,160,0.75
2020,11,7,11,19.7,52,1.5,160,1.32
2020,11,7,12,19.9,50,2.5,320,1.30
2020,11,7,13,20.1,53,3.4,230,1.22
2020,11,7,14,21.1,52,4.8,230,2.05
2020,11,7,15,21.1,47,5.6,250,1.70
2020,11,7,16,19.8,59,4.4,200,1.08
2020,11,7,17,19.2,60,5.1,230,0.43
2020,11,7,18,17.9,65,3.9,250,0.03
2020,11,8,8,12.7,39,1.8,340,0.24
2020,11,8,9,14.7,39,2.7,340,0.92
2020,11,8,10,16.3,38,1.8,180,1.56
2020,11,8,11,16.6,33,3.1,270,1.97
2020,11,8,12,17.2,29,4.3,290,2.26
2020,11,8,13,18.2,27,3.4,290,2.34
2020,11,8,14,19.2,27,2.7,340,2.12
2020,11,8,15,18.9,30,5.3,250,1.69
2020,11,8,16,18.0,39,4.6,200,1.06
2020,11,8,17,17.3,34,3.8,250,0.42
2020,11,8,18,16.0,24,2.7,320,0.02
2020,11,9,8,5.9,27,3.7,320,0.31
2020,11,9,9,7.4,22,3.6,320,0.99
2020,11,9,10,9.9,19,2.3,50,1.65
2020,11,9,11,11.9,18,2.6,360,2.08
2020,11,9,12,12.4,16,5.4,320,2.40
2020,11,9,13,13.6,15,4.0,320,2.46
2020,11,9,14,14.9,15,2.6,320,2.26
2020,11,9,15,13.8,14,4.3,320,1.84
2020,11,9,16,13.5,17,3.0,320,1.22
2020,11,9,17,12.2,19,2.7,340,0.50
2020,11,9,18,10.4,23,2.2,320,0.02
2020,11,10,8,9.2,51,2.7,320,0.24
2020,11,10,9,11.6,48,1.3,320,0.87
2020,11,10,10,12.2,43,2.5,290,1.52
2020,11,10,11,13.0,32,3.0,270,2.00
2020,11,10,12,13.8,29,4.5,270,2.33
2020,11,10,13,14.6,25,3.8,270,2.40
2020,11,10,14,16.0,30,3.3,320,2.20
2020,11,10,15,15.1,40,2.8,90,1.73
2020,11,10,16,14.5,44,2.5,90,1.11
2020,11,10,17,13.1,48,2.6,90,0.45
2020,11,10,18,11.5,47,1.7,70,0.02
2020,11,11,8,9.9,40,0.6,160,0.24
2020,11,11,9,13.0,34,1.0,140,0.86
2020,11,11,10,15.0,30,2.1,50,1.50
2020,11,11,11,16.7,32,1.6,50,1.96
2020,11,11,12,17.7,36,1.3,140,2.22
2020,11,11,13,18.1,40,3.3,110,2.24
2020,11,11,14,18.1,41,3.1,140,2.12
2020,11,11,15,17.2,46,2.8,110,1.65
2020,11,11,16,16.7,45,1.8,70,1.05
2020,11,11,17,14.7,49,2.7,70,0.39
2020,11,11,18,13.1,58,2.4,50,0.02
2020,11,12,8,12.0,67,0.4,0,0.22
2020,11,12,9,14.9,62,1.6,110,0.84
2020,11,12,10,17.9,51,1.7,70,1.47
2020,11,12,11,18.9,48,1.8,50,1.94
2020,11,12,12,19.5,48,2.4,90,2.23
2020,11,12,13,19.8,49,2.8,110,2.31
2020,11,12,14,19.4,52,2.9,110,2.11
2020,11,12,15,19.5,51,2.0,110,1.70
2020,11,12,16,18.1,56,2.4,110,1.10
2020,11,12,17,16.6,59,1.7,160,0.43
2020,11,12,18,14.8,65,1.4,110,0.01
2020,11,13,8,12.8,59,0.5,110,0.23
2020,11,13,9,15.2,51,1.0,110,0.82
2020,11,13,10,17.9,40,0.5,110,1.40
2020,11,13,11,19.3,36,1.2,110,1.84
2020,11,13,12,21.2,29,1.6,140,2.12
2020,11,13,13,20.7,31,3.4,180,2.18
2020,11,13,14,20.9,30,2.8,180,1.95
2020,11,13,15,20.5,30,2.6,110,1.53
2020,11,13,16,19.3,32,2.1,90,0.94
2020,11,13,17,17.5,38,2.1,50,0.34
2020,11,13,18,15.8,43,2.1,50,0.01
2020,11,14,8,13.6,60,2.0,50,0.16
2020,11,14,9,16.4,58,3.7,70,0.75
2020,11,14,10,16.6,61,3.9,50,1.08
2020,11,14,11,16.7,62,2.3,50,0.55
2020,11,14,12,18.2,61,3.0,70,0.86
2020,11,14,13,20.9,50,2.5,90,1.84
2020,11,14,14,20.6,49,3.5,90,2.10
2020,11,14,15,19.7,53,3.4,90,1.70
2020,11,14,16,18.0,59,3.1,70,0.84
2020,11,14,17,16.4,60,3.6,50,0.29
2020,11,14,18,15.2,62,3.1,70,0.01
2020,11,15,8,13.1,66,2.5,290,0.12
2020,11,15,9,15.7,58,3.0,320,0.80
2020,11,15,10,17.0,54,2.3,320,1.27
2020,11,15,11,19.2,49,2.1,270,1.84
2020,11,15,12,19.0,48,1.7,270,1.97
2020,11,15,13,19.5,46,4.2,250,2.17
2020,11,15,14,20.1,45,3.7,250,2.09
2020,11,15,15,20.4,43,3.5,230,1.75
2020,11,15,16,19.4,38,3.9,250,1.08
2020,11,15,17,16.6,61,4.9,230,0.42
2020,11,15,18,15.6,69,2.5,250,0.01
2020,11,16,8,13.8,58,1.2,110,0.20
2020,11,16,9,16.8,54,1.4,140,0.78
2020,11,16,10,18.9,44,1.5,110,1.41
2020,11,16,11,20.4,43,1.8,90,1.77
2020,11,16,12,20.5,42,2.2,180,1.87
2020,11,16,13,21.7,31,2.4,110,2.24
2020,11,16,14,20.9,38,2.3,90,2.00
2020,11,16,15,20.5,42,2.9,70,1.62
2020,11,16,16,19.1,57,3.1,70,0.91
2020,11,16,17,17.5,61,3.4,70,0.36
2020,11,16,18,16.5,66,3.6,50,0.01
2020,11,17,8,16.4,69,3.5,50,0.09
2020,11,17,9,17.5,67,3.1,50,0.31
2020,11,17,10,18.5,66,1.5,50,0.64
2020,11,17,11,21.6,63,1.8,70,1.51
2020,11,17,12,20.8,66,2.5,70,1.10
2020,11,17,13,21.5,66,2.3,70,1.79
2020,11,17,14,20.9,67,2.6,90,1.35
2020,11,17,15,21.0,69,3.0,110,1.37
2020,11,17,16,20.3,70,2.4,110,0.73
2020,11,17,17,19.0,73,1.5,90,0.30
2020,11,17,18,17.8,75,1.4,90,0.01
2020,11,18,8,17.1,87,0.1,0,0.18
2020,11,18,9,19.3,78,1.1,50,0.59
2020,11,18,10,21.2,77,1.2,110,1.04
2020,11,18,11,21.0,79,1.8,230,1.21
2020,11,18,12,20.9,79,2.8,200,1.29
2020,11,18,13,21.8,75,2.0,180,1.36
2020,11,18,14,22.3,72,1.9,200,1.65
2020,11,18,15,23.2,65,3.0,200,1.37
2020,11,18,16,21.2,68,3.2,230,0.51
2020,11,18,17,20.7,68,4.3,250,0.20
2020,11,18,18,20.0,73,2.1,200,0.01
2020,11,19,8,19.5,94,6.7,200,0.04
2020,11,19,9,19.7,94,11.7,230,0.05
2020,11,19,10,19.9,93,9.3,230,0.17
2020,11,19,11,20.5,93,10.0,200,0.26
2020,11,19,12,20.2,93,11.4,200,0.29
2020,11,19,13,19.6,94,9.3,200,0.06
2020,11,19,14,20.4,93,13.7,230,0.13
2020,11,19,15,20.0,94,12.0,230,0.10
2020,11,19,16,20.2,91,6.0,200,0.06
2020,11,19,17,19.7,89,3.2,200,0.07
2020,11,19,18,20.4,82,4.1,250,0.01
2020,11,20,8,12.1,58,4.3,270,0.08
2020,11,20,9,12.6,56,1.5,250,0.46
2020,11,20,10,13.6,54,3.1,250,1.31
2020,11,20,11,14.1,53,4.0,340,1.86
2020,11,20,12,14.9,50,3.2,250,2.15
2020,11,20,13,15.2,47,4.4,320,2.17
2020,11,20,14,15.3,48,3.9,290,2.00
2020,11,20,15,15.8,47,3.9,270,1.61
2020,11,20,16,15.5,48,3.5,270,1.04
2020,11,20,17,13.7,51,3.0,290,0.39
2020,11,20,18,12.2,54,4.4,290,0.01
2020,11,21,8,8.5,64,2.9,50,0.16
2020,11,21,9,10.8,63,3.5,50,0.73
2020,11,21,10,11.4,62,3.4,50,0.69
2020,11,21,11,12.4,62,2.9,20,0.61
2020,11,21,12,12.8,61,2.9,50,0.77
2020,11,21,13,14.1,56,3.8,50,0.81
2020,11,21,14,14.1,59,4.0,50,1.04
2020,11,21,15,14.2,58,3.4,70,0.66
2020,11,21,16,13.8,61,2.9,70,0.48
2020,11,21,17,13.2,62,2.9,50,0.14
2020,11,21,18,12.4,61,2.5,50,0.00
2020,11,22,8,11.7,75,1.0,290,0.02
2020,11,22,9,10.4,75,7.4,320,0.06
2020,11,22,10,10.3,81,2.8,270,0.10
2020,11,22,11,11.1,78,4.8,320,0.31
2020,11,22,12,10.8,82,4.1,320,0.36
2020,11,22,13,11.0,79,3.3,320,0.41
2020,11,22,14,11.5,74,3.1,270,0.53
2020,11,22,15,11.5,78,1.8,140,0.35
2020,11,22,16,11.7,76,0.6,90,0.43
2020,11,22,17,11.5,76,3.2,360,0.10
2020,11,22,18,11.4,75,2.6,180,0.00
2020,11,23,8,5.0,52,2.2,290,0.16
2020,11,23,9,5.5,51,6.4,320,0.75
2020,11,23,10,6.7,45,6.9,320,1.35
2020,11,23,11,8.1,42,5.3,320,1.84
2020,11,23,12,10.2,41,4.3,320,2.11
2020,11,23,13,10.8,39,4.6,320,2.18
2020,11,23,14,11.9,37,3.6,320,2.01
2020,11,23,15,12.4,31,4.2,290,1.62
2020,11,23,16,12.0,31,3.3,290,1.06
2020,11,23,17,10.3,35,2.9,270,0.38
2020,11,23,18,9.4,37,2.9,320,0.01
2020,11,24,8,6.2,41,0.4,0,0.02
2020,11,24,9,6.9,45,0.7,290,0.21
2020,11,24,10,9.6,40,0.8,230,0.74
2020,11,24,11,12.7,38,2.1,50,1.27
2020,11,24,12,14.8,36,1.1,110,1.92
2020,11,24,13,16.1,36,2.0,140,2.10
2020,11,24,14,15.8,37,2.6,180,1.92
2020,11,24,15,15.6,36,2.2,200,1.53
2020,11,24,16,14.8,27,2.3,270,1.01
2020,11,24,17,12.8,35,1.5,290,0.37
2020,11,24,18,11.2,39,2.0,290,0.01
2020,11,25,8,8.3,53,2.8,320,0.10
2020,11,25,9,7.3,52,4.5,250,0.44
2020,11,25,10,10.6,32,4.4,320,1.24
2020,11,25,11,12.1,29,4.5,340,1.82
2020,11,25,12,14.7,26,2.8,140,2.09
2020,11,25,13,14.1,27,2.8,270,2.16
2020,11,25,14,14.2,25,4.5,270,2.01
2020,11,25,15,14.8,26,2.0,270,1.60
2020,11,25,16,14.7,27,1.5,200,1.02
2020,11,25,17,12.9,28,1.9,360,0.35
2020,11,25,18,11.7,28,4.1,320,0.01
2020,11,26,8,7.4,54,3.0,320,0.03
2020,11,26,9,8.3,53,1.8,320,0.26
2020,11,26,10,9.0,49,2.2,320,0.42
2020,11,26,11,9.6,46,1.6,50,0.40
2020,11,26,12,12.4,38,2.2,50,1.18
2020,11,26,13,11.9,40,2.0,50,0.66
2020,11,26,14,14.9,35,1.3,90,1.65
2020,11,26,15,15.0,40,2.6,110,1.47
2020,11,26,16,14.1,47,2.4,110,0.92
2020,11,26,17,12.8,49,1.0,320,0.30
2020,11,26,18,11.0,52,1.2,360,0.00
2020,11,27,8,9.1,71,2.2,320,0.03
2020,11,27,9,9.5,69,2.3,320,0.24
2020,11,27,10,10.0,67,4.4,290,0.61
2020,11,27,11,11.9,60,3.1,250,1.40
2020,11,27,12,13.3,42,3.2,270,1.87
2020,11,27,13,13.2,37,3.5,270,2.04
2020,11,27,14,13.0,38,4.4,270,1.71
2020,11,27,15,13.0,41,2.8,270,0.98
2020,11,27,16,12.3,41,5.7,270,0.88
2020,11,27,17,11.3,41,6.9,270,0.26
2020,11,27,18,10.2,43,3.3,270,0.01
2020,11,28,8,2.8,51,3.1,360,0.08
2020,11,28,9,4.0,49,2.6,140,0.42
2020,11,28,10,6.2,45,3.8,140,1.19
2020,11,28,11,6.7,42,3.5,140,1.76
2020,11,28,12,7.7,39,3.4,270,1.88
2020,11,28,13,7.8,35,5.7,290,1.91
2020,11,28,14,8.6,31,3.0,160,1.74
2020,11,28,15,9.1,24,2.5,270,1.35
2020,11,28,16,7.8,28,2.6,270,0.72
2020,11,28,17,6.5,25,1.4,140,0.22
2020,11,28,18,5.9,23,2.2,360,0.00
2020,11,29,8,2.4,52,2.8,320,0.12
2020,11,29,9,4.1,49,2.8,200,0.70
2020,11,29,10,5.3,45,2.4,70,1.32
2020,11,29,11,8.1,41,3.9,110,1.80
2020,11,29,12,6.4,42,6.2,270,2.09
2020,11,29,13,8.3,42,2.9,270,2.14
2020,11,29,14,8.4,39,4.6,270,1.95
2020,11,29,15,9.3,38,4.4,270,1.58
2020,11,29,16,9.1,40,3.1,290,1.00
2020,11,29,17,8.0,41,3.1,270,0.33
2020,11,29,18,7.3,42,3.1,270,0.01
2020,11,30,8,2.8,50,2.5,180,0.11
2020,11,30,9,4.4,43,2.9,20,0.68
2020,11,30,10,7.0,40,2.1,110,1.33
2020,11,30,11,7.8,36,1.8,200,1.76
2020,11,30,12,9.4,30,1.8,160,2.10
2020,11,30,13,10.0,28,3.0,160,2.17
2020,11,30,14,10.8,26,2.2,140,2.00
2020,11,30,15,9.8,27,2.5,270,1.60
2020,11,30,16,9.4,28,2.5,270,1.03
2020,11,30,17,7.7,32,2.5,320,0.35
2020,11,30,18,6.5,35,1.0,20,0.01
2020,12,1,8,1.7,47,1.3,290,0.11
2020,12,1,9,5.0,41,0.9,140,0.64
2020,12,1,10,7.8,38,0.9,140,1.25
2020,12,1,11,10.6,39,1.8,50,1.69
2020,12,1,12,11.5,42,2.7,50,1.98
2020,12,1,13,12.6,36,1.1,90,2.03
2020,12,1,14,12.0,36,3.1,290,1.86
2020,12,1,15,12.4,37,2.0,200,1.43
2020,12,1,16,11.0,47,1.6,70,0.66
2020,12,1,17,9.1,39,1.9,320,0.30
2020,12,1,18,8.0,44,1.4,320,0.00
2020,12,2,8,6.1,53,2.1,340,0.04
2020,12,2,9,9.2,47,2.0,70,0.62
2020,12,2,10,11.4,43,2.5,50,1.22
2020,12,2,11,9.1,45,3.2,320,1.48
2020,12,2,12,10.9,41,2.9,20,1.13
2020,12,2,13,14.1,36,2.1,50,1.87
2020,12,2,14,11.9,38,1.7,290,1.02
2020,12,2,15,10.1,33,4.6,320,0.35
2020,12,2,16,10.3,33,3.8,320,0.43
2020,12,2,17,9.6,32,1.3,290,0.22
2020,12,2,18,9.0,30,3.1,340,0.00
2020,12,3,8,4.2,40,2.3,290,0.09
2020,12,3,9,5.1,39,4.9,320,0.58
2020,12,3,10,7.0,36,3.0,340,1.15
2020,12,3,11,8.5,34,2.2,320,1.64
2020,12,3,12,10.4,33,1.8,140,1.93
2020,12,3,13,11.0,31,3.4,180,2.03
2020,12,3,14,11.2,29,3.4,340,1.92
2020,12,3,15,10.4,27,3.2,360,1.55
2020,12,3,16,10.0,28,2.8,320,1.00
2020,12,3,17,8.2,32,1.9,290,0.32
2020,12,3,18,7.1,34,2.0,290,0.01
2020,12,4,8,0.9,42,4.4,290,0.09
2020,12,4,9,2.4,39,2.8,290,0.64
2020,12,4,10,3.5,35,5.2,320,1.25
2020,12,4,11,4.7,31,5.9,320,1.76
2020,12,4,12,6.3,28,4.9,320,2.05
2020,12,4,13,8.1,26,2.5,290,2.10
2020,12,4,14,9.0,24,2.6,290,1.94
2020,12,4,15,9.0,18,3.5,270,1.49
2020,12,4,16,8.6,21,3.6,270,1.14
2020,12,4,17,7.0,23,1.3,360,0.29
2020,12,4,18,6.5,20,2.6,290,0.00
2020,12,5,8,2.5,49,2.1,320,0.09
2020,12,5,9,3.7,49,2.5,270,0.63
2020,12,5,10,6.3,45,1.8,270,1.22
2020,12,5,11,7.8,43,2.4,230,1.72
2020,12,5,12,9.2,37,2.6,290,2.00
2020,12,5,13,10.1,35,3.4,290,2.09
2020,12,5,14,10.2,33,4.7,290,1.94
2020,12,5,15,10.0,33,3.9,270,1.53
2020,12,5,16,10.2,34,3.2,270,0.97
2020,12,5,17,8.4,39,1.7,320,0.31
2020,12,5,18,7.3,42,2.8,320,0.01
2020,12,6,8,4.7,52,4.2,340,0.08
2020,12,6,9,6.4,48,2.2,360,0.62
2020,12,6,10,7.7,46,2.7,360,1.24
2020,12,6,11,9.8,41,1.8,270,1.72
2020,12,6,12,10.0,41,2.5,290,2.01
2020,12,6,13,10.3,39,3.4,270,2.05
2020,12,6,14,11.3,37,2.1,290,1.88
2020,12,6,15,11.9,36,2.1,320,1.51
2020,12,6,16,11.1,37,2.1,290,0.96
2020,12,6,17,9.3,41,2.4,290,0.32
2020,12,6,18,8.4,44,2.4,320,0.01
2020,12,7,8,6.8,47,2.9,320,0.05
2020,12,7,9,7.7,47,2.2,290,0.47
2020,12,7,10,8.2,48,2.0,340,0.74
2020,12,7,11,8.8,47,2.1,270,0.45
2020,12,7,12,10.1,43,1.6,290,1.06
2020,12,7,13,10.0,44,2.5,270,0.91
2020,12,7,14,10.7,44,2.7,250,1.06
2020,12,7,15,10.9,46,3.6,270,1.00
2020,12,7,16,11.0,47,2.9,230,0.70
2020,12,7,17,9.8,51,3.0,250,0.28
2020,12,7,18,8.7,53,2.5,270,0.00
2020,12,8,8,2.2,51,2.5,320,0.07
2020,12,8,9,2.8,51,2.6,320,0.41
2020,12,8,10,4.8,46,3.3,290,1.10
2020,12,8,11,5.0,45,2.5,340,1.06
2020,12,8,12,6.4,40,4.2,270,1.95
2020,12,8,13,7.0,38,4.3,290,2.01
2020,12,8,14,7.4,38,3.9,290,1.87
2020,12,8,15,8.3,35,3.0,320,1.52
2020,12,8,16,7.8,34,2.3,290,0.97
2020,12,8,17,6.1,34,3.7,270,0.33
2020,12,8,18,5.2,34,3.2,320,0.01
2020,12,9,8,2.4,33,0.9,20,0.07
2020,12,9,9,5.5,31,0.6,140,0.58
2020,12,9,10,8.2,37,1.3,140,1.18
2020,12,9,11,9.1,24,1.5,230,1.65
2020,12,9,12,10.2,22,1.4,230,1.95
2020,12,9,13,12.2,17,2.2,140,2.02
2020,12,9,14,11.4,26,2.9,200,1.85
2020,12,9,15,11.4,28,2.8,180,1.45
2020,12,9,16,10.4,26,3.0,200,0.93
2020,12,9,17,9.0,25,2.3,200,0.32
2020,12,9,18,7.3,20,1.7,290,0.00
2020,12,10,8,5.9,26,1.2,20,0.00
2020,12,10,9,6.2,25,0.5,250,0.05
2020,12,10,10,6.8,26,2.8,290,0.15
2020,12,10,11,7.3,32,2.7,290,0.20
2020,12,10,12,6.9,40,5.2,320,0.27
2020,12,10,13,7.7,42,3.1,320,0.42
2020,12,10,14,9.0,41,1.5,320,0.47
2020,12,10,15,10.0,41,2.1,320,0.85
2020,12,10,16,11.8,32,0.9,70,0.91
2020,12,10,17,9.2,45,2.1,320,0.18
2020,12,10,18,8.3,46,1.3,290,0.00
2020,12,11,8,7.2,58,2.4,320,0.07
2020,12,11,9,8.0,56,2.3,270,0.36
2020,12,11,10,9.6,53,1.5,270,0.79
2020,12,11,11,11.9,49,1.7,320,1.32
2020,12,11,12,12.0,46,3.3,270,1.86
2020,12,11,13,13.2,40,2.3,290,1.94
2020,12,11,14,13.2,40,2.8,360,1.76
2020,12,11,15,12.9,41,3.0,270,1.41
2020,12,11,16,11.7,43,3.8,270,0.76
2020,12,11,17,11.2,43,2.3,270,0.15
2020,12,11,18,10.6,46,2.6,250,0.00
2020,12,12,8,6.5,58,2.7,290,0.03
2020,12,12,9,7.3,55,2.1,290,0.32
2020,12,12,10,9.3,42,2.4,320,1.08
2020,12,12,11,8.1,38,3.8,270,1.31
2020,12,12,12,9.3,30,3.6,250,1.89
2020,12,12,13,9.9,28,2.7,230,1.99
2020,12,12,14,10.3,27,4.2,270,1.86
2020,12,12,15,10.6,25,2.7,290,1.49
2020,12,12,16,10.3,24,3.9,320,0.97
2020,12,12,17,8.3,24,2.9,320,0.32
2020,12,12,18,7.4,24,3.2,320,0.01
2020,12,13,8,3.4,35,1.6,160,0.03
2020,12,13,9,4.9,35,0.5,270,0.33
2020,12,13,10,8.1,35,0.4,0,0.82
2020,12,13,11,8.9,35,1.8,230,1.28
2020,12,13,12,9.2,35,4.4,230,1.38
2020,12,13,13,9.6,38,4.7,200,1.48
2020,12,13,14,11.0,39,4.3,230,1.40
2020,12,13,15,10.3,43,6.5,200,1.16
2020,12,13,16,10.6,48,7.8,250,0.82
2020,12,13,17,10.1,52,5.9,250,0.28
2020,12,13,18,9.9,53,6.5,250,0.01
2020,12,14,8,-1.8,26,3.9,320,0.01
2020,12,14,9,-1.2,23,3.9,340,0.37
2020,12,14,10,-1.0,23,3.4,290,1.12
2020,12,14,11,-0.3,22,3.6,340,1.28
2020,12,14,12,0.3,21,2.5,270,1.34
2020,12,14,13,0.9,19,2.8,290,1.44
2020,12,14,14,1.1,15,3.2,270,1.57
2020,12,14,15,0.9,16,3.8,250,1.56
2020,12,14,16,0.7,18,4.0,320,0.75
2020,12,14,17,-0.4,19,3.0,270,0.26
2020,12,14,18,-1.1,21,2.9,290,0.01
2020,12,15,8,-5.1,43,1.6,110,0.06
2020,12,15,9,-3.9,36,3.5,340,0.56
2020,12,15,10,-2.0,27,2.9,70,1.19
2020,12,15,11,-1.8,21,3.7,270,1.71
2020,12,15,12,-0.7,19,3.1,140,2.04
2020,12,15,13,-0.5,20,3.5,320,2.13
2020,12,15,14,-0.3,20,3.9,290,1.99
2020,12,15,15,1.2,17,2.6,250,1.62
2020,12,15,16,0.8,16,2.6,320,1.07
2020,12,15,17,-0.7,18,2.3,270,0.38
2020,12,15,18,-1.5,19,2.1,290,0.00
2020,12,16,8,-4.3,51,2.4,340,0.05
2020,12,16,9,-2.7,47,2.1,110,0.55
2020,12,16,10,-1.6,43,3.0,230,1.18
2020,12,16,11,0.1,40,2.3,180,1.68
2020,12,16,12,0.0,36,3.6,290,2.00
2020,12,16,13,0.1,34,5.4,290,2.10
2020,12,16,14,1.3,28,4.9,270,1.97
2020,12,16,15,1.8,26,3.3,290,1.61
2020,12,16,16,1.9,24,3.7,270,1.07
2020,12,16,17,0.1,25,3.8,290,0.37
2020,12,16,18,-0.7,26,3.3,270,0.01
2020,12,17,8,-4.3,45,2.5,50,0.05
2020,12,17,9,-1.8,43,2.6,140,0.57
2020,12,17,10,-0.1,43,2.2,140,1.19
2020,12,17,11,0.7,41,2.8,230,1.68
2020,12,17,12,1.2,38,4.6,270,2.00
2020,12,17,13,2.9,33,3.2,270,2.09
2020,12,17,14,3.5,30,2.9,250,1.95
2020,12,17,15,4.0,27,3.8,250,1.60
2020,12,17,16,4.0,28,4.8,270,1.06
2020,12,17,17,2.8,31,1.3,110,0.37
2020,12,17,18,1.8,33,1.2,290,0.01
2020,12,18,8,0.1,49,2.1,290,0.02
2020,12,18,9,1.4,52,3.5,250,0.28
2020,12,18,10,3.1,53,3.2,230,0.83
2020,12,18,11,4.3,49,5.0,250,1.46
2020,12,18,12,6.2,47,4.0,250,1.71
2020,12,18,13,6.6,43,5.7,230,1.78
2020,12,18,14,7.7,44,4.9,250,1.81
2020,12,18,15,6.6,45,5.1,250,1.02
2020,12,18,16,6.8,43,3.4,230,0.61
2020,12,18,17,6.3,47,2.7,250,0.31
2020,12,18,18,5.8,45,4.5,270,0.01
2020,12,19,8,-1.1,38,4.6,320,0.04
2020,12,19,9,-0.4,33,5.1,290,0.59
2020,12,19,10,1.9,22,3.0,110,1.17
2020,12,19,11,2.2,16,5.2,20,1.72
2020,12,19,12,2.8,13,4.7,320,2.08
2020,12,19,13,4.5,9,4.2,290,2.15
2020,12,19,14,4.9,8,4.6,360,2.02
2020,12,19,15,5.1,7,2.3,70,1.66
2020,12,19,16,3.8,7,3.2,290,1.12
2020,12,19,17,1.9,10,5.5,320,0.39
2020,12,19,18,1.0,12,4.9,320,0.01
2020,12,20,8,-0.6,47,2.5,110,0.04
2020,12,20,9,0.8,40,2.9,50,0.57
2020,12,20,10,3.1,31,3.3,160,1.25
2020,12,20,11,4.3,26,2.5,140,1.68
2020,12,20,12,6.0,22,1.9,180,1.99
2020,12,20,13,5.9,20,3.7,360,2.08
2020,12,20,14,6.5,23,2.8,90,1.93
2020,12,20,15,5.9,24,4.5,250,1.57
2020,12,20,16,5.8,25,2.7,250,1.05
2020,12,20,17,4.1,29,2.2,360,0.38
2020,12,20,18,2.9,32,1.8,340,0.01
2020,12,21,8,-0.2,51,2.0,180,0.04
2020,12,21,9,1.3,48,0.7,270,0.48
2020,12,21,10,2.5,47,1.9,230,1.04
2020,12,21,11,3.9,46,3.9,270,1.54
2020,12,21,12,4.6,45,4.6,250,1.59
2020,12,21,13,6.4,42,2.4,270,1.98
2020,12,21,14,6.2,43,4.2,270,1.82
2020,12,21,15,6.3,42,4.1,270,1.49
2020,12,21,16,6.3,41,2.1,230,0.97
2020,12,21,17,5.0,44,2.3,250,0.32
2020,12,21,18,4.2,45,2.3,270,0.01
2020,12,22,8,1.4,61,2.2,320,0.03
2020,12,22,9,3.9,55,0.9,180,0.46
2020,12,22,10,5.4,47,2.8,230,1.01
2020,12,22,11,6.8,43,2.8,230,1.46
2020,12,22,12,7.4,43,3.8,230,1.74
2020,12,22,13,8.3,45,3.8,200,1.82
2020,12,22,14,7.6,42,5.5,250,1.67
2020,12,22,15,7.6,43,4.3,230,1.29
2020,12,22,16,7.5,48,5.0,230,0.78
2020,12,22,17,6.6,53,5.2,250,0.26
2020,12,22,18,6.3,54,4.9,270,0.01
2020,12,23,8,3.5,58,3.5,320,0.05
2020,12,23,9,5.1,56,1.8,90,0.45
2020,12,23,10,5.7,53,2.2,270,0.71
2020,12,23,11,7.9,50,2.6,340,1.28
2020,12,23,12,8.6,46,3.0,270,1.39
2020,12,23,13,7.9,48,3.5,250,1.26
2020,12,23,14,7.8,51,4.0,230,0.96
2020,12,23,15,7.7,50,5.5,250,0.71
2020,12,23,16,8.1,50,3.3,250,0.58
2020,12,23,17,7.5,52,3.2,270,0.34
2020,12,23,18,7.1,56,2.4,250,0.01
2020,12,24,8,7.4,55,1.8,140,0.00
2020,12,24,9,8.2,54,1.8,110,0.15
2020,12,24,10,9.0,52,2.3,230,0.47
2020,12,24,11,9.6,51,2.6,160,0.79
2020,12,24,12,10.6,48,4.5,270,1.63
2020,12,24,13,12.3,40,2.4,160,1.93
2020,12,24,14,13.0,36,2.5,360,1.81
2020,12,24,15,13.1,32,2.3,290,1.37
2020,12,24,16,12.7,29,2.7,290,0.87
2020,12,24,17,10.7,19,5.3,250,0.34
2020,12,24,18,9.7,19,5.5,270,0.02
2020,12,25,8,1.5,45,2.9,270,0.03
2020,12,25,9,2.7,44,2.2,270,0.49
2020,12,25,10,3.9,43,1.5,180,1.09
2020,12,25,11,4.8,42,2.7,290,1.59
2020,12,25,12,5.0,39,3.3,320,1.92
2020,12,25,13,5.8,36,5.3,250,2.03
2020,12,25,14,6.0,30,4.4,270,1.95
2020,12,25,15,7.3,31,2.6,270,1.61
2020,12,25,16,7.2,30,3.1,270,1.04
2020,12,25,17,5.5,33,2.9,250,0.39
2020,12,25,18,4.9,31,2.1,250,0.01
2020,12,26,8,2.4,44,1.9,180,0.03
2020,12,26,9,4.2,41,2.6,250,0.52
2020,12,26,10,6.7,41,2.1,140,1.07
2020,12,26,11,6.9,40,2.4,230,1.60
2020,12,26,12,8.5,34,2.2,270,1.93
2020,12,26,13,9.8,33,1.8,250,1.99
2020,12,26,14,10.3,30,2.5,230,1.85
2020,12,26,15,9.6,33,3.9,200,1.52
2020,12,26,16,9.0,38,3.7,230,0.98
2020,12,26,17,7.6,42,2.3,230,0.35
2020,12,26,18,6.6,49,2.5,250,0.01
2020,12,27,8,4.9,51,1.7,360,0.02
2020,12,27,9,6.0,50,1.6,20,6.00
2020,12,27,10,9.0,43,1.0,50,0.75
2020,12,27,11,10.5,41,1.4,110,1.03
2020,12,27,12,10.0,43,1.0,50,0.74
2020,12,27,13,11.1,41,1.0,50,0.92
2020,12,27,14,10.5,35,1.7,20,0.73
2020,12,27,15,9.8,43,0.7,340,6.00
2020,12,27,16,8.8,49,2.4,70,0.17
2020,12,27,17,6.8,73,2.6,50,0.04
2020,12,27,18,6.0,82,1.9,50,0.00
2020,12,28,8,4.5,84,1.2,110,0.03
2020,12,28,9,7.5,78,0.9,90,0.45
2020,12,28,10,9.9,59,2.7,290,1.08
2020,12,28,11,10.3,56,3.5,320,1.59
2020,12,28,12,10.8,55,3.8,320,1.94
2020,12,28,13,12.1,53,3.5,320,2.04
2020,12,28,14,13.4,51,2.0,290,1.90
2020,12,28,15,14.8,44,1.5,90,1.55
2020,12,28,16,13.9,45,2.5,180,1.00
2020,12,28,17,11.8,47,2.0,200,0.38
2020,12,28,18,10.0,58,0.6,230,0.01
2020,12,29,8,9.1,65,3.0,320,0.02
2020,12,29,9,8.2,71,1.9,50,0.28
2020,12,29,10,11.0,66,0.2,0,0.82
2020,12,29,11,10.8,63,3.9,320,1.16
2020,12,29,12,13.3,55,3.0,270,1.58
2020,12,29,13,14.2,51,3.8,270,2.01
2020,12,29,14,13.5,54,3.7,250,1.53
2020,12,29,15,12.4,55,2.5,250,0.29
2020,12,29,16,12.1,56,2.2,250,0.31
2020,12,29,17,11.7,55,1.9,320,0.04
2020,12,29,18,9.8,72,3.1,320,0.00
2020,12,30,8,-3.2,56,5.0,270,0.02
2020,12,30,9,-3.8,45,6.9,270,0.30
2020,12,30,10,-3.3,40,6.8,290,1.15
2020,12,30,11,-3.0,35,6.3,320,1.71
2020,12,30,12,-2.8,27,7.1,290,2.08
2020,12,30,13,-2.0,28,5.4,290,2.19
2020,12,30,14,-1.7,26,5.0,270,2.08
2020,12,30,15,-1.7,27,5.7,290,1.72
2020,12,30,16,-2.3,31,5.1,270,0.92
2020,12,30,17,-3.2,28,6.4,290,0.40
2020,12,30,18,-4.0,33,7.1,290,0.02
2020,12,31,8,-7.4,34,4.2,270,0.04
2020,12,31,9,-6.2,34,3.8,250,0.51
2020,12,31,10,-5.3,29,4.8,270,1.17
2020,12,31,11,-4.2,35,5.7,270,1.70
2020,12,31,12,-2.4,37,4.9,270,2.06
2020,12,31,13,-0.7,37,3.9,250,2.17
2020,12,31,14,0.1,37,6.3,270,2.07
2020,12,31,15,1.2,35,5.9,270,1.71
2020,12,31,16,1.6,34,3.6,290,1.14
2020,12,31,17,1.2,38,3.8,250,0.48
2020,12,31,18,0.9,40,3.8,270,0.02
